Participant,Stimulus,condition,parallel,semantic,RT
P01,ma-ma.01.rtf,ma-ma,2,1,50
P02,ma-ma.01.rtf,ma-ma,2,1,0
P03,ma-ma.01.rtf,ma-ma,2,1,53
P04,ma-ma.01.rtf,ma-ma,2,1,0
P05,ma-ma.01.rtf,ma-ma,2,1,0
P06,ma-ma.01.rtf,ma-ma,2,1,0
P07,ma-ma.01.rtf,ma-ma,2,1,0
P08,ma-ma.01.rtf,ma-ma,2,1,0
P09,ma-ma.01.rtf,ma-ma,2,1,0
P10,ma-ma.01.rtf,ma-ma,2,1,0
P11,ma-ma.01.rtf,ma-ma,2,1,0
P12,ma-ma.01.rtf,ma-ma,2,1,0
P13,ma-ma.01.rtf,ma-ma,2,1,0
P14,ma-ma.01.rtf,ma-ma,2,1,0
P15,ma-ma.01.rtf,ma-ma,2,1,0
P16,ma-ma.01.rtf,ma-ma,2,1,0
P17,ma-ma.01.rtf,ma-ma,2,1,0
P18,ma-ma.01.rtf,ma-ma,2,1,0
P19,ma-ma.01.rtf,ma-ma,2,1,0
P20,ma-ma.01.rtf,ma-ma,2,1,0
P21,ma-ma.01.rtf,ma-ma,2,1,0
P22,ma-ma.01.rtf,ma-ma,2,1,0
P23,ma-ma.01.rtf,ma-ma,2,1,0
P24,ma-ma.01.rtf,ma-ma,2,1,0
P25,ma-ma.01.rtf,ma-ma,2,1,0
P26,ma-ma.01.rtf,ma-ma,2,1,0
P27,ma-ma.01.rtf,ma-ma,2,1,0
P28,ma-ma.01.rtf,ma-ma,2,1,0
P29,ma-ma.01.rtf,ma-ma,2,1,0
P30,ma-ma.01.rtf,ma-ma,2,1,0
P31,ma-ma.01.rtf,ma-ma,2,1,0
P32,ma-ma.01.rtf,ma-ma,2,1,0
P33,ma-ma.01.rtf,ma-ma,2,1,0
P34,ma-ma.01.rtf,ma-ma,2,1,0
P35,ma-ma.01.rtf,ma-ma,2,1,0
P36,ma-ma.01.rtf,ma-ma,2,1,0
P37,ma-ma.01.rtf,ma-ma,2,1,0
P01,ma-ma.02.rtf,ma-ma,2,1,0
P02,ma-ma.02.rtf,ma-ma,2,1,0
P03,ma-ma.02.rtf,ma-ma,2,1,0
P04,ma-ma.02.rtf,ma-ma,2,1,0
P05,ma-ma.02.rtf,ma-ma,2,1,88
P06,ma-ma.02.rtf,ma-ma,2,1,132
P07,ma-ma.02.rtf,ma-ma,2,1,0
P08,ma-ma.02.rtf,ma-ma,2,1,0
P09,ma-ma.02.rtf,ma-ma,2,1,0
P10,ma-ma.02.rtf,ma-ma,2,1,0
P11,ma-ma.02.rtf,ma-ma,2,1,132
P12,ma-ma.02.rtf,ma-ma,2,1,0
P13,ma-ma.02.rtf,ma-ma,2,1,0
P14,ma-ma.02.rtf,ma-ma,2,1,0
P15,ma-ma.02.rtf,ma-ma,2,1,0
P16,ma-ma.02.rtf,ma-ma,2,1,352
P17,ma-ma.02.rtf,ma-ma,2,1,0
P18,ma-ma.02.rtf,ma-ma,2,1,0
P19,ma-ma.02.rtf,ma-ma,2,1,0
P20,ma-ma.02.rtf,ma-ma,2,1,210
P21,ma-ma.02.rtf,ma-ma,2,1,78
P22,ma-ma.02.rtf,ma-ma,2,1,0
P23,ma-ma.02.rtf,ma-ma,2,1,0
P24,ma-ma.02.rtf,ma-ma,2,1,146
P25,ma-ma.02.rtf,ma-ma,2,1,0
P26,ma-ma.02.rtf,ma-ma,2,1,0
P27,ma-ma.02.rtf,ma-ma,2,1,83
P28,ma-ma.02.rtf,ma-ma,2,1,0
P29,ma-ma.02.rtf,ma-ma,2,1,0
P30,ma-ma.02.rtf,ma-ma,2,1,0
P31,ma-ma.02.rtf,ma-ma,2,1,0
P32,ma-ma.02.rtf,ma-ma,2,1,0
P33,ma-ma.02.rtf,ma-ma,2,1,0
P34,ma-ma.02.rtf,ma-ma,2,1,0
P35,ma-ma.02.rtf,ma-ma,2,1,0
P36,ma-ma.02.rtf,ma-ma,2,1,0
P37,ma-ma.02.rtf,ma-ma,2,1,0
P01,ma-ma.03.rtf,ma-ma,2,1,0
P02,ma-ma.03.rtf,ma-ma,2,1,0
P03,ma-ma.03.rtf,ma-ma,2,1,0
P04,ma-ma.03.rtf,ma-ma,2,1,0
P05,ma-ma.03.rtf,ma-ma,2,1,0
P06,ma-ma.03.rtf,ma-ma,2,1,0
P07,ma-ma.03.rtf,ma-ma,2,1,0
P08,ma-ma.03.rtf,ma-ma,2,1,0
P09,ma-ma.03.rtf,ma-ma,2,1,0
P10,ma-ma.03.rtf,ma-ma,2,1,0
P11,ma-ma.03.rtf,ma-ma,2,1,0
P12,ma-ma.03.rtf,ma-ma,2,1,0
P13,ma-ma.03.rtf,ma-ma,2,1,0
P14,ma-ma.03.rtf,ma-ma,2,1,405
P15,ma-ma.03.rtf,ma-ma,2,1,151
P16,ma-ma.03.rtf,ma-ma,2,1,0
P17,ma-ma.03.rtf,ma-ma,2,1,0
P18,ma-ma.03.rtf,ma-ma,2,1,0
P19,ma-ma.03.rtf,ma-ma,2,1,0
P20,ma-ma.03.rtf,ma-ma,2,1,230
P21,ma-ma.03.rtf,ma-ma,2,1,0
P22,ma-ma.03.rtf,ma-ma,2,1,0
P23,ma-ma.03.rtf,ma-ma,2,1,0
P24,ma-ma.03.rtf,ma-ma,2,1,271
P25,ma-ma.03.rtf,ma-ma,2,1,0
P26,ma-ma.03.rtf,ma-ma,2,1,0
P27,ma-ma.03.rtf,ma-ma,2,1,180
P28,ma-ma.03.rtf,ma-ma,2,1,98
P29,ma-ma.03.rtf,ma-ma,2,1,0
P30,ma-ma.03.rtf,ma-ma,2,1,0
P31,ma-ma.03.rtf,ma-ma,2,1,0
P32,ma-ma.03.rtf,ma-ma,2,1,0
P33,ma-ma.03.rtf,ma-ma,2,1,106
P34,ma-ma.03.rtf,ma-ma,2,1,0
P35,ma-ma.03.rtf,ma-ma,2,1,0
P36,ma-ma.03.rtf,ma-ma,2,1,0
P37,ma-ma.03.rtf,ma-ma,2,1,0
P01,ma-ma.04.rtf,ma-ma,2,1,0
P02,ma-ma.04.rtf,ma-ma,2,1,0
P03,ma-ma.04.rtf,ma-ma,2,1,0
P04,ma-ma.04.rtf,ma-ma,2,1,0
P05,ma-ma.04.rtf,ma-ma,2,1,0
P06,ma-ma.04.rtf,ma-ma,2,1,0
P07,ma-ma.04.rtf,ma-ma,2,1,224
P08,ma-ma.04.rtf,ma-ma,2,1,0
P09,ma-ma.04.rtf,ma-ma,2,1,0
P10,ma-ma.04.rtf,ma-ma,2,1,0
P11,ma-ma.04.rtf,ma-ma,2,1,0
P12,ma-ma.04.rtf,ma-ma,2,1,0
P13,ma-ma.04.rtf,ma-ma,2,1,0
P14,ma-ma.04.rtf,ma-ma,2,1,0
P15,ma-ma.04.rtf,ma-ma,2,1,0
P16,ma-ma.04.rtf,ma-ma,2,1,0
P17,ma-ma.04.rtf,ma-ma,2,1,0
P18,ma-ma.04.rtf,ma-ma,2,1,0
P19,ma-ma.04.rtf,ma-ma,2,1,0
P20,ma-ma.04.rtf,ma-ma,2,1,0
P21,ma-ma.04.rtf,ma-ma,2,1,0
P22,ma-ma.04.rtf,ma-ma,2,1,120
P23,ma-ma.04.rtf,ma-ma,2,1,196
P24,ma-ma.04.rtf,ma-ma,2,1,156
P25,ma-ma.04.rtf,ma-ma,2,1,166
P26,ma-ma.04.rtf,ma-ma,2,1,0
P27,ma-ma.04.rtf,ma-ma,2,1,136
P28,ma-ma.04.rtf,ma-ma,2,1,0
P29,ma-ma.04.rtf,ma-ma,2,1,0
P30,ma-ma.04.rtf,ma-ma,2,1,0
P31,ma-ma.04.rtf,ma-ma,2,1,0
P32,ma-ma.04.rtf,ma-ma,2,1,0
P33,ma-ma.04.rtf,ma-ma,2,1,127
P34,ma-ma.04.rtf,ma-ma,2,1,0
P35,ma-ma.04.rtf,ma-ma,2,1,0
P36,ma-ma.04.rtf,ma-ma,2,1,0
P37,ma-ma.04.rtf,ma-ma,2,1,0
P01,ma-ma.05.rtf,ma-ma,2,1,95
P02,ma-ma.05.rtf,ma-ma,2,1,0
P03,ma-ma.05.rtf,ma-ma,2,1,0
P04,ma-ma.05.rtf,ma-ma,2,1,0
P05,ma-ma.05.rtf,ma-ma,2,1,0
P06,ma-ma.05.rtf,ma-ma,2,1,0
P07,ma-ma.05.rtf,ma-ma,2,1,102
P08,ma-ma.05.rtf,ma-ma,2,1,0
P09,ma-ma.05.rtf,ma-ma,2,1,0
P10,ma-ma.05.rtf,ma-ma,2,1,0
P11,ma-ma.05.rtf,ma-ma,2,1,0
P12,ma-ma.05.rtf,ma-ma,2,1,0
P13,ma-ma.05.rtf,ma-ma,2,1,0
P14,ma-ma.05.rtf,ma-ma,2,1,136
P15,ma-ma.05.rtf,ma-ma,2,1,0
P16,ma-ma.05.rtf,ma-ma,2,1,533
P17,ma-ma.05.rtf,ma-ma,2,1,200
P18,ma-ma.05.rtf,ma-ma,2,1,327
P19,ma-ma.05.rtf,ma-ma,2,1,0
P20,ma-ma.05.rtf,ma-ma,2,1,0
P21,ma-ma.05.rtf,ma-ma,2,1,0
P22,ma-ma.05.rtf,ma-ma,2,1,0
P23,ma-ma.05.rtf,ma-ma,2,1,0
P24,ma-ma.05.rtf,ma-ma,2,1,0
P25,ma-ma.05.rtf,ma-ma,2,1,0
P26,ma-ma.05.rtf,ma-ma,2,1,0
P27,ma-ma.05.rtf,ma-ma,2,1,484
P28,ma-ma.05.rtf,ma-ma,2,1,0
P29,ma-ma.05.rtf,ma-ma,2,1,0
P30,ma-ma.05.rtf,ma-ma,2,1,0
P31,ma-ma.05.rtf,ma-ma,2,1,0
P32,ma-ma.05.rtf,ma-ma,2,1,0
P33,ma-ma.05.rtf,ma-ma,2,1,190
P34,ma-ma.05.rtf,ma-ma,2,1,0
P35,ma-ma.05.rtf,ma-ma,2,1,0
P36,ma-ma.05.rtf,ma-ma,2,1,0
P37,ma-ma.05.rtf,ma-ma,2,1,0
P01,ma-ma.06.rtf,ma-ma,2,1,130
P02,ma-ma.06.rtf,ma-ma,2,1,0
P03,ma-ma.06.rtf,ma-ma,2,1,0
P04,ma-ma.06.rtf,ma-ma,2,1,0
P05,ma-ma.06.rtf,ma-ma,2,1,0
P06,ma-ma.06.rtf,ma-ma,2,1,0
P07,ma-ma.06.rtf,ma-ma,2,1,0
P08,ma-ma.06.rtf,ma-ma,2,1,166
P09,ma-ma.06.rtf,ma-ma,2,1,0
P10,ma-ma.06.rtf,ma-ma,2,1,0
P11,ma-ma.06.rtf,ma-ma,2,1,0
P12,ma-ma.06.rtf,ma-ma,2,1,0
P13,ma-ma.06.rtf,ma-ma,2,1,0
P14,ma-ma.06.rtf,ma-ma,2,1,0
P15,ma-ma.06.rtf,ma-ma,2,1,0
P16,ma-ma.06.rtf,ma-ma,2,1,0
P17,ma-ma.06.rtf,ma-ma,2,1,0
P18,ma-ma.06.rtf,ma-ma,2,1,0
P19,ma-ma.06.rtf,ma-ma,2,1,0
P20,ma-ma.06.rtf,ma-ma,2,1,0
P21,ma-ma.06.rtf,ma-ma,2,1,0
P22,ma-ma.06.rtf,ma-ma,2,1,0
P23,ma-ma.06.rtf,ma-ma,2,1,0
P24,ma-ma.06.rtf,ma-ma,2,1,0
P25,ma-ma.06.rtf,ma-ma,2,1,0
P26,ma-ma.06.rtf,ma-ma,2,1,0
P27,ma-ma.06.rtf,ma-ma,2,1,112
P28,ma-ma.06.rtf,ma-ma,2,1,0
P29,ma-ma.06.rtf,ma-ma,2,1,0
P30,ma-ma.06.rtf,ma-ma,2,1,0
P31,ma-ma.06.rtf,ma-ma,2,1,0
P32,ma-ma.06.rtf,ma-ma,2,1,0
P33,ma-ma.06.rtf,ma-ma,2,1,0
P34,ma-ma.06.rtf,ma-ma,2,1,0
P35,ma-ma.06.rtf,ma-ma,2,1,0
P36,ma-ma.06.rtf,ma-ma,2,1,0
P37,ma-ma.06.rtf,ma-ma,2,1,0
P01,ma-ma.07.rtf,ma-ma,2,1,0
P02,ma-ma.07.rtf,ma-ma,2,1,0
P03,ma-ma.07.rtf,ma-ma,2,1,269
P04,ma-ma.07.rtf,ma-ma,2,1,0
P05,ma-ma.07.rtf,ma-ma,2,1,0
P06,ma-ma.07.rtf,ma-ma,2,1,0
P07,ma-ma.07.rtf,ma-ma,2,1,0
P08,ma-ma.07.rtf,ma-ma,2,1,0
P09,ma-ma.07.rtf,ma-ma,2,1,0
P10,ma-ma.07.rtf,ma-ma,2,1,0
P11,ma-ma.07.rtf,ma-ma,2,1,200
P12,ma-ma.07.rtf,ma-ma,2,1,0
P13,ma-ma.07.rtf,ma-ma,2,1,0
P14,ma-ma.07.rtf,ma-ma,2,1,0
P15,ma-ma.07.rtf,ma-ma,2,1,58
P16,ma-ma.07.rtf,ma-ma,2,1,127
P17,ma-ma.07.rtf,ma-ma,2,1,0
P18,ma-ma.07.rtf,ma-ma,2,1,0
P19,ma-ma.07.rtf,ma-ma,2,1,0
P20,ma-ma.07.rtf,ma-ma,2,1,156
P21,ma-ma.07.rtf,ma-ma,2,1,117
P22,ma-ma.07.rtf,ma-ma,2,1,0
P23,ma-ma.07.rtf,ma-ma,2,1,0
P24,ma-ma.07.rtf,ma-ma,2,1,0
P25,ma-ma.07.rtf,ma-ma,2,1,0
P26,ma-ma.07.rtf,ma-ma,2,1,0
P27,ma-ma.07.rtf,ma-ma,2,1,0
P28,ma-ma.07.rtf,ma-ma,2,1,0
P29,ma-ma.07.rtf,ma-ma,2,1,0
P30,ma-ma.07.rtf,ma-ma,2,1,0
P31,ma-ma.07.rtf,ma-ma,2,1,0
P32,ma-ma.07.rtf,ma-ma,2,1,0
P33,ma-ma.07.rtf,ma-ma,2,1,88
P34,ma-ma.07.rtf,ma-ma,2,1,0
P35,ma-ma.07.rtf,ma-ma,2,1,0
P36,ma-ma.07.rtf,ma-ma,2,1,0
P37,ma-ma.07.rtf,ma-ma,2,1,0
P01,ma-ma.08.rtf,ma-ma,2,1,100
P02,ma-ma.08.rtf,ma-ma,2,1,0
P03,ma-ma.08.rtf,ma-ma,2,1,0
P04,ma-ma.08.rtf,ma-ma,2,1,0
P05,ma-ma.08.rtf,ma-ma,2,1,0
P06,ma-ma.08.rtf,ma-ma,2,1,166
P07,ma-ma.08.rtf,ma-ma,2,1,0
P08,ma-ma.08.rtf,ma-ma,2,1,0
P09,ma-ma.08.rtf,ma-ma,2,1,0
P10,ma-ma.08.rtf,ma-ma,2,1,166
P11,ma-ma.08.rtf,ma-ma,2,1,0
P12,ma-ma.08.rtf,ma-ma,2,1,0
P13,ma-ma.08.rtf,ma-ma,2,1,0
P14,ma-ma.08.rtf,ma-ma,2,1,0
P15,ma-ma.08.rtf,ma-ma,2,1,0
P16,ma-ma.08.rtf,ma-ma,2,1,0
P17,ma-ma.08.rtf,ma-ma,2,1,0
P18,ma-ma.08.rtf,ma-ma,2,1,0
P19,ma-ma.08.rtf,ma-ma,2,1,0
P20,ma-ma.08.rtf,ma-ma,2,1,0
P21,ma-ma.08.rtf,ma-ma,2,1,0
P22,ma-ma.08.rtf,ma-ma,2,1,0
P23,ma-ma.08.rtf,ma-ma,2,1,0
P24,ma-ma.08.rtf,ma-ma,2,1,0
P25,ma-ma.08.rtf,ma-ma,2,1,226
P26,ma-ma.08.rtf,ma-ma,2,1,0
P27,ma-ma.08.rtf,ma-ma,2,1,0
P28,ma-ma.08.rtf,ma-ma,2,1,0
P29,ma-ma.08.rtf,ma-ma,2,1,0
P30,ma-ma.08.rtf,ma-ma,2,1,0
P31,ma-ma.08.rtf,ma-ma,2,1,0
P32,ma-ma.08.rtf,ma-ma,2,1,0
P33,ma-ma.08.rtf,ma-ma,2,1,0
P34,ma-ma.08.rtf,ma-ma,2,1,0
P35,ma-ma.08.rtf,ma-ma,2,1,0
P36,ma-ma.08.rtf,ma-ma,2,1,0
P37,ma-ma.08.rtf,ma-ma,2,1,0
P01,ma-ma.09.rtf,ma-ma,2,1,0
P02,ma-ma.09.rtf,ma-ma,2,1,0
P03,ma-ma.09.rtf,ma-ma,2,1,0
P04,ma-ma.09.rtf,ma-ma,2,1,0
P05,ma-ma.09.rtf,ma-ma,2,1,0
P06,ma-ma.09.rtf,ma-ma,2,1,0
P07,ma-ma.09.rtf,ma-ma,2,1,636
P08,ma-ma.09.rtf,ma-ma,2,1,0
P09,ma-ma.09.rtf,ma-ma,2,1,0
P10,ma-ma.09.rtf,ma-ma,2,1,0
P11,ma-ma.09.rtf,ma-ma,2,1,0
P12,ma-ma.09.rtf,ma-ma,2,1,0
P13,ma-ma.09.rtf,ma-ma,2,1,0
P14,ma-ma.09.rtf,ma-ma,2,1,0
P15,ma-ma.09.rtf,ma-ma,2,1,151
P16,ma-ma.09.rtf,ma-ma,2,1,0
P17,ma-ma.09.rtf,ma-ma,2,1,0
P18,ma-ma.09.rtf,ma-ma,2,1,0
P19,ma-ma.09.rtf,ma-ma,2,1,0
P20,ma-ma.09.rtf,ma-ma,2,1,332
P21,ma-ma.09.rtf,ma-ma,2,1,0
P22,ma-ma.09.rtf,ma-ma,2,1,75
P23,ma-ma.09.rtf,ma-ma,2,1,0
P24,ma-ma.09.rtf,ma-ma,2,1,0
P25,ma-ma.09.rtf,ma-ma,2,1,0
P26,ma-ma.09.rtf,ma-ma,2,1,0
P27,ma-ma.09.rtf,ma-ma,2,1,0
P28,ma-ma.09.rtf,ma-ma,2,1,0
P29,ma-ma.09.rtf,ma-ma,2,1,0
P30,ma-ma.09.rtf,ma-ma,2,1,0
P31,ma-ma.09.rtf,ma-ma,2,1,0
P32,ma-ma.09.rtf,ma-ma,2,1,0
P33,ma-ma.09.rtf,ma-ma,2,1,0
P34,ma-ma.09.rtf,ma-ma,2,1,0
P35,ma-ma.09.rtf,ma-ma,2,1,0
P36,ma-ma.09.rtf,ma-ma,2,1,0
P37,ma-ma.09.rtf,ma-ma,2,1,0
P01,ma-ma.10.rtf,ma-ma,2,1,0
P02,ma-ma.10.rtf,ma-ma,2,1,0
P03,ma-ma.10.rtf,ma-ma,2,1,58
P04,ma-ma.10.rtf,ma-ma,2,1,0
P05,ma-ma.10.rtf,ma-ma,2,1,92
P06,ma-ma.10.rtf,ma-ma,2,1,0
P07,ma-ma.10.rtf,ma-ma,2,1,186
P08,ma-ma.10.rtf,ma-ma,2,1,161
P09,ma-ma.10.rtf,ma-ma,2,1,0
P10,ma-ma.10.rtf,ma-ma,2,1,132
P11,ma-ma.10.rtf,ma-ma,2,1,0
P12,ma-ma.10.rtf,ma-ma,2,1,0
P13,ma-ma.10.rtf,ma-ma,2,1,0
P14,ma-ma.10.rtf,ma-ma,2,1,0
P15,ma-ma.10.rtf,ma-ma,2,1,0
P16,ma-ma.10.rtf,ma-ma,2,1,0
P17,ma-ma.10.rtf,ma-ma,2,1,0
P18,ma-ma.10.rtf,ma-ma,2,1,0
P19,ma-ma.10.rtf,ma-ma,2,1,0
P20,ma-ma.10.rtf,ma-ma,2,1,0
P21,ma-ma.10.rtf,ma-ma,2,1,0
P22,ma-ma.10.rtf,ma-ma,2,1,0
P23,ma-ma.10.rtf,ma-ma,2,1,0
P24,ma-ma.10.rtf,ma-ma,2,1,0
P25,ma-ma.10.rtf,ma-ma,2,1,0
P26,ma-ma.10.rtf,ma-ma,2,1,0
P27,ma-ma.10.rtf,ma-ma,2,1,0
P28,ma-ma.10.rtf,ma-ma,2,1,0
P29,ma-ma.10.rtf,ma-ma,2,1,0
P30,ma-ma.10.rtf,ma-ma,2,1,0
P31,ma-ma.10.rtf,ma-ma,2,1,0
P32,ma-ma.10.rtf,ma-ma,2,1,0
P33,ma-ma.10.rtf,ma-ma,2,1,0
P34,ma-ma.10.rtf,ma-ma,2,1,0
P35,ma-ma.10.rtf,ma-ma,2,1,0
P36,ma-ma.10.rtf,ma-ma,2,1,0
P37,ma-ma.10.rtf,ma-ma,2,1,0
P01,ma-ma.11.rtf,ma-ma,2,1,211
P02,ma-ma.11.rtf,ma-ma,2,1,0
P03,ma-ma.11.rtf,ma-ma,2,1,146
P04,ma-ma.11.rtf,ma-ma,2,1,0
P05,ma-ma.11.rtf,ma-ma,2,1,0
P06,ma-ma.11.rtf,ma-ma,2,1,0
P07,ma-ma.11.rtf,ma-ma,2,1,0
P08,ma-ma.11.rtf,ma-ma,2,1,161
P09,ma-ma.11.rtf,ma-ma,2,1,171
P10,ma-ma.11.rtf,ma-ma,2,1,0
P11,ma-ma.11.rtf,ma-ma,2,1,0
P12,ma-ma.11.rtf,ma-ma,2,1,0
P13,ma-ma.11.rtf,ma-ma,2,1,0
P14,ma-ma.11.rtf,ma-ma,2,1,102
P15,ma-ma.11.rtf,ma-ma,2,1,0
P16,ma-ma.11.rtf,ma-ma,2,1,0
P17,ma-ma.11.rtf,ma-ma,2,1,0
P18,ma-ma.11.rtf,ma-ma,2,1,0
P19,ma-ma.11.rtf,ma-ma,2,1,0
P20,ma-ma.11.rtf,ma-ma,2,1,0
P21,ma-ma.11.rtf,ma-ma,2,1,0
P22,ma-ma.11.rtf,ma-ma,2,1,0
P23,ma-ma.11.rtf,ma-ma,2,1,60
P24,ma-ma.11.rtf,ma-ma,2,1,0
P25,ma-ma.11.rtf,ma-ma,2,1,0
P26,ma-ma.11.rtf,ma-ma,2,1,0
P27,ma-ma.11.rtf,ma-ma,2,1,122
P28,ma-ma.11.rtf,ma-ma,2,1,0
P29,ma-ma.11.rtf,ma-ma,2,1,0
P30,ma-ma.11.rtf,ma-ma,2,1,0
P31,ma-ma.11.rtf,ma-ma,2,1,0
P32,ma-ma.11.rtf,ma-ma,2,1,0
P33,ma-ma.11.rtf,ma-ma,2,1,0
P34,ma-ma.11.rtf,ma-ma,2,1,0
P35,ma-ma.11.rtf,ma-ma,2,1,0
P36,ma-ma.11.rtf,ma-ma,2,1,0
P37,ma-ma.11.rtf,ma-ma,2,1,0
P01,ma-ma.12.rtf,ma-ma,2,1,60
P02,ma-ma.12.rtf,ma-ma,2,1,0
P03,ma-ma.12.rtf,ma-ma,2,1,0
P04,ma-ma.12.rtf,ma-ma,2,1,0
P05,ma-ma.12.rtf,ma-ma,2,1,0
P06,ma-ma.12.rtf,ma-ma,2,1,0
P07,ma-ma.12.rtf,ma-ma,2,1,0
P08,ma-ma.12.rtf,ma-ma,2,1,0
P09,ma-ma.12.rtf,ma-ma,2,1,224
P10,ma-ma.12.rtf,ma-ma,2,1,0
P11,ma-ma.12.rtf,ma-ma,2,1,0
P12,ma-ma.12.rtf,ma-ma,2,1,0
P13,ma-ma.12.rtf,ma-ma,2,1,0
P14,ma-ma.12.rtf,ma-ma,2,1,0
P15,ma-ma.12.rtf,ma-ma,2,1,0
P16,ma-ma.12.rtf,ma-ma,2,1,0
P17,ma-ma.12.rtf,ma-ma,2,1,0
P18,ma-ma.12.rtf,ma-ma,2,1,176
P19,ma-ma.12.rtf,ma-ma,2,1,0
P20,ma-ma.12.rtf,ma-ma,2,1,0
P21,ma-ma.12.rtf,ma-ma,2,1,0
P22,ma-ma.12.rtf,ma-ma,2,1,0
P23,ma-ma.12.rtf,ma-ma,2,1,0
P24,ma-ma.12.rtf,ma-ma,2,1,70
P25,ma-ma.12.rtf,ma-ma,2,1,0
P26,ma-ma.12.rtf,ma-ma,2,1,0
P27,ma-ma.12.rtf,ma-ma,2,1,220
P28,ma-ma.12.rtf,ma-ma,2,1,0
P29,ma-ma.12.rtf,ma-ma,2,1,0
P30,ma-ma.12.rtf,ma-ma,2,1,0
P31,ma-ma.12.rtf,ma-ma,2,1,0
P32,ma-ma.12.rtf,ma-ma,2,1,0
P33,ma-ma.12.rtf,ma-ma,2,1,0
P34,ma-ma.12.rtf,ma-ma,2,1,0
P35,ma-ma.12.rtf,ma-ma,2,1,0
P36,ma-ma.12.rtf,ma-ma,2,1,0
P37,ma-ma.12.rtf,ma-ma,2,1,0
P01,ma-nma.01.rtf,ma-nma,1,2,211
P02,ma-nma.01.rtf,ma-nma,1,2,0
P03,ma-nma.01.rtf,ma-nma,1,2,0
P04,ma-nma.01.rtf,ma-nma,1,2,0
P05,ma-nma.01.rtf,ma-nma,1,2,0
P06,ma-nma.01.rtf,ma-nma,1,2,0
P07,ma-nma.01.rtf,ma-nma,1,2,0
P08,ma-nma.01.rtf,ma-nma,1,2,0
P09,ma-nma.01.rtf,ma-nma,1,2,0
P10,ma-nma.01.rtf,ma-nma,1,2,0
P11,ma-nma.01.rtf,ma-nma,1,2,0
P12,ma-nma.01.rtf,ma-nma,1,2,0
P13,ma-nma.01.rtf,ma-nma,1,2,0
P14,ma-nma.01.rtf,ma-nma,1,2,254
P15,ma-nma.01.rtf,ma-nma,1,2,0
P16,ma-nma.01.rtf,ma-nma,1,2,0
P17,ma-nma.01.rtf,ma-nma,1,2,0
P18,ma-nma.01.rtf,ma-nma,1,2,0
P19,ma-nma.01.rtf,ma-nma,1,2,0
P20,ma-nma.01.rtf,ma-nma,1,2,0
P21,ma-nma.01.rtf,ma-nma,1,2,0
P22,ma-nma.01.rtf,ma-nma,1,2,0
P23,ma-nma.01.rtf,ma-nma,1,2,0
P24,ma-nma.01.rtf,ma-nma,1,2,0
P25,ma-nma.01.rtf,ma-nma,1,2,0
P26,ma-nma.01.rtf,ma-nma,1,2,0
P27,ma-nma.01.rtf,ma-nma,1,2,112
P28,ma-nma.01.rtf,ma-nma,1,2,0
P29,ma-nma.01.rtf,ma-nma,1,2,0
P30,ma-nma.01.rtf,ma-nma,1,2,0
P31,ma-nma.01.rtf,ma-nma,1,2,0
P32,ma-nma.01.rtf,ma-nma,1,2,0
P33,ma-nma.01.rtf,ma-nma,1,2,0
P34,ma-nma.01.rtf,ma-nma,1,2,0
P35,ma-nma.01.rtf,ma-nma,1,2,0
P36,ma-nma.01.rtf,ma-nma,1,2,0
P37,ma-nma.01.rtf,ma-nma,1,2,0
P01,ma-nma.02.rtf,ma-nma,1,2,120
P02,ma-nma.02.rtf,ma-nma,1,2,0
P03,ma-nma.02.rtf,ma-nma,1,2,73
P04,ma-nma.02.rtf,ma-nma,1,2,0
P05,ma-nma.02.rtf,ma-nma,1,2,0
P06,ma-nma.02.rtf,ma-nma,1,2,0
P07,ma-nma.02.rtf,ma-nma,1,2,88
P08,ma-nma.02.rtf,ma-nma,1,2,156
P09,ma-nma.02.rtf,ma-nma,1,2,0
P10,ma-nma.02.rtf,ma-nma,1,2,0
P11,ma-nma.02.rtf,ma-nma,1,2,0
P12,ma-nma.02.rtf,ma-nma,1,2,0
P13,ma-nma.02.rtf,ma-nma,1,2,0
P14,ma-nma.02.rtf,ma-nma,1,2,0
P15,ma-nma.02.rtf,ma-nma,1,2,0
P16,ma-nma.02.rtf,ma-nma,1,2,107
P17,ma-nma.02.rtf,ma-nma,1,2,0
P18,ma-nma.02.rtf,ma-nma,1,2,0
P19,ma-nma.02.rtf,ma-nma,1,2,0
P20,ma-nma.02.rtf,ma-nma,1,2,0
P21,ma-nma.02.rtf,ma-nma,1,2,0
P22,ma-nma.02.rtf,ma-nma,1,2,100
P23,ma-nma.02.rtf,ma-nma,1,2,0
P24,ma-nma.02.rtf,ma-nma,1,2,0
P25,ma-nma.02.rtf,ma-nma,1,2,0
P26,ma-nma.02.rtf,ma-nma,1,2,0
P27,ma-nma.02.rtf,ma-nma,1,2,0
P28,ma-nma.02.rtf,ma-nma,1,2,0
P29,ma-nma.02.rtf,ma-nma,1,2,0
P30,ma-nma.02.rtf,ma-nma,1,2,0
P31,ma-nma.02.rtf,ma-nma,1,2,0
P32,ma-nma.02.rtf,ma-nma,1,2,0
P33,ma-nma.02.rtf,ma-nma,1,2,0
P34,ma-nma.02.rtf,ma-nma,1,2,0
P35,ma-nma.02.rtf,ma-nma,1,2,0
P36,ma-nma.02.rtf,ma-nma,1,2,0
P37,ma-nma.02.rtf,ma-nma,1,2,0
P01,ma-nma.03.rtf,ma-nma,1,2,156
P02,ma-nma.03.rtf,ma-nma,1,2,0
P03,ma-nma.03.rtf,ma-nma,1,2,97
P04,ma-nma.03.rtf,ma-nma,1,2,0
P05,ma-nma.03.rtf,ma-nma,1,2,0
P06,ma-nma.03.rtf,ma-nma,1,2,0
P07,ma-nma.03.rtf,ma-nma,1,2,0
P08,ma-nma.03.rtf,ma-nma,1,2,0
P09,ma-nma.03.rtf,ma-nma,1,2,0
P10,ma-nma.03.rtf,ma-nma,1,2,0
P11,ma-nma.03.rtf,ma-nma,1,2,0
P12,ma-nma.03.rtf,ma-nma,1,2,0
P13,ma-nma.03.rtf,ma-nma,1,2,0
P14,ma-nma.03.rtf,ma-nma,1,2,234
P15,ma-nma.03.rtf,ma-nma,1,2,0
P16,ma-nma.03.rtf,ma-nma,1,2,102
P17,ma-nma.03.rtf,ma-nma,1,2,0
P18,ma-nma.03.rtf,ma-nma,1,2,0
P19,ma-nma.03.rtf,ma-nma,1,2,0
P20,ma-nma.03.rtf,ma-nma,1,2,0
P21,ma-nma.03.rtf,ma-nma,1,2,0
P22,ma-nma.03.rtf,ma-nma,1,2,0
P23,ma-nma.03.rtf,ma-nma,1,2,0
P24,ma-nma.03.rtf,ma-nma,1,2,0
P25,ma-nma.03.rtf,ma-nma,1,2,120
P26,ma-nma.03.rtf,ma-nma,1,2,0
P27,ma-nma.03.rtf,ma-nma,1,2,0
P28,ma-nma.03.rtf,ma-nma,1,2,0
P29,ma-nma.03.rtf,ma-nma,1,2,0
P30,ma-nma.03.rtf,ma-nma,1,2,0
P31,ma-nma.03.rtf,ma-nma,1,2,0
P32,ma-nma.03.rtf,ma-nma,1,2,0
P33,ma-nma.03.rtf,ma-nma,1,2,0
P34,ma-nma.03.rtf,ma-nma,1,2,0
P35,ma-nma.03.rtf,ma-nma,1,2,0
P36,ma-nma.03.rtf,ma-nma,1,2,0
P37,ma-nma.03.rtf,ma-nma,1,2,0
P01,ma-nma.04.rtf,ma-nma,1,2,0
P02,ma-nma.04.rtf,ma-nma,1,2,0
P03,ma-nma.04.rtf,ma-nma,1,2,0
P04,ma-nma.04.rtf,ma-nma,1,2,0
P05,ma-nma.04.rtf,ma-nma,1,2,0
P06,ma-nma.04.rtf,ma-nma,1,2,0
P07,ma-nma.04.rtf,ma-nma,1,2,176
P08,ma-nma.04.rtf,ma-nma,1,2,0
P09,ma-nma.04.rtf,ma-nma,1,2,0
P10,ma-nma.04.rtf,ma-nma,1,2,0
P11,ma-nma.04.rtf,ma-nma,1,2,147
P12,ma-nma.04.rtf,ma-nma,1,2,0
P13,ma-nma.04.rtf,ma-nma,1,2,0
P14,ma-nma.04.rtf,ma-nma,1,2,141
P15,ma-nma.04.rtf,ma-nma,1,2,73
P16,ma-nma.04.rtf,ma-nma,1,2,0
P17,ma-nma.04.rtf,ma-nma,1,2,107
P18,ma-nma.04.rtf,ma-nma,1,2,0
P19,ma-nma.04.rtf,ma-nma,1,2,0
P20,ma-nma.04.rtf,ma-nma,1,2,0
P21,ma-nma.04.rtf,ma-nma,1,2,0
P22,ma-nma.04.rtf,ma-nma,1,2,0
P23,ma-nma.04.rtf,ma-nma,1,2,0
P24,ma-nma.04.rtf,ma-nma,1,2,0
P25,ma-nma.04.rtf,ma-nma,1,2,0
P26,ma-nma.04.rtf,ma-nma,1,2,0
P27,ma-nma.04.rtf,ma-nma,1,2,127
P28,ma-nma.04.rtf,ma-nma,1,2,0
P29,ma-nma.04.rtf,ma-nma,1,2,0
P30,ma-nma.04.rtf,ma-nma,1,2,0
P31,ma-nma.04.rtf,ma-nma,1,2,0
P32,ma-nma.04.rtf,ma-nma,1,2,0
P33,ma-nma.04.rtf,ma-nma,1,2,0
P34,ma-nma.04.rtf,ma-nma,1,2,0
P35,ma-nma.04.rtf,ma-nma,1,2,0
P36,ma-nma.04.rtf,ma-nma,1,2,0
P37,ma-nma.04.rtf,ma-nma,1,2,0
P01,ma-nma.05.rtf,ma-nma,1,2,0
P02,ma-nma.05.rtf,ma-nma,1,2,0
P03,ma-nma.05.rtf,ma-nma,1,2,0
P04,ma-nma.05.rtf,ma-nma,1,2,0
P05,ma-nma.05.rtf,ma-nma,1,2,0
P06,ma-nma.05.rtf,ma-nma,1,2,0
P07,ma-nma.05.rtf,ma-nma,1,2,430
P08,ma-nma.05.rtf,ma-nma,1,2,161
P09,ma-nma.05.rtf,ma-nma,1,2,0
P10,ma-nma.05.rtf,ma-nma,1,2,83
P11,ma-nma.05.rtf,ma-nma,1,2,660
P12,ma-nma.05.rtf,ma-nma,1,2,0
P13,ma-nma.05.rtf,ma-nma,1,2,0
P14,ma-nma.05.rtf,ma-nma,1,2,0
P15,ma-nma.05.rtf,ma-nma,1,2,0
P16,ma-nma.05.rtf,ma-nma,1,2,0
P17,ma-nma.05.rtf,ma-nma,1,2,0
P18,ma-nma.05.rtf,ma-nma,1,2,0
P19,ma-nma.05.rtf,ma-nma,1,2,0
P20,ma-nma.05.rtf,ma-nma,1,2,0
P21,ma-nma.05.rtf,ma-nma,1,2,0
P22,ma-nma.05.rtf,ma-nma,1,2,0
P23,ma-nma.05.rtf,ma-nma,1,2,0
P24,ma-nma.05.rtf,ma-nma,1,2,0
P25,ma-nma.05.rtf,ma-nma,1,2,0
P26,ma-nma.05.rtf,ma-nma,1,2,0
P27,ma-nma.05.rtf,ma-nma,1,2,0
P28,ma-nma.05.rtf,ma-nma,1,2,0
P29,ma-nma.05.rtf,ma-nma,1,2,0
P30,ma-nma.05.rtf,ma-nma,1,2,0
P31,ma-nma.05.rtf,ma-nma,1,2,0
P32,ma-nma.05.rtf,ma-nma,1,2,0
P33,ma-nma.05.rtf,ma-nma,1,2,0
P34,ma-nma.05.rtf,ma-nma,1,2,0
P35,ma-nma.05.rtf,ma-nma,1,2,0
P36,ma-nma.05.rtf,ma-nma,1,2,0
P37,ma-nma.05.rtf,ma-nma,1,2,0
P01,ma-nma.06.rtf,ma-nma,1,2,0
P02,ma-nma.06.rtf,ma-nma,1,2,0
P03,ma-nma.06.rtf,ma-nma,1,2,170
P04,ma-nma.06.rtf,ma-nma,1,2,0
P05,ma-nma.06.rtf,ma-nma,1,2,0
P06,ma-nma.06.rtf,ma-nma,1,2,0
P07,ma-nma.06.rtf,ma-nma,1,2,0
P08,ma-nma.06.rtf,ma-nma,1,2,283
P09,ma-nma.06.rtf,ma-nma,1,2,0
P10,ma-nma.06.rtf,ma-nma,1,2,0
P11,ma-nma.06.rtf,ma-nma,1,2,0
P12,ma-nma.06.rtf,ma-nma,1,2,0
P13,ma-nma.06.rtf,ma-nma,1,2,0
P14,ma-nma.06.rtf,ma-nma,1,2,0
P15,ma-nma.06.rtf,ma-nma,1,2,0
P16,ma-nma.06.rtf,ma-nma,1,2,0
P17,ma-nma.06.rtf,ma-nma,1,2,0
P18,ma-nma.06.rtf,ma-nma,1,2,0
P19,ma-nma.06.rtf,ma-nma,1,2,0
P20,ma-nma.06.rtf,ma-nma,1,2,0
P21,ma-nma.06.rtf,ma-nma,1,2,0
P22,ma-nma.06.rtf,ma-nma,1,2,0
P23,ma-nma.06.rtf,ma-nma,1,2,0
P24,ma-nma.06.rtf,ma-nma,1,2,0
P25,ma-nma.06.rtf,ma-nma,1,2,0
P26,ma-nma.06.rtf,ma-nma,1,2,0
P27,ma-nma.06.rtf,ma-nma,1,2,0
P28,ma-nma.06.rtf,ma-nma,1,2,0
P29,ma-nma.06.rtf,ma-nma,1,2,0
P30,ma-nma.06.rtf,ma-nma,1,2,0
P31,ma-nma.06.rtf,ma-nma,1,2,0
P32,ma-nma.06.rtf,ma-nma,1,2,0
P33,ma-nma.06.rtf,ma-nma,1,2,0
P34,ma-nma.06.rtf,ma-nma,1,2,0
P35,ma-nma.06.rtf,ma-nma,1,2,0
P36,ma-nma.06.rtf,ma-nma,1,2,0
P37,ma-nma.06.rtf,ma-nma,1,2,0
P01,ma-nma.07.rtf,ma-nma,1,2,120
P02,ma-nma.07.rtf,ma-nma,1,2,0
P03,ma-nma.07.rtf,ma-nma,1,2,0
P04,ma-nma.07.rtf,ma-nma,1,2,0
P05,ma-nma.07.rtf,ma-nma,1,2,0
P06,ma-nma.07.rtf,ma-nma,1,2,0
P07,ma-nma.07.rtf,ma-nma,1,2,0
P08,ma-nma.07.rtf,ma-nma,1,2,58
P09,ma-nma.07.rtf,ma-nma,1,2,0
P10,ma-nma.07.rtf,ma-nma,1,2,0
P11,ma-nma.07.rtf,ma-nma,1,2,0
P12,ma-nma.07.rtf,ma-nma,1,2,0
P13,ma-nma.07.rtf,ma-nma,1,2,0
P14,ma-nma.07.rtf,ma-nma,1,2,0
P15,ma-nma.07.rtf,ma-nma,1,2,0
P16,ma-nma.07.rtf,ma-nma,1,2,288
P17,ma-nma.07.rtf,ma-nma,1,2,0
P18,ma-nma.07.rtf,ma-nma,1,2,0
P19,ma-nma.07.rtf,ma-nma,1,2,0
P20,ma-nma.07.rtf,ma-nma,1,2,0
P21,ma-nma.07.rtf,ma-nma,1,2,68
P22,ma-nma.07.rtf,ma-nma,1,2,0
P23,ma-nma.07.rtf,ma-nma,1,2,0
P24,ma-nma.07.rtf,ma-nma,1,2,161
P25,ma-nma.07.rtf,ma-nma,1,2,186
P26,ma-nma.07.rtf,ma-nma,1,2,0
P27,ma-nma.07.rtf,ma-nma,1,2,293
P28,ma-nma.07.rtf,ma-nma,1,2,0
P29,ma-nma.07.rtf,ma-nma,1,2,0
P30,ma-nma.07.rtf,ma-nma,1,2,0
P31,ma-nma.07.rtf,ma-nma,1,2,0
P32,ma-nma.07.rtf,ma-nma,1,2,0
P33,ma-nma.07.rtf,ma-nma,1,2,0
P34,ma-nma.07.rtf,ma-nma,1,2,0
P35,ma-nma.07.rtf,ma-nma,1,2,0
P36,ma-nma.07.rtf,ma-nma,1,2,0
P37,ma-nma.07.rtf,ma-nma,1,2,0
P01,ma-nma.08.rtf,ma-nma,1,2,0
P02,ma-nma.08.rtf,ma-nma,1,2,0
P03,ma-nma.08.rtf,ma-nma,1,2,230
P04,ma-nma.08.rtf,ma-nma,1,2,0
P05,ma-nma.08.rtf,ma-nma,1,2,0
P06,ma-nma.08.rtf,ma-nma,1,2,0
P07,ma-nma.08.rtf,ma-nma,1,2,0
P08,ma-nma.08.rtf,ma-nma,1,2,112
P09,ma-nma.08.rtf,ma-nma,1,2,0
P10,ma-nma.08.rtf,ma-nma,1,2,0
P11,ma-nma.08.rtf,ma-nma,1,2,0
P12,ma-nma.08.rtf,ma-nma,1,2,0
P13,ma-nma.08.rtf,ma-nma,1,2,0
P14,ma-nma.08.rtf,ma-nma,1,2,0
P15,ma-nma.08.rtf,ma-nma,1,2,171
P16,ma-nma.08.rtf,ma-nma,1,2,0
P17,ma-nma.08.rtf,ma-nma,1,2,0
P18,ma-nma.08.rtf,ma-nma,1,2,0
P19,ma-nma.08.rtf,ma-nma,1,2,0
P20,ma-nma.08.rtf,ma-nma,1,2,0
P21,ma-nma.08.rtf,ma-nma,1,2,0
P22,ma-nma.08.rtf,ma-nma,1,2,0
P23,ma-nma.08.rtf,ma-nma,1,2,0
P24,ma-nma.08.rtf,ma-nma,1,2,0
P25,ma-nma.08.rtf,ma-nma,1,2,0
P26,ma-nma.08.rtf,ma-nma,1,2,0
P27,ma-nma.08.rtf,ma-nma,1,2,83
P28,ma-nma.08.rtf,ma-nma,1,2,0
P29,ma-nma.08.rtf,ma-nma,1,2,0
P30,ma-nma.08.rtf,ma-nma,1,2,0
P31,ma-nma.08.rtf,ma-nma,1,2,0
P32,ma-nma.08.rtf,ma-nma,1,2,0
P33,ma-nma.08.rtf,ma-nma,1,2,0
P34,ma-nma.08.rtf,ma-nma,1,2,0
P35,ma-nma.08.rtf,ma-nma,1,2,0
P36,ma-nma.08.rtf,ma-nma,1,2,0
P37,ma-nma.08.rtf,ma-nma,1,2,0
P01,ma-nma.09.rtf,ma-nma,1,2,136
P02,ma-nma.09.rtf,ma-nma,1,2,0
P03,ma-nma.09.rtf,ma-nma,1,2,195
P04,ma-nma.09.rtf,ma-nma,1,2,0
P05,ma-nma.09.rtf,ma-nma,1,2,0
P06,ma-nma.09.rtf,ma-nma,1,2,0
P07,ma-nma.09.rtf,ma-nma,1,2,0
P08,ma-nma.09.rtf,ma-nma,1,2,0
P09,ma-nma.09.rtf,ma-nma,1,2,0
P10,ma-nma.09.rtf,ma-nma,1,2,0
P11,ma-nma.09.rtf,ma-nma,1,2,0
P12,ma-nma.09.rtf,ma-nma,1,2,0
P13,ma-nma.09.rtf,ma-nma,1,2,0
P14,ma-nma.09.rtf,ma-nma,1,2,127
P15,ma-nma.09.rtf,ma-nma,1,2,0
P16,ma-nma.09.rtf,ma-nma,1,2,151
P17,ma-nma.09.rtf,ma-nma,1,2,0
P18,ma-nma.09.rtf,ma-nma,1,2,0
P19,ma-nma.09.rtf,ma-nma,1,2,0
P20,ma-nma.09.rtf,ma-nma,1,2,215
P21,ma-nma.09.rtf,ma-nma,1,2,0
P22,ma-nma.09.rtf,ma-nma,1,2,0
P23,ma-nma.09.rtf,ma-nma,1,2,0
P24,ma-nma.09.rtf,ma-nma,1,2,0
P25,ma-nma.09.rtf,ma-nma,1,2,0
P26,ma-nma.09.rtf,ma-nma,1,2,0
P27,ma-nma.09.rtf,ma-nma,1,2,185
P28,ma-nma.09.rtf,ma-nma,1,2,0
P29,ma-nma.09.rtf,ma-nma,1,2,0
P30,ma-nma.09.rtf,ma-nma,1,2,0
P31,ma-nma.09.rtf,ma-nma,1,2,0
P32,ma-nma.09.rtf,ma-nma,1,2,0
P33,ma-nma.09.rtf,ma-nma,1,2,0
P34,ma-nma.09.rtf,ma-nma,1,2,0
P35,ma-nma.09.rtf,ma-nma,1,2,0
P36,ma-nma.09.rtf,ma-nma,1,2,0
P37,ma-nma.09.rtf,ma-nma,1,2,0
P01,ma-nma.10.rtf,ma-nma,1,2,186
P02,ma-nma.10.rtf,ma-nma,1,2,0
P03,ma-nma.10.rtf,ma-nma,1,2,0
P04,ma-nma.10.rtf,ma-nma,1,2,0
P05,ma-nma.10.rtf,ma-nma,1,2,0
P06,ma-nma.10.rtf,ma-nma,1,2,0
P07,ma-nma.10.rtf,ma-nma,1,2,0
P08,ma-nma.10.rtf,ma-nma,1,2,0
P09,ma-nma.10.rtf,ma-nma,1,2,0
P10,ma-nma.10.rtf,ma-nma,1,2,0
P11,ma-nma.10.rtf,ma-nma,1,2,0
P12,ma-nma.10.rtf,ma-nma,1,2,0
P13,ma-nma.10.rtf,ma-nma,1,2,0
P14,ma-nma.10.rtf,ma-nma,1,2,0
P15,ma-nma.10.rtf,ma-nma,1,2,0
P16,ma-nma.10.rtf,ma-nma,1,2,0
P17,ma-nma.10.rtf,ma-nma,1,2,0
P18,ma-nma.10.rtf,ma-nma,1,2,0
P19,ma-nma.10.rtf,ma-nma,1,2,0
P20,ma-nma.10.rtf,ma-nma,1,2,0
P21,ma-nma.10.rtf,ma-nma,1,2,0
P22,ma-nma.10.rtf,ma-nma,1,2,0
P23,ma-nma.10.rtf,ma-nma,1,2,0
P24,ma-nma.10.rtf,ma-nma,1,2,0
P25,ma-nma.10.rtf,ma-nma,1,2,266
P26,ma-nma.10.rtf,ma-nma,1,2,0
P27,ma-nma.10.rtf,ma-nma,1,2,0
P28,ma-nma.10.rtf,ma-nma,1,2,0
P29,ma-nma.10.rtf,ma-nma,1,2,0
P30,ma-nma.10.rtf,ma-nma,1,2,0
P31,ma-nma.10.rtf,ma-nma,1,2,0
P32,ma-nma.10.rtf,ma-nma,1,2,0
P33,ma-nma.10.rtf,ma-nma,1,2,0
P34,ma-nma.10.rtf,ma-nma,1,2,0
P35,ma-nma.10.rtf,ma-nma,1,2,0
P36,ma-nma.10.rtf,ma-nma,1,2,0
P37,ma-nma.10.rtf,ma-nma,1,2,0
P01,ma-nma.11.rtf,ma-nma,1,2,0
P02,ma-nma.11.rtf,ma-nma,1,2,0
P03,ma-nma.11.rtf,ma-nma,1,2,102
P04,ma-nma.11.rtf,ma-nma,1,2,0
P05,ma-nma.11.rtf,ma-nma,1,2,0
P06,ma-nma.11.rtf,ma-nma,1,2,0
P07,ma-nma.11.rtf,ma-nma,1,2,0
P08,ma-nma.11.rtf,ma-nma,1,2,0
P09,ma-nma.11.rtf,ma-nma,1,2,0
P10,ma-nma.11.rtf,ma-nma,1,2,0
P11,ma-nma.11.rtf,ma-nma,1,2,0
P12,ma-nma.11.rtf,ma-nma,1,2,0
P13,ma-nma.11.rtf,ma-nma,1,2,0
P14,ma-nma.11.rtf,ma-nma,1,2,0
P15,ma-nma.11.rtf,ma-nma,1,2,0
P16,ma-nma.11.rtf,ma-nma,1,2,401
P17,ma-nma.11.rtf,ma-nma,1,2,0
P18,ma-nma.11.rtf,ma-nma,1,2,0
P19,ma-nma.11.rtf,ma-nma,1,2,0
P20,ma-nma.11.rtf,ma-nma,1,2,0
P21,ma-nma.11.rtf,ma-nma,1,2,0
P22,ma-nma.11.rtf,ma-nma,1,2,0
P23,ma-nma.11.rtf,ma-nma,1,2,0
P24,ma-nma.11.rtf,ma-nma,1,2,0
P25,ma-nma.11.rtf,ma-nma,1,2,0
P26,ma-nma.11.rtf,ma-nma,1,2,0
P27,ma-nma.11.rtf,ma-nma,1,2,0
P28,ma-nma.11.rtf,ma-nma,1,2,0
P29,ma-nma.11.rtf,ma-nma,1,2,0
P30,ma-nma.11.rtf,ma-nma,1,2,0
P31,ma-nma.11.rtf,ma-nma,1,2,0
P32,ma-nma.11.rtf,ma-nma,1,2,0
P33,ma-nma.11.rtf,ma-nma,1,2,0
P34,ma-nma.11.rtf,ma-nma,1,2,0
P35,ma-nma.11.rtf,ma-nma,1,2,0
P36,ma-nma.11.rtf,ma-nma,1,2,0
P37,ma-nma.11.rtf,ma-nma,1,2,0
P01,ma-nma.12.rtf,ma-nma,1,2,0
P02,ma-nma.12.rtf,ma-nma,1,2,0
P03,ma-nma.12.rtf,ma-nma,1,2,0
P04,ma-nma.12.rtf,ma-nma,1,2,0
P05,ma-nma.12.rtf,ma-nma,1,2,0
P06,ma-nma.12.rtf,ma-nma,1,2,0
P07,ma-nma.12.rtf,ma-nma,1,2,0
P08,ma-nma.12.rtf,ma-nma,1,2,0
P09,ma-nma.12.rtf,ma-nma,1,2,0
P10,ma-nma.12.rtf,ma-nma,1,2,0
P11,ma-nma.12.rtf,ma-nma,1,2,0
P12,ma-nma.12.rtf,ma-nma,1,2,0
P13,ma-nma.12.rtf,ma-nma,1,2,0
P14,ma-nma.12.rtf,ma-nma,1,2,0
P15,ma-nma.12.rtf,ma-nma,1,2,0
P16,ma-nma.12.rtf,ma-nma,1,2,0
P17,ma-nma.12.rtf,ma-nma,1,2,0
P18,ma-nma.12.rtf,ma-nma,1,2,0
P19,ma-nma.12.rtf,ma-nma,1,2,0
P20,ma-nma.12.rtf,ma-nma,1,2,0
P21,ma-nma.12.rtf,ma-nma,1,2,0
P22,ma-nma.12.rtf,ma-nma,1,2,0
P23,ma-nma.12.rtf,ma-nma,1,2,0
P24,ma-nma.12.rtf,ma-nma,1,2,0
P25,ma-nma.12.rtf,ma-nma,1,2,75
P26,ma-nma.12.rtf,ma-nma,1,2,0
P27,ma-nma.12.rtf,ma-nma,1,2,254
P28,ma-nma.12.rtf,ma-nma,1,2,0
P29,ma-nma.12.rtf,ma-nma,1,2,0
P30,ma-nma.12.rtf,ma-nma,1,2,0
P31,ma-nma.12.rtf,ma-nma,1,2,0
P32,ma-nma.12.rtf,ma-nma,1,2,0
P33,ma-nma.12.rtf,ma-nma,1,2,0
P34,ma-nma.12.rtf,ma-nma,1,2,0
P35,ma-nma.12.rtf,ma-nma,1,2,0
P36,ma-nma.12.rtf,ma-nma,1,2,0
P37,ma-nma.12.rtf,ma-nma,1,2,0
P01,nma-ma.01.rtf,nma-ma,1,1,0
P02,nma-ma.01.rtf,nma-ma,1,1,0
P03,nma-ma.01.rtf,nma-ma,1,1,0
P04,nma-ma.01.rtf,nma-ma,1,1,0
P05,nma-ma.01.rtf,nma-ma,1,1,0
P06,nma-ma.01.rtf,nma-ma,1,1,0
P07,nma-ma.01.rtf,nma-ma,1,1,0
P08,nma-ma.01.rtf,nma-ma,1,1,0
P09,nma-ma.01.rtf,nma-ma,1,1,0
P10,nma-ma.01.rtf,nma-ma,1,1,0
P11,nma-ma.01.rtf,nma-ma,1,1,210
P12,nma-ma.01.rtf,nma-ma,1,1,0
P13,nma-ma.01.rtf,nma-ma,1,1,0
P14,nma-ma.01.rtf,nma-ma,1,1,313
P15,nma-ma.01.rtf,nma-ma,1,1,0
P16,nma-ma.01.rtf,nma-ma,1,1,342
P17,nma-ma.01.rtf,nma-ma,1,1,88
P18,nma-ma.01.rtf,nma-ma,1,1,0
P19,nma-ma.01.rtf,nma-ma,1,1,0
P20,nma-ma.01.rtf,nma-ma,1,1,0
P21,nma-ma.01.rtf,nma-ma,1,1,0
P22,nma-ma.01.rtf,nma-ma,1,1,0
P23,nma-ma.01.rtf,nma-ma,1,1,0
P24,nma-ma.01.rtf,nma-ma,1,1,69
P25,nma-ma.01.rtf,nma-ma,1,1,0
P26,nma-ma.01.rtf,nma-ma,1,1,0
P27,nma-ma.01.rtf,nma-ma,1,1,141
P28,nma-ma.01.rtf,nma-ma,1,1,92
P29,nma-ma.01.rtf,nma-ma,1,1,0
P30,nma-ma.01.rtf,nma-ma,1,1,0
P31,nma-ma.01.rtf,nma-ma,1,1,0
P32,nma-ma.01.rtf,nma-ma,1,1,0
P33,nma-ma.01.rtf,nma-ma,1,1,0
P34,nma-ma.01.rtf,nma-ma,1,1,0
P35,nma-ma.01.rtf,nma-ma,1,1,0
P36,nma-ma.01.rtf,nma-ma,1,1,0
P37,nma-ma.01.rtf,nma-ma,1,1,0
P01,nma-ma.02.rtf,nma-ma,1,1,0
P02,nma-ma.02.rtf,nma-ma,1,1,0
P03,nma-ma.02.rtf,nma-ma,1,1,0
P04,nma-ma.02.rtf,nma-ma,1,1,0
P05,nma-ma.02.rtf,nma-ma,1,1,0
P06,nma-ma.02.rtf,nma-ma,1,1,0
P07,nma-ma.02.rtf,nma-ma,1,1,0
P08,nma-ma.02.rtf,nma-ma,1,1,156
P09,nma-ma.02.rtf,nma-ma,1,1,0
P10,nma-ma.02.rtf,nma-ma,1,1,151
P11,nma-ma.02.rtf,nma-ma,1,1,0
P12,nma-ma.02.rtf,nma-ma,1,1,0
P13,nma-ma.02.rtf,nma-ma,1,1,0
P14,nma-ma.02.rtf,nma-ma,1,1,0
P15,nma-ma.02.rtf,nma-ma,1,1,0
P16,nma-ma.02.rtf,nma-ma,1,1,0
P17,nma-ma.02.rtf,nma-ma,1,1,0
P18,nma-ma.02.rtf,nma-ma,1,1,0
P19,nma-ma.02.rtf,nma-ma,1,1,0
P20,nma-ma.02.rtf,nma-ma,1,1,180
P21,nma-ma.02.rtf,nma-ma,1,1,0
P22,nma-ma.02.rtf,nma-ma,1,1,0
P23,nma-ma.02.rtf,nma-ma,1,1,0
P24,nma-ma.02.rtf,nma-ma,1,1,0
P25,nma-ma.02.rtf,nma-ma,1,1,0
P26,nma-ma.02.rtf,nma-ma,1,1,0
P27,nma-ma.02.rtf,nma-ma,1,1,0
P28,nma-ma.02.rtf,nma-ma,1,1,0
P29,nma-ma.02.rtf,nma-ma,1,1,0
P30,nma-ma.02.rtf,nma-ma,1,1,0
P31,nma-ma.02.rtf,nma-ma,1,1,0
P32,nma-ma.02.rtf,nma-ma,1,1,0
P33,nma-ma.02.rtf,nma-ma,1,1,0
P34,nma-ma.02.rtf,nma-ma,1,1,0
P35,nma-ma.02.rtf,nma-ma,1,1,0
P36,nma-ma.02.rtf,nma-ma,1,1,0
P37,nma-ma.02.rtf,nma-ma,1,1,0
P01,nma-ma.03.rtf,nma-ma,1,1,0
P02,nma-ma.03.rtf,nma-ma,1,1,0
P03,nma-ma.03.rtf,nma-ma,1,1,0
P04,nma-ma.03.rtf,nma-ma,1,1,0
P05,nma-ma.03.rtf,nma-ma,1,1,0
P06,nma-ma.03.rtf,nma-ma,1,1,0
P07,nma-ma.03.rtf,nma-ma,1,1,0
P08,nma-ma.03.rtf,nma-ma,1,1,0
P09,nma-ma.03.rtf,nma-ma,1,1,0
P10,nma-ma.03.rtf,nma-ma,1,1,0
P11,nma-ma.03.rtf,nma-ma,1,1,0
P12,nma-ma.03.rtf,nma-ma,1,1,0
P13,nma-ma.03.rtf,nma-ma,1,1,0
P14,nma-ma.03.rtf,nma-ma,1,1,0
P15,nma-ma.03.rtf,nma-ma,1,1,0
P16,nma-ma.03.rtf,nma-ma,1,1,0
P17,nma-ma.03.rtf,nma-ma,1,1,0
P18,nma-ma.03.rtf,nma-ma,1,1,0
P19,nma-ma.03.rtf,nma-ma,1,1,0
P20,nma-ma.03.rtf,nma-ma,1,1,0
P21,nma-ma.03.rtf,nma-ma,1,1,0
P22,nma-ma.03.rtf,nma-ma,1,1,90
P23,nma-ma.03.rtf,nma-ma,1,1,0
P24,nma-ma.03.rtf,nma-ma,1,1,0
P25,nma-ma.03.rtf,nma-ma,1,1,216
P26,nma-ma.03.rtf,nma-ma,1,1,0
P27,nma-ma.03.rtf,nma-ma,1,1,0
P28,nma-ma.03.rtf,nma-ma,1,1,0
P29,nma-ma.03.rtf,nma-ma,1,1,0
P30,nma-ma.03.rtf,nma-ma,1,1,0
P31,nma-ma.03.rtf,nma-ma,1,1,0
P32,nma-ma.03.rtf,nma-ma,1,1,0
P33,nma-ma.03.rtf,nma-ma,1,1,0
P34,nma-ma.03.rtf,nma-ma,1,1,0
P35,nma-ma.03.rtf,nma-ma,1,1,0
P36,nma-ma.03.rtf,nma-ma,1,1,0
P37,nma-ma.03.rtf,nma-ma,1,1,0
P01,nma-ma.04.rtf,nma-ma,1,1,206
P02,nma-ma.04.rtf,nma-ma,1,1,0
P03,nma-ma.04.rtf,nma-ma,1,1,0
P04,nma-ma.04.rtf,nma-ma,1,1,0
P05,nma-ma.04.rtf,nma-ma,1,1,0
P06,nma-ma.04.rtf,nma-ma,1,1,0
P07,nma-ma.04.rtf,nma-ma,1,1,0
P08,nma-ma.04.rtf,nma-ma,1,1,0
P09,nma-ma.04.rtf,nma-ma,1,1,0
P10,nma-ma.04.rtf,nma-ma,1,1,0
P11,nma-ma.04.rtf,nma-ma,1,1,0
P12,nma-ma.04.rtf,nma-ma,1,1,0
P13,nma-ma.04.rtf,nma-ma,1,1,0
P14,nma-ma.04.rtf,nma-ma,1,1,0
P15,nma-ma.04.rtf,nma-ma,1,1,0
P16,nma-ma.04.rtf,nma-ma,1,1,0
P17,nma-ma.04.rtf,nma-ma,1,1,0
P18,nma-ma.04.rtf,nma-ma,1,1,0
P19,nma-ma.04.rtf,nma-ma,1,1,0
P20,nma-ma.04.rtf,nma-ma,1,1,391
P21,nma-ma.04.rtf,nma-ma,1,1,0
P22,nma-ma.04.rtf,nma-ma,1,1,0
P23,nma-ma.04.rtf,nma-ma,1,1,0
P24,nma-ma.04.rtf,nma-ma,1,1,0
P25,nma-ma.04.rtf,nma-ma,1,1,161
P26,nma-ma.04.rtf,nma-ma,1,1,0
P27,nma-ma.04.rtf,nma-ma,1,1,366
P28,nma-ma.04.rtf,nma-ma,1,1,0
P29,nma-ma.04.rtf,nma-ma,1,1,0
P30,nma-ma.04.rtf,nma-ma,1,1,0
P31,nma-ma.04.rtf,nma-ma,1,1,0
P32,nma-ma.04.rtf,nma-ma,1,1,0
P33,nma-ma.04.rtf,nma-ma,1,1,53
P34,nma-ma.04.rtf,nma-ma,1,1,0
P35,nma-ma.04.rtf,nma-ma,1,1,0
P36,nma-ma.04.rtf,nma-ma,1,1,0
P37,nma-ma.04.rtf,nma-ma,1,1,53
P01,nma-ma.05.rtf,nma-ma,1,1,0
P02,nma-ma.05.rtf,nma-ma,1,1,0
P03,nma-ma.05.rtf,nma-ma,1,1,0
P04,nma-ma.05.rtf,nma-ma,1,1,0
P05,nma-ma.05.rtf,nma-ma,1,1,0
P06,nma-ma.05.rtf,nma-ma,1,1,0
P07,nma-ma.05.rtf,nma-ma,1,1,0
P08,nma-ma.05.rtf,nma-ma,1,1,0
P09,nma-ma.05.rtf,nma-ma,1,1,0
P10,nma-ma.05.rtf,nma-ma,1,1,0
P11,nma-ma.05.rtf,nma-ma,1,1,0
P12,nma-ma.05.rtf,nma-ma,1,1,0
P13,nma-ma.05.rtf,nma-ma,1,1,0
P14,nma-ma.05.rtf,nma-ma,1,1,0
P15,nma-ma.05.rtf,nma-ma,1,1,0
P16,nma-ma.05.rtf,nma-ma,1,1,0
P17,nma-ma.05.rtf,nma-ma,1,1,0
P18,nma-ma.05.rtf,nma-ma,1,1,0
P19,nma-ma.05.rtf,nma-ma,1,1,0
P20,nma-ma.05.rtf,nma-ma,1,1,293
P21,nma-ma.05.rtf,nma-ma,1,1,0
P22,nma-ma.05.rtf,nma-ma,1,1,60
P23,nma-ma.05.rtf,nma-ma,1,1,342
P24,nma-ma.05.rtf,nma-ma,1,1,0
P25,nma-ma.05.rtf,nma-ma,1,1,166
P26,nma-ma.05.rtf,nma-ma,1,1,110
P27,nma-ma.05.rtf,nma-ma,1,1,97
P28,nma-ma.05.rtf,nma-ma,1,1,0
P29,nma-ma.05.rtf,nma-ma,1,1,0
P30,nma-ma.05.rtf,nma-ma,1,1,0
P31,nma-ma.05.rtf,nma-ma,1,1,0
P32,nma-ma.05.rtf,nma-ma,1,1,684
P33,nma-ma.05.rtf,nma-ma,1,1,0
P34,nma-ma.05.rtf,nma-ma,1,1,0
P35,nma-ma.05.rtf,nma-ma,1,1,0
P36,nma-ma.05.rtf,nma-ma,1,1,0
P37,nma-ma.05.rtf,nma-ma,1,1,0
P01,nma-ma.06.rtf,nma-ma,1,1,0
P02,nma-ma.06.rtf,nma-ma,1,1,0
P03,nma-ma.06.rtf,nma-ma,1,1,0
P04,nma-ma.06.rtf,nma-ma,1,1,0
P05,nma-ma.06.rtf,nma-ma,1,1,0
P06,nma-ma.06.rtf,nma-ma,1,1,0
P07,nma-ma.06.rtf,nma-ma,1,1,0
P08,nma-ma.06.rtf,nma-ma,1,1,0
P09,nma-ma.06.rtf,nma-ma,1,1,0
P10,nma-ma.06.rtf,nma-ma,1,1,0
P11,nma-ma.06.rtf,nma-ma,1,1,0
P12,nma-ma.06.rtf,nma-ma,1,1,0
P13,nma-ma.06.rtf,nma-ma,1,1,0
P14,nma-ma.06.rtf,nma-ma,1,1,102
P15,nma-ma.06.rtf,nma-ma,1,1,0
P16,nma-ma.06.rtf,nma-ma,1,1,513
P17,nma-ma.06.rtf,nma-ma,1,1,0
P18,nma-ma.06.rtf,nma-ma,1,1,0
P19,nma-ma.06.rtf,nma-ma,1,1,0
P20,nma-ma.06.rtf,nma-ma,1,1,249
P21,nma-ma.06.rtf,nma-ma,1,1,0
P22,nma-ma.06.rtf,nma-ma,1,1,50
P23,nma-ma.06.rtf,nma-ma,1,1,0
P24,nma-ma.06.rtf,nma-ma,1,1,0
P25,nma-ma.06.rtf,nma-ma,1,1,302
P26,nma-ma.06.rtf,nma-ma,1,1,0
P27,nma-ma.06.rtf,nma-ma,1,1,0
P28,nma-ma.06.rtf,nma-ma,1,1,0
P29,nma-ma.06.rtf,nma-ma,1,1,0
P30,nma-ma.06.rtf,nma-ma,1,1,0
P31,nma-ma.06.rtf,nma-ma,1,1,0
P32,nma-ma.06.rtf,nma-ma,1,1,0
P33,nma-ma.06.rtf,nma-ma,1,1,0
P34,nma-ma.06.rtf,nma-ma,1,1,0
P35,nma-ma.06.rtf,nma-ma,1,1,0
P36,nma-ma.06.rtf,nma-ma,1,1,0
P37,nma-ma.06.rtf,nma-ma,1,1,0
P01,nma-ma.07.rtf,nma-ma,1,1,0
P02,nma-ma.07.rtf,nma-ma,1,1,0
P03,nma-ma.07.rtf,nma-ma,1,1,0
P04,nma-ma.07.rtf,nma-ma,1,1,0
P05,nma-ma.07.rtf,nma-ma,1,1,0
P06,nma-ma.07.rtf,nma-ma,1,1,0
P07,nma-ma.07.rtf,nma-ma,1,1,0
P08,nma-ma.07.rtf,nma-ma,1,1,0
P09,nma-ma.07.rtf,nma-ma,1,1,0
P10,nma-ma.07.rtf,nma-ma,1,1,0
P11,nma-ma.07.rtf,nma-ma,1,1,0
P12,nma-ma.07.rtf,nma-ma,1,1,0
P13,nma-ma.07.rtf,nma-ma,1,1,0
P14,nma-ma.07.rtf,nma-ma,1,1,137
P15,nma-ma.07.rtf,nma-ma,1,1,92
P16,nma-ma.07.rtf,nma-ma,1,1,0
P17,nma-ma.07.rtf,nma-ma,1,1,0
P18,nma-ma.07.rtf,nma-ma,1,1,0
P19,nma-ma.07.rtf,nma-ma,1,1,0
P20,nma-ma.07.rtf,nma-ma,1,1,0
P21,nma-ma.07.rtf,nma-ma,1,1,0
P22,nma-ma.07.rtf,nma-ma,1,1,171
P23,nma-ma.07.rtf,nma-ma,1,1,0
P24,nma-ma.07.rtf,nma-ma,1,1,0
P25,nma-ma.07.rtf,nma-ma,1,1,0
P26,nma-ma.07.rtf,nma-ma,1,1,0
P27,nma-ma.07.rtf,nma-ma,1,1,0
P28,nma-ma.07.rtf,nma-ma,1,1,0
P29,nma-ma.07.rtf,nma-ma,1,1,0
P30,nma-ma.07.rtf,nma-ma,1,1,0
P31,nma-ma.07.rtf,nma-ma,1,1,0
P32,nma-ma.07.rtf,nma-ma,1,1,0
P33,nma-ma.07.rtf,nma-ma,1,1,0
P34,nma-ma.07.rtf,nma-ma,1,1,0
P35,nma-ma.07.rtf,nma-ma,1,1,195
P36,nma-ma.07.rtf,nma-ma,1,1,0
P37,nma-ma.07.rtf,nma-ma,1,1,0
P01,nma-ma.08.rtf,nma-ma,1,1,0
P02,nma-ma.08.rtf,nma-ma,1,1,0
P03,nma-ma.08.rtf,nma-ma,1,1,0
P04,nma-ma.08.rtf,nma-ma,1,1,278
P05,nma-ma.08.rtf,nma-ma,1,1,0
P06,nma-ma.08.rtf,nma-ma,1,1,0
P07,nma-ma.08.rtf,nma-ma,1,1,0
P08,nma-ma.08.rtf,nma-ma,1,1,0
P09,nma-ma.08.rtf,nma-ma,1,1,0
P10,nma-ma.08.rtf,nma-ma,1,1,0
P11,nma-ma.08.rtf,nma-ma,1,1,0
P12,nma-ma.08.rtf,nma-ma,1,1,0
P13,nma-ma.08.rtf,nma-ma,1,1,0
P14,nma-ma.08.rtf,nma-ma,1,1,0
P15,nma-ma.08.rtf,nma-ma,1,1,0
P16,nma-ma.08.rtf,nma-ma,1,1,0
P17,nma-ma.08.rtf,nma-ma,1,1,0
P18,nma-ma.08.rtf,nma-ma,1,1,0
P19,nma-ma.08.rtf,nma-ma,1,1,0
P20,nma-ma.08.rtf,nma-ma,1,1,0
P21,nma-ma.08.rtf,nma-ma,1,1,0
P22,nma-ma.08.rtf,nma-ma,1,1,0
P23,nma-ma.08.rtf,nma-ma,1,1,55
P24,nma-ma.08.rtf,nma-ma,1,1,0
P25,nma-ma.08.rtf,nma-ma,1,1,0
P26,nma-ma.08.rtf,nma-ma,1,1,0
P27,nma-ma.08.rtf,nma-ma,1,1,454
P28,nma-ma.08.rtf,nma-ma,1,1,0
P29,nma-ma.08.rtf,nma-ma,1,1,0
P30,nma-ma.08.rtf,nma-ma,1,1,0
P31,nma-ma.08.rtf,nma-ma,1,1,0
P32,nma-ma.08.rtf,nma-ma,1,1,0
P33,nma-ma.08.rtf,nma-ma,1,1,0
P34,nma-ma.08.rtf,nma-ma,1,1,0
P35,nma-ma.08.rtf,nma-ma,1,1,0
P36,nma-ma.08.rtf,nma-ma,1,1,0
P37,nma-ma.08.rtf,nma-ma,1,1,0
P01,nma-ma.09.rtf,nma-ma,1,1,0
P02,nma-ma.09.rtf,nma-ma,1,1,0
P03,nma-ma.09.rtf,nma-ma,1,1,73
P04,nma-ma.09.rtf,nma-ma,1,1,0
P05,nma-ma.09.rtf,nma-ma,1,1,0
P06,nma-ma.09.rtf,nma-ma,1,1,0
P07,nma-ma.09.rtf,nma-ma,1,1,0
P08,nma-ma.09.rtf,nma-ma,1,1,0
P09,nma-ma.09.rtf,nma-ma,1,1,0
P10,nma-ma.09.rtf,nma-ma,1,1,146
P11,nma-ma.09.rtf,nma-ma,1,1,83
P12,nma-ma.09.rtf,nma-ma,1,1,0
P13,nma-ma.09.rtf,nma-ma,1,1,0
P14,nma-ma.09.rtf,nma-ma,1,1,0
P15,nma-ma.09.rtf,nma-ma,1,1,0
P16,nma-ma.09.rtf,nma-ma,1,1,0
P17,nma-ma.09.rtf,nma-ma,1,1,0
P18,nma-ma.09.rtf,nma-ma,1,1,0
P19,nma-ma.09.rtf,nma-ma,1,1,0
P20,nma-ma.09.rtf,nma-ma,1,1,0
P21,nma-ma.09.rtf,nma-ma,1,1,0
P22,nma-ma.09.rtf,nma-ma,1,1,0
P23,nma-ma.09.rtf,nma-ma,1,1,0
P24,nma-ma.09.rtf,nma-ma,1,1,0
P25,nma-ma.09.rtf,nma-ma,1,1,0
P26,nma-ma.09.rtf,nma-ma,1,1,0
P27,nma-ma.09.rtf,nma-ma,1,1,0
P28,nma-ma.09.rtf,nma-ma,1,1,0
P29,nma-ma.09.rtf,nma-ma,1,1,0
P30,nma-ma.09.rtf,nma-ma,1,1,0
P31,nma-ma.09.rtf,nma-ma,1,1,0
P32,nma-ma.09.rtf,nma-ma,1,1,0
P33,nma-ma.09.rtf,nma-ma,1,1,0
P34,nma-ma.09.rtf,nma-ma,1,1,0
P35,nma-ma.09.rtf,nma-ma,1,1,0
P36,nma-ma.09.rtf,nma-ma,1,1,0
P37,nma-ma.09.rtf,nma-ma,1,1,0
P01,nma-ma.10.rtf,nma-ma,1,1,135
P02,nma-ma.10.rtf,nma-ma,1,1,0
P03,nma-ma.10.rtf,nma-ma,1,1,0
P04,nma-ma.10.rtf,nma-ma,1,1,0
P05,nma-ma.10.rtf,nma-ma,1,1,0
P06,nma-ma.10.rtf,nma-ma,1,1,0
P07,nma-ma.10.rtf,nma-ma,1,1,132
P08,nma-ma.10.rtf,nma-ma,1,1,0
P09,nma-ma.10.rtf,nma-ma,1,1,0
P10,nma-ma.10.rtf,nma-ma,1,1,0
P11,nma-ma.10.rtf,nma-ma,1,1,0
P12,nma-ma.10.rtf,nma-ma,1,1,0
P13,nma-ma.10.rtf,nma-ma,1,1,0
P14,nma-ma.10.rtf,nma-ma,1,1,0
P15,nma-ma.10.rtf,nma-ma,1,1,0
P16,nma-ma.10.rtf,nma-ma,1,1,112
P17,nma-ma.10.rtf,nma-ma,1,1,0
P18,nma-ma.10.rtf,nma-ma,1,1,0
P19,nma-ma.10.rtf,nma-ma,1,1,0
P20,nma-ma.10.rtf,nma-ma,1,1,0
P21,nma-ma.10.rtf,nma-ma,1,1,0
P22,nma-ma.10.rtf,nma-ma,1,1,0
P23,nma-ma.10.rtf,nma-ma,1,1,0
P24,nma-ma.10.rtf,nma-ma,1,1,0
P25,nma-ma.10.rtf,nma-ma,1,1,75
P26,nma-ma.10.rtf,nma-ma,1,1,0
P27,nma-ma.10.rtf,nma-ma,1,1,0
P28,nma-ma.10.rtf,nma-ma,1,1,0
P29,nma-ma.10.rtf,nma-ma,1,1,0
P30,nma-ma.10.rtf,nma-ma,1,1,0
P31,nma-ma.10.rtf,nma-ma,1,1,0
P32,nma-ma.10.rtf,nma-ma,1,1,0
P33,nma-ma.10.rtf,nma-ma,1,1,78
P34,nma-ma.10.rtf,nma-ma,1,1,0
P35,nma-ma.10.rtf,nma-ma,1,1,0
P36,nma-ma.10.rtf,nma-ma,1,1,0
P37,nma-ma.10.rtf,nma-ma,1,1,0
P01,nma-ma.11.rtf,nma-ma,1,1,0
P02,nma-ma.11.rtf,nma-ma,1,1,0
P03,nma-ma.11.rtf,nma-ma,1,1,53
P04,nma-ma.11.rtf,nma-ma,1,1,0
P05,nma-ma.11.rtf,nma-ma,1,1,0
P06,nma-ma.11.rtf,nma-ma,1,1,0
P07,nma-ma.11.rtf,nma-ma,1,1,0
P08,nma-ma.11.rtf,nma-ma,1,1,0
P09,nma-ma.11.rtf,nma-ma,1,1,0
P10,nma-ma.11.rtf,nma-ma,1,1,0
P11,nma-ma.11.rtf,nma-ma,1,1,0
P12,nma-ma.11.rtf,nma-ma,1,1,0
P13,nma-ma.11.rtf,nma-ma,1,1,0
P14,nma-ma.11.rtf,nma-ma,1,1,0
P15,nma-ma.11.rtf,nma-ma,1,1,0
P16,nma-ma.11.rtf,nma-ma,1,1,151
P17,nma-ma.11.rtf,nma-ma,1,1,0
P18,nma-ma.11.rtf,nma-ma,1,1,0
P19,nma-ma.11.rtf,nma-ma,1,1,0
P20,nma-ma.11.rtf,nma-ma,1,1,0
P21,nma-ma.11.rtf,nma-ma,1,1,0
P22,nma-ma.11.rtf,nma-ma,1,1,0
P23,nma-ma.11.rtf,nma-ma,1,1,0
P24,nma-ma.11.rtf,nma-ma,1,1,0
P25,nma-ma.11.rtf,nma-ma,1,1,276
P26,nma-ma.11.rtf,nma-ma,1,1,0
P27,nma-ma.11.rtf,nma-ma,1,1,0
P28,nma-ma.11.rtf,nma-ma,1,1,0
P29,nma-ma.11.rtf,nma-ma,1,1,0
P30,nma-ma.11.rtf,nma-ma,1,1,0
P31,nma-ma.11.rtf,nma-ma,1,1,0
P32,nma-ma.11.rtf,nma-ma,1,1,0
P33,nma-ma.11.rtf,nma-ma,1,1,0
P34,nma-ma.11.rtf,nma-ma,1,1,0
P35,nma-ma.11.rtf,nma-ma,1,1,0
P36,nma-ma.11.rtf,nma-ma,1,1,0
P37,nma-ma.11.rtf,nma-ma,1,1,0
P01,nma-ma.12.rtf,nma-ma,1,1,0
P02,nma-ma.12.rtf,nma-ma,1,1,0
P03,nma-ma.12.rtf,nma-ma,1,1,0
P04,nma-ma.12.rtf,nma-ma,1,1,0
P05,nma-ma.12.rtf,nma-ma,1,1,239
P06,nma-ma.12.rtf,nma-ma,1,1,0
P07,nma-ma.12.rtf,nma-ma,1,1,0
P08,nma-ma.12.rtf,nma-ma,1,1,0
P09,nma-ma.12.rtf,nma-ma,1,1,0
P10,nma-ma.12.rtf,nma-ma,1,1,0
P11,nma-ma.12.rtf,nma-ma,1,1,0
P12,nma-ma.12.rtf,nma-ma,1,1,0
P13,nma-ma.12.rtf,nma-ma,1,1,0
P14,nma-ma.12.rtf,nma-ma,1,1,0
P15,nma-ma.12.rtf,nma-ma,1,1,0
P16,nma-ma.12.rtf,nma-ma,1,1,0
P17,nma-ma.12.rtf,nma-ma,1,1,0
P18,nma-ma.12.rtf,nma-ma,1,1,63
P19,nma-ma.12.rtf,nma-ma,1,1,0
P20,nma-ma.12.rtf,nma-ma,1,1,107
P21,nma-ma.12.rtf,nma-ma,1,1,0
P22,nma-ma.12.rtf,nma-ma,1,1,0
P23,nma-ma.12.rtf,nma-ma,1,1,0
P24,nma-ma.12.rtf,nma-ma,1,1,90
P25,nma-ma.12.rtf,nma-ma,1,1,0
P26,nma-ma.12.rtf,nma-ma,1,1,0
P27,nma-ma.12.rtf,nma-ma,1,1,308
P28,nma-ma.12.rtf,nma-ma,1,1,0
P29,nma-ma.12.rtf,nma-ma,1,1,0
P30,nma-ma.12.rtf,nma-ma,1,1,0
P31,nma-ma.12.rtf,nma-ma,1,1,0
P32,nma-ma.12.rtf,nma-ma,1,1,0
P33,nma-ma.12.rtf,nma-ma,1,1,0
P34,nma-ma.12.rtf,nma-ma,1,1,0
P35,nma-ma.12.rtf,nma-ma,1,1,0
P36,nma-ma.12.rtf,nma-ma,1,1,0
P37,nma-ma.12.rtf,nma-ma,1,1,0
P01,nma-nma.01.rtf,nma-nma,2,2,256
P02,nma-nma.01.rtf,nma-nma,2,2,0
P03,nma-nma.01.rtf,nma-nma,2,2,0
P04,nma-nma.01.rtf,nma-nma,2,2,0
P05,nma-nma.01.rtf,nma-nma,2,2,0
P06,nma-nma.01.rtf,nma-nma,2,2,0
P07,nma-nma.01.rtf,nma-nma,2,2,0
P08,nma-nma.01.rtf,nma-nma,2,2,0
P09,nma-nma.01.rtf,nma-nma,2,2,0
P10,nma-nma.01.rtf,nma-nma,2,2,0
P11,nma-nma.01.rtf,nma-nma,2,2,0
P12,nma-nma.01.rtf,nma-nma,2,2,0
P13,nma-nma.01.rtf,nma-nma,2,2,0
P14,nma-nma.01.rtf,nma-nma,2,2,0
P15,nma-nma.01.rtf,nma-nma,2,2,0
P16,nma-nma.01.rtf,nma-nma,2,2,0
P17,nma-nma.01.rtf,nma-nma,2,2,0
P18,nma-nma.01.rtf,nma-nma,2,2,0
P19,nma-nma.01.rtf,nma-nma,2,2,0
P20,nma-nma.01.rtf,nma-nma,2,2,0
P21,nma-nma.01.rtf,nma-nma,2,2,0
P22,nma-nma.01.rtf,nma-nma,2,2,0
P23,nma-nma.01.rtf,nma-nma,2,2,0
P24,nma-nma.01.rtf,nma-nma,2,2,0
P25,nma-nma.01.rtf,nma-nma,2,2,0
P26,nma-nma.01.rtf,nma-nma,2,2,0
P27,nma-nma.01.rtf,nma-nma,2,2,0
P28,nma-nma.01.rtf,nma-nma,2,2,0
P29,nma-nma.01.rtf,nma-nma,2,2,0
P30,nma-nma.01.rtf,nma-nma,2,2,0
P31,nma-nma.01.rtf,nma-nma,2,2,0
P32,nma-nma.01.rtf,nma-nma,2,2,122
P33,nma-nma.01.rtf,nma-nma,2,2,0
P34,nma-nma.01.rtf,nma-nma,2,2,0
P35,nma-nma.01.rtf,nma-nma,2,2,0
P36,nma-nma.01.rtf,nma-nma,2,2,0
P37,nma-nma.01.rtf,nma-nma,2,2,0
P01,nma-nma.02.rtf,nma-nma,2,2,110
P02,nma-nma.02.rtf,nma-nma,2,2,0
P03,nma-nma.02.rtf,nma-nma,2,2,0
P04,nma-nma.02.rtf,nma-nma,2,2,0
P05,nma-nma.02.rtf,nma-nma,2,2,0
P06,nma-nma.02.rtf,nma-nma,2,2,171
P07,nma-nma.02.rtf,nma-nma,2,2,0
P08,nma-nma.02.rtf,nma-nma,2,2,0
P09,nma-nma.02.rtf,nma-nma,2,2,0
P10,nma-nma.02.rtf,nma-nma,2,2,0
P11,nma-nma.02.rtf,nma-nma,2,2,127
P12,nma-nma.02.rtf,nma-nma,2,2,0
P13,nma-nma.02.rtf,nma-nma,2,2,0
P14,nma-nma.02.rtf,nma-nma,2,2,415
P15,nma-nma.02.rtf,nma-nma,2,2,0
P16,nma-nma.02.rtf,nma-nma,2,2,0
P17,nma-nma.02.rtf,nma-nma,2,2,0
P18,nma-nma.02.rtf,nma-nma,2,2,0
P19,nma-nma.02.rtf,nma-nma,2,2,0
P20,nma-nma.02.rtf,nma-nma,2,2,0
P21,nma-nma.02.rtf,nma-nma,2,2,0
P22,nma-nma.02.rtf,nma-nma,2,2,70
P23,nma-nma.02.rtf,nma-nma,2,2,0
P24,nma-nma.02.rtf,nma-nma,2,2,0
P25,nma-nma.02.rtf,nma-nma,2,2,161
P26,nma-nma.02.rtf,nma-nma,2,2,0
P27,nma-nma.02.rtf,nma-nma,2,2,675
P28,nma-nma.02.rtf,nma-nma,2,2,0
P29,nma-nma.02.rtf,nma-nma,2,2,0
P30,nma-nma.02.rtf,nma-nma,2,2,0
P31,nma-nma.02.rtf,nma-nma,2,2,0
P32,nma-nma.02.rtf,nma-nma,2,2,0
P33,nma-nma.02.rtf,nma-nma,2,2,127
P34,nma-nma.02.rtf,nma-nma,2,2,0
P35,nma-nma.02.rtf,nma-nma,2,2,0
P36,nma-nma.02.rtf,nma-nma,2,2,0
P37,nma-nma.02.rtf,nma-nma,2,2,215
P01,nma-nma.03.rtf,nma-nma,2,2,151
P02,nma-nma.03.rtf,nma-nma,2,2,0
P03,nma-nma.03.rtf,nma-nma,2,2,0
P04,nma-nma.03.rtf,nma-nma,2,2,0
P05,nma-nma.03.rtf,nma-nma,2,2,0
P06,nma-nma.03.rtf,nma-nma,2,2,0
P07,nma-nma.03.rtf,nma-nma,2,2,0
P08,nma-nma.03.rtf,nma-nma,2,2,0
P09,nma-nma.03.rtf,nma-nma,2,2,0
P10,nma-nma.03.rtf,nma-nma,2,2,0
P11,nma-nma.03.rtf,nma-nma,2,2,0
P12,nma-nma.03.rtf,nma-nma,2,2,0
P13,nma-nma.03.rtf,nma-nma,2,2,0
P14,nma-nma.03.rtf,nma-nma,2,2,0
P15,nma-nma.03.rtf,nma-nma,2,2,0
P16,nma-nma.03.rtf,nma-nma,2,2,249
P17,nma-nma.03.rtf,nma-nma,2,2,58
P18,nma-nma.03.rtf,nma-nma,2,2,0
P19,nma-nma.03.rtf,nma-nma,2,2,0
P20,nma-nma.03.rtf,nma-nma,2,2,0
P21,nma-nma.03.rtf,nma-nma,2,2,0
P22,nma-nma.03.rtf,nma-nma,2,2,0
P23,nma-nma.03.rtf,nma-nma,2,2,0
P24,nma-nma.03.rtf,nma-nma,2,2,120
P25,nma-nma.03.rtf,nma-nma,2,2,70
P26,nma-nma.03.rtf,nma-nma,2,2,0
P27,nma-nma.03.rtf,nma-nma,2,2,176
P28,nma-nma.03.rtf,nma-nma,2,2,0
P29,nma-nma.03.rtf,nma-nma,2,2,0
P30,nma-nma.03.rtf,nma-nma,2,2,0
P31,nma-nma.03.rtf,nma-nma,2,2,0
P32,nma-nma.03.rtf,nma-nma,2,2,0
P33,nma-nma.03.rtf,nma-nma,2,2,0
P34,nma-nma.03.rtf,nma-nma,2,2,0
P35,nma-nma.03.rtf,nma-nma,2,2,0
P36,nma-nma.03.rtf,nma-nma,2,2,0
P37,nma-nma.03.rtf,nma-nma,2,2,0
P01,nma-nma.04.rtf,nma-nma,2,2,0
P02,nma-nma.04.rtf,nma-nma,2,2,0
P03,nma-nma.04.rtf,nma-nma,2,2,0
P04,nma-nma.04.rtf,nma-nma,2,2,0
P05,nma-nma.04.rtf,nma-nma,2,2,0
P06,nma-nma.04.rtf,nma-nma,2,2,0
P07,nma-nma.04.rtf,nma-nma,2,2,0
P08,nma-nma.04.rtf,nma-nma,2,2,0
P09,nma-nma.04.rtf,nma-nma,2,2,0
P10,nma-nma.04.rtf,nma-nma,2,2,0
P11,nma-nma.04.rtf,nma-nma,2,2,132
P12,nma-nma.04.rtf,nma-nma,2,2,0
P13,nma-nma.04.rtf,nma-nma,2,2,0
P14,nma-nma.04.rtf,nma-nma,2,2,0
P15,nma-nma.04.rtf,nma-nma,2,2,0
P16,nma-nma.04.rtf,nma-nma,2,2,137
P17,nma-nma.04.rtf,nma-nma,2,2,0
P18,nma-nma.04.rtf,nma-nma,2,2,0
P19,nma-nma.04.rtf,nma-nma,2,2,0
P20,nma-nma.04.rtf,nma-nma,2,2,0
P21,nma-nma.04.rtf,nma-nma,2,2,0
P22,nma-nma.04.rtf,nma-nma,2,2,0
P23,nma-nma.04.rtf,nma-nma,2,2,0
P24,nma-nma.04.rtf,nma-nma,2,2,156
P25,nma-nma.04.rtf,nma-nma,2,2,0
P26,nma-nma.04.rtf,nma-nma,2,2,0
P27,nma-nma.04.rtf,nma-nma,2,2,0
P28,nma-nma.04.rtf,nma-nma,2,2,0
P29,nma-nma.04.rtf,nma-nma,2,2,0
P30,nma-nma.04.rtf,nma-nma,2,2,0
P31,nma-nma.04.rtf,nma-nma,2,2,0
P32,nma-nma.04.rtf,nma-nma,2,2,0
P33,nma-nma.04.rtf,nma-nma,2,2,0
P34,nma-nma.04.rtf,nma-nma,2,2,0
P35,nma-nma.04.rtf,nma-nma,2,2,0
P36,nma-nma.04.rtf,nma-nma,2,2,0
P37,nma-nma.04.rtf,nma-nma,2,2,0
P01,nma-nma.05.rtf,nma-nma,2,2,85
P02,nma-nma.05.rtf,nma-nma,2,2,0
P03,nma-nma.05.rtf,nma-nma,2,2,0
P04,nma-nma.05.rtf,nma-nma,2,2,0
P05,nma-nma.05.rtf,nma-nma,2,2,0
P06,nma-nma.05.rtf,nma-nma,2,2,0
P07,nma-nma.05.rtf,nma-nma,2,2,0
P08,nma-nma.05.rtf,nma-nma,2,2,0
P09,nma-nma.05.rtf,nma-nma,2,2,0
P10,nma-nma.05.rtf,nma-nma,2,2,0
P11,nma-nma.05.rtf,nma-nma,2,2,73
P12,nma-nma.05.rtf,nma-nma,2,2,0
P13,nma-nma.05.rtf,nma-nma,2,2,0
P14,nma-nma.05.rtf,nma-nma,2,2,0
P15,nma-nma.05.rtf,nma-nma,2,2,0
P16,nma-nma.05.rtf,nma-nma,2,2,0
P17,nma-nma.05.rtf,nma-nma,2,2,0
P18,nma-nma.05.rtf,nma-nma,2,2,0
P19,nma-nma.05.rtf,nma-nma,2,2,0
P20,nma-nma.05.rtf,nma-nma,2,2,0
P21,nma-nma.05.rtf,nma-nma,2,2,0
P22,nma-nma.05.rtf,nma-nma,2,2,0
P23,nma-nma.05.rtf,nma-nma,2,2,0
P24,nma-nma.05.rtf,nma-nma,2,2,0
P25,nma-nma.05.rtf,nma-nma,2,2,0
P26,nma-nma.05.rtf,nma-nma,2,2,0
P27,nma-nma.05.rtf,nma-nma,2,2,0
P28,nma-nma.05.rtf,nma-nma,2,2,0
P29,nma-nma.05.rtf,nma-nma,2,2,0
P30,nma-nma.05.rtf,nma-nma,2,2,0
P31,nma-nma.05.rtf,nma-nma,2,2,0
P32,nma-nma.05.rtf,nma-nma,2,2,151
P33,nma-nma.05.rtf,nma-nma,2,2,0
P34,nma-nma.05.rtf,nma-nma,2,2,0
P35,nma-nma.05.rtf,nma-nma,2,2,0
P36,nma-nma.05.rtf,nma-nma,2,2,0
P37,nma-nma.05.rtf,nma-nma,2,2,0
P01,nma-nma.06.rtf,nma-nma,2,2,90
P02,nma-nma.06.rtf,nma-nma,2,2,0
P03,nma-nma.06.rtf,nma-nma,2,2,210
P04,nma-nma.06.rtf,nma-nma,2,2,0
P05,nma-nma.06.rtf,nma-nma,2,2,0
P06,nma-nma.06.rtf,nma-nma,2,2,0
P07,nma-nma.06.rtf,nma-nma,2,2,0
P08,nma-nma.06.rtf,nma-nma,2,2,102
P09,nma-nma.06.rtf,nma-nma,2,2,0
P10,nma-nma.06.rtf,nma-nma,2,2,0
P11,nma-nma.06.rtf,nma-nma,2,2,0
P12,nma-nma.06.rtf,nma-nma,2,2,0
P13,nma-nma.06.rtf,nma-nma,2,2,0
P14,nma-nma.06.rtf,nma-nma,2,2,0
P15,nma-nma.06.rtf,nma-nma,2,2,0
P16,nma-nma.06.rtf,nma-nma,2,2,0
P17,nma-nma.06.rtf,nma-nma,2,2,0
P18,nma-nma.06.rtf,nma-nma,2,2,0
P19,nma-nma.06.rtf,nma-nma,2,2,0
P20,nma-nma.06.rtf,nma-nma,2,2,205
P21,nma-nma.06.rtf,nma-nma,2,2,0
P22,nma-nma.06.rtf,nma-nma,2,2,75
P23,nma-nma.06.rtf,nma-nma,2,2,0
P24,nma-nma.06.rtf,nma-nma,2,2,0
P25,nma-nma.06.rtf,nma-nma,2,2,70
P26,nma-nma.06.rtf,nma-nma,2,2,0
P27,nma-nma.06.rtf,nma-nma,2,2,132
P28,nma-nma.06.rtf,nma-nma,2,2,0
P29,nma-nma.06.rtf,nma-nma,2,2,0
P30,nma-nma.06.rtf,nma-nma,2,2,73
P31,nma-nma.06.rtf,nma-nma,2,2,0
P32,nma-nma.06.rtf,nma-nma,2,2,0
P33,nma-nma.06.rtf,nma-nma,2,2,0
P34,nma-nma.06.rtf,nma-nma,2,2,0
P35,nma-nma.06.rtf,nma-nma,2,2,0
P36,nma-nma.06.rtf,nma-nma,2,2,0
P37,nma-nma.06.rtf,nma-nma,2,2,0
P01,nma-nma.07.rtf,nma-nma,2,2,0
P02,nma-nma.07.rtf,nma-nma,2,2,0
P03,nma-nma.07.rtf,nma-nma,2,2,0
P04,nma-nma.07.rtf,nma-nma,2,2,0
P05,nma-nma.07.rtf,nma-nma,2,2,0
P06,nma-nma.07.rtf,nma-nma,2,2,0
P07,nma-nma.07.rtf,nma-nma,2,2,102
P08,nma-nma.07.rtf,nma-nma,2,2,0
P09,nma-nma.07.rtf,nma-nma,2,2,171
P10,nma-nma.07.rtf,nma-nma,2,2,0
P11,nma-nma.07.rtf,nma-nma,2,2,0
P12,nma-nma.07.rtf,nma-nma,2,2,0
P13,nma-nma.07.rtf,nma-nma,2,2,0
P14,nma-nma.07.rtf,nma-nma,2,2,0
P15,nma-nma.07.rtf,nma-nma,2,2,0
P16,nma-nma.07.rtf,nma-nma,2,2,0
P17,nma-nma.07.rtf,nma-nma,2,2,0
P18,nma-nma.07.rtf,nma-nma,2,2,166
P19,nma-nma.07.rtf,nma-nma,2,2,0
P20,nma-nma.07.rtf,nma-nma,2,2,0
P21,nma-nma.07.rtf,nma-nma,2,2,0
P22,nma-nma.07.rtf,nma-nma,2,2,0
P23,nma-nma.07.rtf,nma-nma,2,2,0
P24,nma-nma.07.rtf,nma-nma,2,2,135
P25,nma-nma.07.rtf,nma-nma,2,2,0
P26,nma-nma.07.rtf,nma-nma,2,2,55
P27,nma-nma.07.rtf,nma-nma,2,2,180
P28,nma-nma.07.rtf,nma-nma,2,2,0
P29,nma-nma.07.rtf,nma-nma,2,2,0
P30,nma-nma.07.rtf,nma-nma,2,2,0
P31,nma-nma.07.rtf,nma-nma,2,2,0
P32,nma-nma.07.rtf,nma-nma,2,2,122
P33,nma-nma.07.rtf,nma-nma,2,2,0
P34,nma-nma.07.rtf,nma-nma,2,2,171
P35,nma-nma.07.rtf,nma-nma,2,2,0
P36,nma-nma.07.rtf,nma-nma,2,2,0
P37,nma-nma.07.rtf,nma-nma,2,2,440
P01,nma-nma.08.rtf,nma-nma,2,2,135
P02,nma-nma.08.rtf,nma-nma,2,2,0
P03,nma-nma.08.rtf,nma-nma,2,2,0
P04,nma-nma.08.rtf,nma-nma,2,2,0
P05,nma-nma.08.rtf,nma-nma,2,2,0
P06,nma-nma.08.rtf,nma-nma,2,2,0
P07,nma-nma.08.rtf,nma-nma,2,2,0
P08,nma-nma.08.rtf,nma-nma,2,2,0
P09,nma-nma.08.rtf,nma-nma,2,2,0
P10,nma-nma.08.rtf,nma-nma,2,2,122
P11,nma-nma.08.rtf,nma-nma,2,2,0
P12,nma-nma.08.rtf,nma-nma,2,2,0
P13,nma-nma.08.rtf,nma-nma,2,2,0
P14,nma-nma.08.rtf,nma-nma,2,2,97
P15,nma-nma.08.rtf,nma-nma,2,2,0
P16,nma-nma.08.rtf,nma-nma,2,2,220
P17,nma-nma.08.rtf,nma-nma,2,2,0
P18,nma-nma.08.rtf,nma-nma,2,2,0
P19,nma-nma.08.rtf,nma-nma,2,2,0
P20,nma-nma.08.rtf,nma-nma,2,2,0
P21,nma-nma.08.rtf,nma-nma,2,2,0
P22,nma-nma.08.rtf,nma-nma,2,2,0
P23,nma-nma.08.rtf,nma-nma,2,2,0
P24,nma-nma.08.rtf,nma-nma,2,2,0
P25,nma-nma.08.rtf,nma-nma,2,2,0
P26,nma-nma.08.rtf,nma-nma,2,2,0
P27,nma-nma.08.rtf,nma-nma,2,2,151
P28,nma-nma.08.rtf,nma-nma,2,2,0
P29,nma-nma.08.rtf,nma-nma,2,2,0
P30,nma-nma.08.rtf,nma-nma,2,2,0
P31,nma-nma.08.rtf,nma-nma,2,2,0
P32,nma-nma.08.rtf,nma-nma,2,2,0
P33,nma-nma.08.rtf,nma-nma,2,2,0
P34,nma-nma.08.rtf,nma-nma,2,2,0
P35,nma-nma.08.rtf,nma-nma,2,2,0
P36,nma-nma.08.rtf,nma-nma,2,2,0
P37,nma-nma.08.rtf,nma-nma,2,2,0
P01,nma-nma.09.rtf,nma-nma,2,2,171
P02,nma-nma.09.rtf,nma-nma,2,2,0
P03,nma-nma.09.rtf,nma-nma,2,2,181
P04,nma-nma.09.rtf,nma-nma,2,2,0
P05,nma-nma.09.rtf,nma-nma,2,2,0
P06,nma-nma.09.rtf,nma-nma,2,2,0
P07,nma-nma.09.rtf,nma-nma,2,2,0
P08,nma-nma.09.rtf,nma-nma,2,2,0
P09,nma-nma.09.rtf,nma-nma,2,2,93
P10,nma-nma.09.rtf,nma-nma,2,2,0
P11,nma-nma.09.rtf,nma-nma,2,2,0
P12,nma-nma.09.rtf,nma-nma,2,2,0
P13,nma-nma.09.rtf,nma-nma,2,2,0
P14,nma-nma.09.rtf,nma-nma,2,2,53
P15,nma-nma.09.rtf,nma-nma,2,2,0
P16,nma-nma.09.rtf,nma-nma,2,2,0
P17,nma-nma.09.rtf,nma-nma,2,2,0
P18,nma-nma.09.rtf,nma-nma,2,2,0
P19,nma-nma.09.rtf,nma-nma,2,2,0
P20,nma-nma.09.rtf,nma-nma,2,2,0
P21,nma-nma.09.rtf,nma-nma,2,2,0
P22,nma-nma.09.rtf,nma-nma,2,2,0
P23,nma-nma.09.rtf,nma-nma,2,2,0
P24,nma-nma.09.rtf,nma-nma,2,2,0
P25,nma-nma.09.rtf,nma-nma,2,2,0
P26,nma-nma.09.rtf,nma-nma,2,2,0
P27,nma-nma.09.rtf,nma-nma,2,2,0
P28,nma-nma.09.rtf,nma-nma,2,2,0
P29,nma-nma.09.rtf,nma-nma,2,2,0
P30,nma-nma.09.rtf,nma-nma,2,2,0
P31,nma-nma.09.rtf,nma-nma,2,2,0
P32,nma-nma.09.rtf,nma-nma,2,2,0
P33,nma-nma.09.rtf,nma-nma,2,2,0
P34,nma-nma.09.rtf,nma-nma,2,2,0
P35,nma-nma.09.rtf,nma-nma,2,2,0
P36,nma-nma.09.rtf,nma-nma,2,2,0
P37,nma-nma.09.rtf,nma-nma,2,2,0
P01,nma-nma.10.rtf,nma-nma,2,2,0
P02,nma-nma.10.rtf,nma-nma,2,2,0
P03,nma-nma.10.rtf,nma-nma,2,2,293
P04,nma-nma.10.rtf,nma-nma,2,2,0
P05,nma-nma.10.rtf,nma-nma,2,2,0
P06,nma-nma.10.rtf,nma-nma,2,2,0
P07,nma-nma.10.rtf,nma-nma,2,2,0
P08,nma-nma.10.rtf,nma-nma,2,2,0
P09,nma-nma.10.rtf,nma-nma,2,2,0
P10,nma-nma.10.rtf,nma-nma,2,2,0
P11,nma-nma.10.rtf,nma-nma,2,2,0
P12,nma-nma.10.rtf,nma-nma,2,2,0
P13,nma-nma.10.rtf,nma-nma,2,2,0
P14,nma-nma.10.rtf,nma-nma,2,2,0
P15,nma-nma.10.rtf,nma-nma,2,2,0
P16,nma-nma.10.rtf,nma-nma,2,2,0
P17,nma-nma.10.rtf,nma-nma,2,2,0
P18,nma-nma.10.rtf,nma-nma,2,2,0
P19,nma-nma.10.rtf,nma-nma,2,2,0
P20,nma-nma.10.rtf,nma-nma,2,2,0
P21,nma-nma.10.rtf,nma-nma,2,2,0
P22,nma-nma.10.rtf,nma-nma,2,2,0
P23,nma-nma.10.rtf,nma-nma,2,2,0
P24,nma-nma.10.rtf,nma-nma,2,2,0
P25,nma-nma.10.rtf,nma-nma,2,2,0
P26,nma-nma.10.rtf,nma-nma,2,2,0
P27,nma-nma.10.rtf,nma-nma,2,2,0
P28,nma-nma.10.rtf,nma-nma,2,2,0
P29,nma-nma.10.rtf,nma-nma,2,2,0
P30,nma-nma.10.rtf,nma-nma,2,2,0
P31,nma-nma.10.rtf,nma-nma,2,2,0
P32,nma-nma.10.rtf,nma-nma,2,2,0
P33,nma-nma.10.rtf,nma-nma,2,2,0
P34,nma-nma.10.rtf,nma-nma,2,2,0
P35,nma-nma.10.rtf,nma-nma,2,2,0
P36,nma-nma.10.rtf,nma-nma,2,2,0
P37,nma-nma.10.rtf,nma-nma,2,2,0
P01,nma-nma.11.rtf,nma-nma,2,2,161
P02,nma-nma.11.rtf,nma-nma,2,2,0
P03,nma-nma.11.rtf,nma-nma,2,2,0
P04,nma-nma.11.rtf,nma-nma,2,2,0
P05,nma-nma.11.rtf,nma-nma,2,2,0
P06,nma-nma.11.rtf,nma-nma,2,2,0
P07,nma-nma.11.rtf,nma-nma,2,2,141
P08,nma-nma.11.rtf,nma-nma,2,2,0
P09,nma-nma.11.rtf,nma-nma,2,2,0
P10,nma-nma.11.rtf,nma-nma,2,2,0
P11,nma-nma.11.rtf,nma-nma,2,2,68
P12,nma-nma.11.rtf,nma-nma,2,2,0
P13,nma-nma.11.rtf,nma-nma,2,2,0
P14,nma-nma.11.rtf,nma-nma,2,2,0
P15,nma-nma.11.rtf,nma-nma,2,2,0
P16,nma-nma.11.rtf,nma-nma,2,2,278
P17,nma-nma.11.rtf,nma-nma,2,2,0
P18,nma-nma.11.rtf,nma-nma,2,2,0
P19,nma-nma.11.rtf,nma-nma,2,2,0
P20,nma-nma.11.rtf,nma-nma,2,2,0
P21,nma-nma.11.rtf,nma-nma,2,2,0
P22,nma-nma.11.rtf,nma-nma,2,2,0
P23,nma-nma.11.rtf,nma-nma,2,2,0
P24,nma-nma.11.rtf,nma-nma,2,2,166
P25,nma-nma.11.rtf,nma-nma,2,2,106
P26,nma-nma.11.rtf,nma-nma,2,2,0
P27,nma-nma.11.rtf,nma-nma,2,2,97
P28,nma-nma.11.rtf,nma-nma,2,2,0
P29,nma-nma.11.rtf,nma-nma,2,2,0
P30,nma-nma.11.rtf,nma-nma,2,2,0
P31,nma-nma.11.rtf,nma-nma,2,2,0
P32,nma-nma.11.rtf,nma-nma,2,2,322
P33,nma-nma.11.rtf,nma-nma,2,2,0
P34,nma-nma.11.rtf,nma-nma,2,2,0
P35,nma-nma.11.rtf,nma-nma,2,2,0
P36,nma-nma.11.rtf,nma-nma,2,2,0
P37,nma-nma.11.rtf,nma-nma,2,2,0
P01,nma-nma.12.rtf,nma-nma,2,2,0
P02,nma-nma.12.rtf,nma-nma,2,2,0
P03,nma-nma.12.rtf,nma-nma,2,2,0
P04,nma-nma.12.rtf,nma-nma,2,2,0
P05,nma-nma.12.rtf,nma-nma,2,2,0
P06,nma-nma.12.rtf,nma-nma,2,2,0
P07,nma-nma.12.rtf,nma-nma,2,2,146
P08,nma-nma.12.rtf,nma-nma,2,2,0
P09,nma-nma.12.rtf,nma-nma,2,2,0
P10,nma-nma.12.rtf,nma-nma,2,2,0
P11,nma-nma.12.rtf,nma-nma,2,2,0
P12,nma-nma.12.rtf,nma-nma,2,2,0
P13,nma-nma.12.rtf,nma-nma,2,2,0
P14,nma-nma.12.rtf,nma-nma,2,2,0
P15,nma-nma.12.rtf,nma-nma,2,2,78
P16,nma-nma.12.rtf,nma-nma,2,2,53
P17,nma-nma.12.rtf,nma-nma,2,2,0
P18,nma-nma.12.rtf,nma-nma,2,2,53
P19,nma-nma.12.rtf,nma-nma,2,2,0
P20,nma-nma.12.rtf,nma-nma,2,2,0
P21,nma-nma.12.rtf,nma-nma,2,2,0
P22,nma-nma.12.rtf,nma-nma,2,2,0
P23,nma-nma.12.rtf,nma-nma,2,2,231
P24,nma-nma.12.rtf,nma-nma,2,2,0
P25,nma-nma.12.rtf,nma-nma,2,2,327
P26,nma-nma.12.rtf,nma-nma,2,2,0
P27,nma-nma.12.rtf,nma-nma,2,2,171
P28,nma-nma.12.rtf,nma-nma,2,2,0
P29,nma-nma.12.rtf,nma-nma,2,2,0
P30,nma-nma.12.rtf,nma-nma,2,2,0
P31,nma-nma.12.rtf,nma-nma,2,2,0
P32,nma-nma.12.rtf,nma-nma,2,2,0
P33,nma-nma.12.rtf,nma-nma,2,2,244
P34,nma-nma.12.rtf,nma-nma,2,2,0
P35,nma-nma.12.rtf,nma-nma,2,2,0
P36,nma-nma.12.rtf,nma-nma,2,2,0
P37,nma-nma.12.rtf,nma-nma,2,2,0
