item,subject,semantic,parallel,condition,RT
ma-ma.01,1,1,2,ma-ma,709.7
ma-ma.01,2,1,2,ma-ma,1021.7
ma-ma.01,3,1,2,ma-ma,107
ma-ma.01,4,1,2,ma-ma,151
ma-ma.01,5,1,2,ma-ma,327
ma-ma.01,7,1,2,ma-ma,127
ma-ma.01,8,1,2,ma-ma,865
ma-ma.01,9,1,2,ma-ma,239
ma-ma.01,10,1,2,ma-ma,396
ma-ma.01,11,1,2,ma-ma,205
ma-ma.01,12,1,2,ma-ma,366
ma-ma.01,13,1,2,ma-ma,870.3
ma-ma.01,14,1,2,ma-ma,469
ma-ma.01,15,1,2,ma-ma,249
ma-ma.01,16,1,2,ma-ma,733.5
ma-ma.01,18,1,2,ma-ma,298
ma-ma.01,19,1,2,ma-ma,185
ma-ma.01,20,1,2,ma-ma,650
ma-ma.01,21,1,2,ma-ma,479
ma-ma.01,22,1,2,ma-ma,241
ma-ma.01,23,1,2,ma-ma,377
ma-ma.01,24,1,2,ma-ma,740
ma-ma.01,25,1,2,ma-ma,0
ma-ma.01,26,1,2,ma-ma,146
ma-ma.01,27,1,2,ma-ma,337
ma-ma.01,28,1,2,ma-ma,420
ma-ma.01,29,1,2,ma-ma,914.7
ma-ma.01,30,1,2,ma-ma,440
ma-ma.01,32,1,2,ma-ma,537
ma-ma.01,33,1,2,ma-ma,425
ma-ma.01,34,1,2,ma-ma,195
ma-ma.01,35,1,2,ma-ma,161
ma-ma.01,36,1,2,ma-ma,298
ma-ma.01,37,1,2,ma-ma,772
ma-ma.02,1,1,2,ma-ma,191
ma-ma.02,2,1,2,ma-ma,415
ma-ma.02,3,1,2,ma-ma,327
ma-ma.02,4,1,2,ma-ma,175
ma-ma.02,5,1,2,ma-ma,215
ma-ma.02,6,1,2,ma-ma,298
ma-ma.02,7,1,2,ma-ma,122
ma-ma.02,8,1,2,ma-ma,185
ma-ma.02,9,1,2,ma-ma,454
ma-ma.02,10,1,2,ma-ma,146
ma-ma.02,11,1,2,ma-ma,239
ma-ma.02,12,1,2,ma-ma,156
ma-ma.02,13,1,2,ma-ma,1188.4
ma-ma.02,14,1,2,ma-ma,264
ma-ma.02,15,1,2,ma-ma,958.5
ma-ma.02,16,1,2,ma-ma,484.1
ma-ma.02,17,1,2,ma-ma,117
ma-ma.02,18,1,2,ma-ma,469
ma-ma.02,20,1,2,ma-ma,640
ma-ma.02,21,1,2,ma-ma,327
ma-ma.02,22,1,2,ma-ma,226
ma-ma.02,24,1,2,ma-ma,130
ma-ma.02,25,1,2,ma-ma,659.4
ma-ma.02,26,1,2,ma-ma,317
ma-ma.02,27,1,2,ma-ma,567
ma-ma.02,28,1,2,ma-ma,93
ma-ma.02,29,1,2,ma-ma,376
ma-ma.02,30,1,2,ma-ma,195
ma-ma.02,31,1,2,ma-ma,141
ma-ma.02,32,1,2,ma-ma,352
ma-ma.02,33,1,2,ma-ma,224
ma-ma.02,34,1,2,ma-ma,166
ma-ma.02,35,1,2,ma-ma,313
ma-ma.02,36,1,2,ma-ma,405.9
ma-ma.02,37,1,2,ma-ma,635.7
ma-ma.03,1,1,2,ma-ma,100
ma-ma.03,2,1,2,ma-ma,410.7
ma-ma.03,3,1,2,ma-ma,127
ma-ma.03,5,1,2,ma-ma,136
ma-ma.03,6,1,2,ma-ma,1022
ma-ma.03,7,1,2,ma-ma,322
ma-ma.03,8,1,2,ma-ma,205
ma-ma.03,9,1,2,ma-ma,528
ma-ma.03,10,1,2,ma-ma,518.3
ma-ma.03,11,1,2,ma-ma,1095
ma-ma.03,12,1,2,ma-ma,106
ma-ma.03,15,1,2,ma-ma,1061.2
ma-ma.03,16,1,2,ma-ma,420.6
ma-ma.03,17,1,2,ma-ma,73
ma-ma.03,18,1,2,ma-ma,581
ma-ma.03,19,1,2,ma-ma,161
ma-ma.03,20,1,2,ma-ma,166
ma-ma.03,21,1,2,ma-ma,78
ma-ma.03,22,1,2,ma-ma,351
ma-ma.03,24,1,2,ma-ma,120
ma-ma.03,25,1,2,ma-ma,352
ma-ma.03,26,1,2,ma-ma,317
ma-ma.03,27,1,2,ma-ma,303
ma-ma.03,28,1,2,ma-ma,0
ma-ma.03,29,1,2,ma-ma,695.6
ma-ma.03,30,1,2,ma-ma,195
ma-ma.03,31,1,2,ma-ma,630.4
ma-ma.03,32,1,2,ma-ma,1198.2
ma-ma.03,33,1,2,ma-ma,146
ma-ma.03,34,1,2,ma-ma,166
ma-ma.03,35,1,2,ma-ma,117
ma-ma.03,36,1,2,ma-ma,146
ma-ma.03,37,1,2,ma-ma,224
ma-ma.04,1,1,2,ma-ma,251
ma-ma.04,2,1,2,ma-ma,176
ma-ma.04,3,1,2,ma-ma,0
ma-ma.04,4,1,2,ma-ma,871
ma-ma.04,5,1,2,ma-ma,195
ma-ma.04,6,1,2,ma-ma,376
ma-ma.04,7,1,2,ma-ma,146
ma-ma.04,8,1,2,ma-ma,161
ma-ma.04,9,1,2,ma-ma,396
ma-ma.04,10,1,2,ma-ma,357
ma-ma.04,11,1,2,ma-ma,156
ma-ma.04,12,1,2,ma-ma,171
ma-ma.04,14,1,2,ma-ma,210
ma-ma.04,15,1,2,ma-ma,112
ma-ma.04,16,1,2,ma-ma,352
ma-ma.04,17,1,2,ma-ma,327
ma-ma.04,18,1,2,ma-ma,283
ma-ma.04,19,1,2,ma-ma,317
ma-ma.04,20,1,2,ma-ma,327.6
ma-ma.04,21,1,2,ma-ma,430
ma-ma.04,22,1,2,ma-ma,322
ma-ma.04,23,1,2,ma-ma,302
ma-ma.04,24,1,2,ma-ma,750
ma-ma.04,25,1,2,ma-ma,201
ma-ma.04,26,1,2,ma-ma,387
ma-ma.04,27,1,2,ma-ma,508.5
ma-ma.04,28,1,2,ma-ma,332
ma-ma.04,29,1,2,ma-ma,831.4
ma-ma.04,30,1,2,ma-ma,220
ma-ma.04,31,1,2,ma-ma,0
ma-ma.04,32,1,2,ma-ma,591
ma-ma.04,33,1,2,ma-ma,200
ma-ma.04,34,1,2,ma-ma,244
ma-ma.04,35,1,2,ma-ma,431.1
ma-ma.04,36,1,2,ma-ma,68
ma-ma.04,37,1,2,ma-ma,831.2
ma-ma.05,1,1,2,ma-ma,201
ma-ma.05,2,1,2,ma-ma,205.3
ma-ma.05,3,1,2,ma-ma,54
ma-ma.05,4,1,2,ma-ma,210
ma-ma.05,5,1,2,ma-ma,211
ma-ma.05,6,1,2,ma-ma,264
ma-ma.05,7,1,2,ma-ma,264
ma-ma.05,8,1,2,ma-ma,357
ma-ma.05,9,1,2,ma-ma,190
ma-ma.05,10,1,2,ma-ma,806.9
ma-ma.05,11,1,2,ma-ma,283
ma-ma.05,12,1,2,ma-ma,132
ma-ma.05,13,1,2,ma-ma,146
ma-ma.05,14,1,2,ma-ma,479
ma-ma.05,15,1,2,ma-ma,83
ma-ma.05,16,1,2,ma-ma,1002.3
ma-ma.05,17,1,2,ma-ma,425
ma-ma.05,18,1,2,ma-ma,386
ma-ma.05,19,1,2,ma-ma,156
ma-ma.05,20,1,2,ma-ma,748
ma-ma.05,21,1,2,ma-ma,180
ma-ma.05,22,1,2,ma-ma,337
ma-ma.05,24,1,2,ma-ma,156
ma-ma.05,25,1,2,ma-ma,377
ma-ma.05,26,1,2,ma-ma,241
ma-ma.05,27,1,2,ma-ma,1075.8
ma-ma.05,28,1,2,ma-ma,73
ma-ma.05,29,1,2,ma-ma,797
ma-ma.05,30,1,2,ma-ma,180
ma-ma.05,31,1,2,ma-ma,806.8
ma-ma.05,32,1,2,ma-ma,542
ma-ma.05,33,1,2,ma-ma,215
ma-ma.05,34,1,2,ma-ma,313
ma-ma.05,35,1,2,ma-ma,249
ma-ma.05,36,1,2,ma-ma,631
ma-ma.05,37,1,2,ma-ma,357
ma-ma.06,1,1,2,ma-ma,50
ma-ma.06,2,1,2,ma-ma,180
ma-ma.06,3,1,2,ma-ma,0
ma-ma.06,4,1,2,ma-ma,239
ma-ma.06,5,1,2,ma-ma,215
ma-ma.06,6,1,2,ma-ma,205
ma-ma.06,7,1,2,ma-ma,264
ma-ma.06,8,1,2,ma-ma,352
ma-ma.06,9,1,2,ma-ma,440
ma-ma.06,10,1,2,ma-ma,635
ma-ma.06,11,1,2,ma-ma,185
ma-ma.06,13,1,2,ma-ma,1130
ma-ma.06,14,1,2,ma-ma,273
ma-ma.06,15,1,2,ma-ma,454.8
ma-ma.06,16,1,2,ma-ma,220
ma-ma.06,17,1,2,ma-ma,361.8
ma-ma.06,18,1,2,ma-ma,1031.6
ma-ma.06,19,1,2,ma-ma,68
ma-ma.06,21,1,2,ma-ma,174
ma-ma.06,22,1,2,ma-ma,755.1
ma-ma.06,23,1,2,ma-ma,427
ma-ma.06,24,1,2,ma-ma,417.8
ma-ma.06,25,1,2,ma-ma,297
ma-ma.06,26,1,2,ma-ma,1052.5
ma-ma.06,27,1,2,ma-ma,253
ma-ma.06,28,1,2,ma-ma,514.1
ma-ma.06,29,1,2,ma-ma,122
ma-ma.06,30,1,2,ma-ma,293.3
ma-ma.06,31,1,2,ma-ma,264
ma-ma.06,33,1,2,ma-ma,229
ma-ma.06,34,1,2,ma-ma,532.3
ma-ma.06,35,1,2,ma-ma,675.1
ma-ma.06,36,1,2,ma-ma,205
ma-ma.06,37,1,2,ma-ma,728.6
ma-ma.07,1,1,2,ma-ma,367
ma-ma.07,2,1,2,ma-ma,635
ma-ma.07,3,1,2,ma-ma,63
ma-ma.07,4,1,2,ma-ma,987
ma-ma.07,5,1,2,ma-ma,474
ma-ma.07,6,1,2,ma-ma,156
ma-ma.07,7,1,2,ma-ma,166
ma-ma.07,8,1,2,ma-ma,185
ma-ma.07,9,1,2,ma-ma,0
ma-ma.07,10,1,2,ma-ma,254
ma-ma.07,11,1,2,ma-ma,752.8
ma-ma.07,13,1,2,ma-ma,200
ma-ma.07,14,1,2,ma-ma,136
ma-ma.07,15,1,2,ma-ma,317
ma-ma.07,16,1,2,ma-ma,171
ma-ma.07,17,1,2,ma-ma,269
ma-ma.07,18,1,2,ma-ma,249
ma-ma.07,20,1,2,ma-ma,429
ma-ma.07,21,1,2,ma-ma,269
ma-ma.07,22,1,2,ma-ma,367
ma-ma.07,23,1,2,ma-ma,463
ma-ma.07,24,1,2,ma-ma,161
ma-ma.07,25,1,2,ma-ma,427.9
ma-ma.07,26,1,2,ma-ma,286
ma-ma.07,27,1,2,ma-ma,151
ma-ma.07,28,1,2,ma-ma,185
ma-ma.07,29,1,2,ma-ma,132
ma-ma.07,30,1,2,ma-ma,301.8
ma-ma.07,31,1,2,ma-ma,322
ma-ma.07,32,1,2,ma-ma,381
ma-ma.07,33,1,2,ma-ma,664.9
ma-ma.07,34,1,2,ma-ma,469
ma-ma.07,36,1,2,ma-ma,728.4
ma-ma.07,37,1,2,ma-ma,317
ma-ma.08,1,1,2,ma-ma,351
ma-ma.08,2,1,2,ma-ma,308
ma-ma.08,3,1,2,ma-ma,58
ma-ma.08,4,1,2,ma-ma,73
ma-ma.08,5,1,2,ma-ma,435
ma-ma.08,7,1,2,ma-ma,489
ma-ma.08,8,1,2,ma-ma,743.2
ma-ma.08,9,1,2,ma-ma,308
ma-ma.08,10,1,2,ma-ma,386
ma-ma.08,11,1,2,ma-ma,195
ma-ma.08,12,1,2,ma-ma,229
ma-ma.08,13,1,2,ma-ma,557.4
ma-ma.08,14,1,2,ma-ma,332
ma-ma.08,15,1,2,ma-ma,269
ma-ma.08,16,1,2,ma-ma,586
ma-ma.08,17,1,2,ma-ma,229.9
ma-ma.08,18,1,2,ma-ma,0
ma-ma.08,19,1,2,ma-ma,156
ma-ma.08,20,1,2,ma-ma,337
ma-ma.08,21,1,2,ma-ma,772
ma-ma.08,22,1,2,ma-ma,357
ma-ma.08,23,1,2,ma-ma,761
ma-ma.08,24,1,2,ma-ma,191
ma-ma.08,25,1,2,ma-ma,327
ma-ma.08,26,1,2,ma-ma,287
ma-ma.08,27,1,2,ma-ma,1124.7
ma-ma.08,28,1,2,ma-ma,312
ma-ma.08,29,1,2,ma-ma,185
ma-ma.08,31,1,2,ma-ma,655.2
ma-ma.08,33,1,2,ma-ma,1031
ma-ma.08,34,1,2,ma-ma,454
ma-ma.08,35,1,2,ma-ma,371
ma-ma.08,36,1,2,ma-ma,391.2
ma-ma.08,37,1,2,ma-ma,205
ma-ma.09,1,1,2,ma-ma,201
ma-ma.09,2,1,2,ma-ma,386
ma-ma.09,3,1,2,ma-ma,0
ma-ma.09,4,1,2,ma-ma,752
ma-ma.09,5,1,2,ma-ma,249
ma-ma.09,6,1,2,ma-ma,572
ma-ma.09,7,1,2,ma-ma,132
ma-ma.09,8,1,2,ma-ma,303
ma-ma.09,9,1,2,ma-ma,322
ma-ma.09,10,1,2,ma-ma,459.6
ma-ma.09,11,1,2,ma-ma,288
ma-ma.09,12,1,2,ma-ma,860
ma-ma.09,13,1,2,ma-ma,219
ma-ma.09,14,1,2,ma-ma,430
ma-ma.09,15,1,2,ma-ma,259
ma-ma.09,16,1,2,ma-ma,435
ma-ma.09,17,1,2,ma-ma,327
ma-ma.09,18,1,2,ma-ma,591.7
ma-ma.09,19,1,2,ma-ma,156
ma-ma.09,20,1,2,ma-ma,352
ma-ma.09,21,1,2,ma-ma,313
ma-ma.09,22,1,2,ma-ma,312
ma-ma.09,23,1,2,ma-ma,161
ma-ma.09,24,1,2,ma-ma,186
ma-ma.09,25,1,2,ma-ma,221
ma-ma.09,26,1,2,ma-ma,977
ma-ma.09,27,1,2,ma-ma,645.7
ma-ma.09,28,1,2,ma-ma,254
ma-ma.09,29,1,2,ma-ma,537.7
ma-ma.09,30,1,2,ma-ma,288
ma-ma.09,31,1,2,ma-ma,205
ma-ma.09,32,1,2,ma-ma,351
ma-ma.09,33,1,2,ma-ma,474.2
ma-ma.09,34,1,2,ma-ma,303
ma-ma.09,35,1,2,ma-ma,371
ma-ma.09,36,1,2,ma-ma,273
ma-ma.09,37,1,2,ma-ma,151
ma-ma.10,1,1,2,ma-ma,292
ma-ma.10,2,1,2,ma-ma,102
ma-ma.10,3,1,2,ma-ma,141
ma-ma.10,4,1,2,ma-ma,131
ma-ma.10,5,1,2,ma-ma,288
ma-ma.10,6,1,2,ma-ma,523
ma-ma.10,7,1,2,ma-ma,176
ma-ma.10,8,1,2,ma-ma,327
ma-ma.10,9,1,2,ma-ma,1105.5
ma-ma.10,10,1,2,ma-ma,215
ma-ma.10,11,1,2,ma-ma,249
ma-ma.10,12,1,2,ma-ma,552
ma-ma.10,13,1,2,ma-ma,264
ma-ma.10,14,1,2,ma-ma,234
ma-ma.10,15,1,2,ma-ma,156
ma-ma.10,16,1,2,ma-ma,180
ma-ma.10,17,1,2,ma-ma,313
ma-ma.10,18,1,2,ma-ma,293
ma-ma.10,19,1,2,ma-ma,181
ma-ma.10,20,1,2,ma-ma,366
ma-ma.10,21,1,2,ma-ma,675
ma-ma.10,22,1,2,ma-ma,256
ma-ma.10,23,1,2,ma-ma,161
ma-ma.10,24,1,2,ma-ma,286
ma-ma.10,25,1,2,ma-ma,151
ma-ma.10,26,1,2,ma-ma,332
ma-ma.10,28,1,2,ma-ma,1012.3
ma-ma.10,29,1,2,ma-ma,405.8
ma-ma.10,30,1,2,ma-ma,420
ma-ma.10,33,1,2,ma-ma,787
ma-ma.10,34,1,2,ma-ma,141
ma-ma.10,35,1,2,ma-ma,405.9
ma-ma.10,36,1,2,ma-ma,0
ma-ma.10,37,1,2,ma-ma,141
ma-ma.11,1,1,2,ma-ma,266
ma-ma.11,2,1,2,ma-ma,308
ma-ma.11,3,1,2,ma-ma,127
ma-ma.11,4,1,2,ma-ma,185
ma-ma.11,5,1,2,ma-ma,274
ma-ma.11,6,1,2,ma-ma,132
ma-ma.11,7,1,2,ma-ma,298
ma-ma.11,8,1,2,ma-ma,635
ma-ma.11,9,1,2,ma-ma,215
ma-ma.11,10,1,2,ma-ma,909.7
ma-ma.11,11,1,2,ma-ma,449
ma-ma.11,13,1,2,ma-ma,650
ma-ma.11,14,1,2,ma-ma,342.1
ma-ma.11,15,1,2,ma-ma,366
ma-ma.11,16,1,2,ma-ma,332
ma-ma.11,17,1,2,ma-ma,572
ma-ma.11,18,1,2,ma-ma,190
ma-ma.11,19,1,2,ma-ma,273
ma-ma.11,20,1,2,ma-ma,1066
ma-ma.11,21,1,2,ma-ma,342
ma-ma.11,22,1,2,ma-ma,307
ma-ma.11,23,1,2,ma-ma,362
ma-ma.11,24,1,2,ma-ma,146
ma-ma.11,25,1,2,ma-ma,140
ma-ma.11,26,1,2,ma-ma,206
ma-ma.11,27,1,2,ma-ma,127
ma-ma.11,28,1,2,ma-ma,141
ma-ma.11,29,1,2,ma-ma,449.9
ma-ma.11,30,1,2,ma-ma,582.1
ma-ma.11,31,1,2,ma-ma,454
ma-ma.11,33,1,2,ma-ma,597.1
ma-ma.11,34,1,2,ma-ma,234
ma-ma.11,35,1,2,ma-ma,0
ma-ma.11,36,1,2,ma-ma,122
ma-ma.11,37,1,2,ma-ma,322
ma-ma.12,1,1,2,ma-ma,332
ma-ma.12,2,1,2,ma-ma,259
ma-ma.12,3,1,2,ma-ma,58
ma-ma.12,4,1,2,ma-ma,298
ma-ma.12,5,1,2,ma-ma,313
ma-ma.12,6,1,2,ma-ma,234
ma-ma.12,7,1,2,ma-ma,293
ma-ma.12,8,1,2,ma-ma,132
ma-ma.12,9,1,2,ma-ma,140
ma-ma.12,10,1,2,ma-ma,973.2
ma-ma.12,11,1,2,ma-ma,259
ma-ma.12,12,1,2,ma-ma,430.4
ma-ma.12,13,1,2,ma-ma,127
ma-ma.12,15,1,2,ma-ma,748.3
ma-ma.12,16,1,2,ma-ma,175
ma-ma.12,17,1,2,ma-ma,0
ma-ma.12,18,1,2,ma-ma,229
ma-ma.12,19,1,2,ma-ma,225
ma-ma.12,20,1,2,ma-ma,875
ma-ma.12,21,1,2,ma-ma,205
ma-ma.12,22,1,2,ma-ma,166
ma-ma.12,23,1,2,ma-ma,583
ma-ma.12,24,1,2,ma-ma,191
ma-ma.12,25,1,2,ma-ma,493
ma-ma.12,26,1,2,ma-ma,135
ma-ma.12,27,1,2,ma-ma,406
ma-ma.12,28,1,2,ma-ma,53
ma-ma.12,29,1,2,ma-ma,430.4
ma-ma.12,30,1,2,ma-ma,83
ma-ma.12,31,1,2,ma-ma,356
ma-ma.12,32,1,2,ma-ma,318
ma-ma.12,34,1,2,ma-ma,117
ma-ma.12,35,1,2,ma-ma,914.1
ma-ma.12,36,1,2,ma-ma,176
ma-ma.12,37,1,2,ma-ma,518
ma-nma.01,1,2,1,ma-nma,236
ma-nma.01,2,2,1,ma-nma,366
ma-nma.01,3,2,1,ma-nma,68
ma-nma.01,4,2,1,ma-nma,249
ma-nma.01,5,2,1,ma-nma,215
ma-nma.01,6,2,1,ma-nma,83
ma-nma.01,7,2,1,ma-nma,160
ma-nma.01,8,2,1,ma-nma,156
ma-nma.01,9,2,1,ma-nma,366
ma-nma.01,10,2,1,ma-nma,68
ma-nma.01,11,2,1,ma-nma,449
ma-nma.01,12,2,1,ma-nma,523
ma-nma.01,13,2,1,ma-nma,201
ma-nma.01,14,2,1,ma-nma,264
ma-nma.01,15,2,1,ma-nma,733.5
ma-nma.01,16,2,1,ma-nma,278
ma-nma.01,17,2,1,ma-nma,156
ma-nma.01,18,2,1,ma-nma,234
ma-nma.01,19,2,1,ma-nma,171
ma-nma.01,20,2,1,ma-nma,141
ma-nma.01,21,2,1,ma-nma,269
ma-nma.01,22,2,1,ma-nma,392
ma-nma.01,24,2,1,ma-nma,120
ma-nma.01,25,2,1,ma-nma,810.5
ma-nma.01,26,2,1,ma-nma,181
ma-nma.01,27,2,1,ma-nma,542.9
ma-nma.01,28,2,1,ma-nma,288
ma-nma.01,29,2,1,ma-nma,249
ma-nma.01,30,2,1,ma-nma,112
ma-nma.01,31,2,1,ma-nma,112
ma-nma.01,32,2,1,ma-nma,1046
ma-nma.01,33,2,1,ma-nma,288
ma-nma.01,34,2,1,ma-nma,122
ma-nma.01,36,2,1,ma-nma,322
ma-nma.01,37,2,1,ma-nma,127
ma-nma.02,1,2,1,ma-nma,186
ma-nma.02,2,2,1,ma-nma,200
ma-nma.02,3,2,1,ma-nma,156
ma-nma.02,4,2,1,ma-nma,903.7
ma-nma.02,5,2,1,ma-nma,141
ma-nma.02,6,2,1,ma-nma,557
ma-nma.02,7,2,1,ma-nma,386
ma-nma.02,8,2,1,ma-nma,278
ma-nma.02,9,2,1,ma-nma,195
ma-nma.02,10,2,1,ma-nma,151
ma-nma.02,11,2,1,ma-nma,728.7
ma-nma.02,12,2,1,ma-nma,357
ma-nma.02,13,2,1,ma-nma,220
ma-nma.02,14,2,1,ma-nma,264
ma-nma.02,15,2,1,ma-nma,229
ma-nma.02,16,2,1,ma-nma,386
ma-nma.02,17,2,1,ma-nma,420
ma-nma.02,18,2,1,ma-nma,156
ma-nma.02,19,2,1,ma-nma,405.4
ma-nma.02,20,2,1,ma-nma,377
ma-nma.02,21,2,1,ma-nma,884
ma-nma.02,22,2,1,ma-nma,145
ma-nma.02,23,2,1,ma-nma,463
ma-nma.02,24,2,1,ma-nma,115
ma-nma.02,25,2,1,ma-nma,287
ma-nma.02,27,2,1,ma-nma,475
ma-nma.02,28,2,1,ma-nma,294
ma-nma.02,29,2,1,ma-nma,1169
ma-nma.02,30,2,1,ma-nma,92
ma-nma.02,31,2,1,ma-nma,220
ma-nma.02,33,2,1,ma-nma,264
ma-nma.02,34,2,1,ma-nma,347
ma-nma.02,35,2,1,ma-nma,0
ma-nma.02,36,2,1,ma-nma,210
ma-nma.03,2,2,1,ma-nma,293
ma-nma.03,3,2,1,ma-nma,214
ma-nma.03,4,2,1,ma-nma,343.1
ma-nma.03,5,2,1,ma-nma,165
ma-nma.03,6,2,1,ma-nma,141
ma-nma.03,7,2,1,ma-nma,489
ma-nma.03,8,2,1,ma-nma,244
ma-nma.03,9,2,1,ma-nma,161
ma-nma.03,10,2,1,ma-nma,245
ma-nma.03,11,2,1,ma-nma,1060.9
ma-nma.03,12,2,1,ma-nma,533
ma-nma.03,13,2,1,ma-nma,136
ma-nma.03,14,2,1,ma-nma,371
ma-nma.03,15,2,1,ma-nma,269
ma-nma.03,16,2,1,ma-nma,351
ma-nma.03,17,2,1,ma-nma,333
ma-nma.03,18,2,1,ma-nma,195
ma-nma.03,19,2,1,ma-nma,508.4
ma-nma.03,20,2,1,ma-nma,215
ma-nma.03,21,2,1,ma-nma,205
ma-nma.03,22,2,1,ma-nma,90
ma-nma.03,23,2,1,ma-nma,478
ma-nma.03,24,2,1,ma-nma,130
ma-nma.03,25,2,1,ma-nma,458
ma-nma.03,27,2,1,ma-nma,449.8
ma-nma.03,28,2,1,ma-nma,401
ma-nma.03,29,2,1,ma-nma,112
ma-nma.03,30,2,1,ma-nma,195
ma-nma.03,31,2,1,ma-nma,293
ma-nma.03,32,2,1,ma-nma,855.8
ma-nma.03,33,2,1,ma-nma,308
ma-nma.03,34,2,1,ma-nma,175
ma-nma.03,35,2,1,ma-nma,122
ma-nma.03,36,2,1,ma-nma,161
ma-nma.03,37,2,1,ma-nma,190
ma-nma.04,1,2,1,ma-nma,221.3
ma-nma.04,2,2,1,ma-nma,220
ma-nma.04,3,2,1,ma-nma,0
ma-nma.04,4,2,1,ma-nma,675.2
ma-nma.04,5,2,1,ma-nma,141
ma-nma.04,6,2,1,ma-nma,391
ma-nma.04,7,2,1,ma-nma,391
ma-nma.04,8,2,1,ma-nma,136
ma-nma.04,9,2,1,ma-nma,195
ma-nma.04,10,2,1,ma-nma,151
ma-nma.04,11,2,1,ma-nma,538
ma-nma.04,12,2,1,ma-nma,225
ma-nma.04,13,2,1,ma-nma,674
ma-nma.04,14,2,1,ma-nma,239
ma-nma.04,15,2,1,ma-nma,146
ma-nma.04,16,2,1,ma-nma,405
ma-nma.04,17,2,1,ma-nma,78
ma-nma.04,18,2,1,ma-nma,273
ma-nma.04,19,2,1,ma-nma,122
ma-nma.04,20,2,1,ma-nma,405
ma-nma.04,21,2,1,ma-nma,493
ma-nma.04,22,2,1,ma-nma,523
ma-nma.04,23,2,1,ma-nma,598.9
ma-nma.04,24,2,1,ma-nma,176
ma-nma.04,25,2,1,ma-nma,956.5
ma-nma.04,26,2,1,ma-nma,387
ma-nma.04,27,2,1,ma-nma,136
ma-nma.04,28,2,1,ma-nma,117
ma-nma.04,29,2,1,ma-nma,229.8
ma-nma.04,31,2,1,ma-nma,567
ma-nma.04,32,2,1,ma-nma,283
ma-nma.04,33,2,1,ma-nma,298
ma-nma.04,34,2,1,ma-nma,156
ma-nma.04,35,2,1,ma-nma,1041
ma-nma.04,36,2,1,ma-nma,171
ma-nma.04,37,2,1,ma-nma,137
ma-nma.05,1,2,1,ma-nma,211.5
ma-nma.05,2,2,1,ma-nma,195
ma-nma.05,3,2,1,ma-nma,0
ma-nma.05,4,2,1,ma-nma,107
ma-nma.05,5,2,1,ma-nma,445
ma-nma.05,6,2,1,ma-nma,293
ma-nma.05,7,2,1,ma-nma,176
ma-nma.05,8,2,1,ma-nma,537
ma-nma.05,9,2,1,ma-nma,176
ma-nma.05,10,2,1,ma-nma,577
ma-nma.05,11,2,1,ma-nma,146
ma-nma.05,12,2,1,ma-nma,156
ma-nma.05,13,2,1,ma-nma,146
ma-nma.05,14,2,1,ma-nma,68
ma-nma.05,15,2,1,ma-nma,151
ma-nma.05,16,2,1,ma-nma,132
ma-nma.05,17,2,1,ma-nma,229
ma-nma.05,18,2,1,ma-nma,278
ma-nma.05,19,2,1,ma-nma,479
ma-nma.05,20,2,1,ma-nma,206
ma-nma.05,21,2,1,ma-nma,528
ma-nma.05,22,2,1,ma-nma,241
ma-nma.05,23,2,1,ma-nma,226
ma-nma.05,24,2,1,ma-nma,155
ma-nma.05,25,2,1,ma-nma,181
ma-nma.05,26,2,1,ma-nma,206
ma-nma.05,27,2,1,ma-nma,567.3
ma-nma.05,28,2,1,ma-nma,166
ma-nma.05,29,2,1,ma-nma,127
ma-nma.05,30,2,1,ma-nma,78
ma-nma.05,31,2,1,ma-nma,606.2
ma-nma.05,32,2,1,ma-nma,567.2
ma-nma.05,33,2,1,ma-nma,503.6
ma-nma.05,34,2,1,ma-nma,308
ma-nma.05,35,2,1,ma-nma,151
ma-nma.05,36,2,1,ma-nma,190
ma-nma.05,37,2,1,ma-nma,268
ma-nma.06,1,2,1,ma-nma,332.1
ma-nma.06,2,2,1,ma-nma,190
ma-nma.06,3,2,1,ma-nma,0
ma-nma.06,4,2,1,ma-nma,811.7
ma-nma.06,5,2,1,ma-nma,176
ma-nma.06,6,2,1,ma-nma,200
ma-nma.06,7,2,1,ma-nma,493
ma-nma.06,8,2,1,ma-nma,234
ma-nma.06,9,2,1,ma-nma,332
ma-nma.06,10,2,1,ma-nma,312
ma-nma.06,11,2,1,ma-nma,625
ma-nma.06,12,2,1,ma-nma,293
ma-nma.06,13,2,1,ma-nma,474
ma-nma.06,14,2,1,ma-nma,489.9
ma-nma.06,15,2,1,ma-nma,987.9
ma-nma.06,16,2,1,ma-nma,151
ma-nma.06,17,2,1,ma-nma,83
ma-nma.06,18,2,1,ma-nma,234
ma-nma.06,20,2,1,ma-nma,420
ma-nma.06,21,2,1,ma-nma,317
ma-nma.06,22,2,1,ma-nma,211
ma-nma.06,23,2,1,ma-nma,241
ma-nma.06,24,2,1,ma-nma,191
ma-nma.06,25,2,1,ma-nma,317
ma-nma.06,26,2,1,ma-nma,251
ma-nma.06,27,2,1,ma-nma,415
ma-nma.06,28,2,1,ma-nma,205
ma-nma.06,29,2,1,ma-nma,132
ma-nma.06,30,2,1,ma-nma,205
ma-nma.06,31,2,1,ma-nma,269
ma-nma.06,32,2,1,ma-nma,273
ma-nma.06,33,2,1,ma-nma,537.7
ma-nma.06,34,2,1,ma-nma,122
ma-nma.06,35,2,1,ma-nma,127
ma-nma.06,36,2,1,ma-nma,200
ma-nma.06,37,2,1,ma-nma,166
ma-nma.07,1,2,1,ma-nma,0
ma-nma.07,2,2,1,ma-nma,136
ma-nma.07,3,2,1,ma-nma,0
ma-nma.07,4,2,1,ma-nma,58
ma-nma.07,5,2,1,ma-nma,146
ma-nma.07,6,2,1,ma-nma,410
ma-nma.07,7,2,1,ma-nma,83
ma-nma.07,8,2,1,ma-nma,166
ma-nma.07,9,2,1,ma-nma,190
ma-nma.07,10,2,1,ma-nma,254
ma-nma.07,11,2,1,ma-nma,298
ma-nma.07,12,2,1,ma-nma,298
ma-nma.07,13,2,1,ma-nma,200
ma-nma.07,14,2,1,ma-nma,254
ma-nma.07,15,2,1,ma-nma,244
ma-nma.07,16,2,1,ma-nma,112
ma-nma.07,17,2,1,ma-nma,146
ma-nma.07,18,2,1,ma-nma,337
ma-nma.07,19,2,1,ma-nma,821.6
ma-nma.07,20,2,1,ma-nma,205
ma-nma.07,21,2,1,ma-nma,323.3
ma-nma.07,22,2,1,ma-nma,281
ma-nma.07,23,2,1,ma-nma,548
ma-nma.07,24,2,1,ma-nma,0
ma-nma.07,25,2,1,ma-nma,166
ma-nma.07,26,2,1,ma-nma,206
ma-nma.07,27,2,1,ma-nma,244
ma-nma.07,28,2,1,ma-nma,714
ma-nma.07,29,2,1,ma-nma,537.9
ma-nma.07,30,2,1,ma-nma,122
ma-nma.07,31,2,1,ma-nma,249
ma-nma.07,32,2,1,ma-nma,670
ma-nma.07,33,2,1,ma-nma,362
ma-nma.07,34,2,1,ma-nma,117
ma-nma.07,35,2,1,ma-nma,293
ma-nma.07,36,2,1,ma-nma,288
ma-nma.07,37,2,1,ma-nma,205
ma-nma.08,1,2,1,ma-nma,115.7
ma-nma.08,2,2,1,ma-nma,156
ma-nma.08,3,2,1,ma-nma,117
ma-nma.08,4,2,1,ma-nma,249
ma-nma.08,5,2,1,ma-nma,151
ma-nma.08,6,2,1,ma-nma,171
ma-nma.08,7,2,1,ma-nma,293
ma-nma.08,8,2,1,ma-nma,352
ma-nma.08,9,2,1,ma-nma,215
ma-nma.08,10,2,1,ma-nma,469
ma-nma.08,11,2,1,ma-nma,728.7
ma-nma.08,12,2,1,ma-nma,229
ma-nma.08,13,2,1,ma-nma,459
ma-nma.08,14,2,1,ma-nma,210
ma-nma.08,15,2,1,ma-nma,577
ma-nma.08,16,2,1,ma-nma,244
ma-nma.08,17,2,1,ma-nma,215
ma-nma.08,18,2,1,ma-nma,288
ma-nma.08,19,2,1,ma-nma,137
ma-nma.08,20,2,1,ma-nma,538
ma-nma.08,21,2,1,ma-nma,259
ma-nma.08,22,2,1,ma-nma,231
ma-nma.08,23,2,1,ma-nma,548
ma-nma.08,24,2,1,ma-nma,307
ma-nma.08,25,2,1,ma-nma,155
ma-nma.08,26,2,1,ma-nma,196
ma-nma.08,27,2,1,ma-nma,176
ma-nma.08,28,2,1,ma-nma,249
ma-nma.08,29,2,1,ma-nma,293
ma-nma.08,30,2,1,ma-nma,229
ma-nma.08,31,2,1,ma-nma,493
ma-nma.08,32,2,1,ma-nma,420
ma-nma.08,33,2,1,ma-nma,601
ma-nma.08,34,2,1,ma-nma,321
ma-nma.08,35,2,1,ma-nma,220
ma-nma.08,36,2,1,ma-nma,518
ma-nma.08,37,2,1,ma-nma,152
ma-nma.09,1,2,1,ma-nma,287
ma-nma.09,2,2,1,ma-nma,528
ma-nma.09,3,2,1,ma-nma,146
ma-nma.09,4,2,1,ma-nma,283
ma-nma.09,5,2,1,ma-nma,146
ma-nma.09,6,2,1,ma-nma,337
ma-nma.09,7,2,1,ma-nma,93
ma-nma.09,8,2,1,ma-nma,347
ma-nma.09,9,2,1,ma-nma,215
ma-nma.09,10,2,1,ma-nma,254
ma-nma.09,11,2,1,ma-nma,493
ma-nma.09,12,2,1,ma-nma,298
ma-nma.09,13,2,1,ma-nma,645
ma-nma.09,15,2,1,ma-nma,229
ma-nma.09,16,2,1,ma-nma,322
ma-nma.09,17,2,1,ma-nma,215
ma-nma.09,18,2,1,ma-nma,303
ma-nma.09,19,2,1,ma-nma,308
ma-nma.09,20,2,1,ma-nma,665
ma-nma.09,21,2,1,ma-nma,185
ma-nma.09,22,2,1,ma-nma,251
ma-nma.09,23,2,1,ma-nma,342
ma-nma.09,24,2,1,ma-nma,276
ma-nma.09,25,2,1,ma-nma,483.3
ma-nma.09,26,2,1,ma-nma,271
ma-nma.09,27,2,1,ma-nma,459
ma-nma.09,28,2,1,ma-nma,210
ma-nma.09,29,2,1,ma-nma,132
ma-nma.09,30,2,1,ma-nma,97
ma-nma.09,31,2,1,ma-nma,454
ma-nma.09,32,2,1,ma-nma,1197.9
ma-nma.09,33,2,1,ma-nma,263
ma-nma.09,34,2,1,ma-nma,220
ma-nma.09,35,2,1,ma-nma,185
ma-nma.09,36,2,1,ma-nma,185
ma-nma.09,37,2,1,ma-nma,459
ma-nma.10,1,2,1,ma-nma,236.6
ma-nma.10,2,2,1,ma-nma,229
ma-nma.10,3,2,1,ma-nma,83
ma-nma.10,4,2,1,ma-nma,298
ma-nma.10,5,2,1,ma-nma,185
ma-nma.10,6,2,1,ma-nma,264
ma-nma.10,7,2,1,ma-nma,83
ma-nma.10,8,2,1,ma-nma,542
ma-nma.10,9,2,1,ma-nma,283
ma-nma.10,10,2,1,ma-nma,254
ma-nma.10,11,2,1,ma-nma,352
ma-nma.10,12,2,1,ma-nma,210
ma-nma.10,13,2,1,ma-nma,205
ma-nma.10,14,2,1,ma-nma,440
ma-nma.10,15,2,1,ma-nma,288
ma-nma.10,16,2,1,ma-nma,298
ma-nma.10,17,2,1,ma-nma,396
ma-nma.10,18,2,1,ma-nma,391
ma-nma.10,19,2,1,ma-nma,141
ma-nma.10,20,2,1,ma-nma,478
ma-nma.10,21,2,1,ma-nma,180
ma-nma.10,22,2,1,ma-nma,509
ma-nma.10,23,2,1,ma-nma,966
ma-nma.10,24,2,1,ma-nma,473
ma-nma.10,25,2,1,ma-nma,448
ma-nma.10,26,2,1,ma-nma,312
ma-nma.10,27,2,1,ma-nma,185
ma-nma.10,28,2,1,ma-nma,865
ma-nma.10,29,2,1,ma-nma,131
ma-nma.10,30,2,1,ma-nma,264
ma-nma.10,31,2,1,ma-nma,200
ma-nma.10,32,2,1,ma-nma,415
ma-nma.10,33,2,1,ma-nma,229
ma-nma.10,34,2,1,ma-nma,136
ma-nma.10,35,2,1,ma-nma,161
ma-nma.10,36,2,1,ma-nma,229
ma-nma.10,37,2,1,ma-nma,205
ma-nma.11,1,2,1,ma-nma,196.4
ma-nma.11,2,2,1,ma-nma,151
ma-nma.11,3,2,1,ma-nma,112
ma-nma.11,4,2,1,ma-nma,93
ma-nma.11,5,2,1,ma-nma,342
ma-nma.11,6,2,1,ma-nma,611.2
ma-nma.11,7,2,1,ma-nma,200
ma-nma.11,8,2,1,ma-nma,366
ma-nma.11,9,2,1,ma-nma,220
ma-nma.11,10,2,1,ma-nma,362
ma-nma.11,11,2,1,ma-nma,356.9
ma-nma.11,12,2,1,ma-nma,400
ma-nma.11,13,2,1,ma-nma,205
ma-nma.11,14,2,1,ma-nma,665.2
ma-nma.11,15,2,1,ma-nma,577
ma-nma.11,16,2,1,ma-nma,401
ma-nma.11,17,2,1,ma-nma,342
ma-nma.11,18,2,1,ma-nma,543
ma-nma.11,19,2,1,ma-nma,210
ma-nma.11,20,2,1,ma-nma,762.9
ma-nma.11,21,2,1,ma-nma,577
ma-nma.11,22,2,1,ma-nma,372
ma-nma.11,23,2,1,ma-nma,932.2
ma-nma.11,24,2,1,ma-nma,146
ma-nma.11,26,2,1,ma-nma,146
ma-nma.11,28,2,1,ma-nma,220
ma-nma.11,29,2,1,ma-nma,141
ma-nma.11,30,2,1,ma-nma,171
ma-nma.11,32,2,1,ma-nma,1031.8
ma-nma.11,33,2,1,ma-nma,772.8
ma-nma.11,34,2,1,ma-nma,122
ma-nma.11,35,2,1,ma-nma,269
ma-nma.11,36,2,1,ma-nma,200
ma-nma.11,37,2,1,ma-nma,787.5
ma-nma.12,1,2,1,ma-nma,492
ma-nma.12,2,2,1,ma-nma,469
ma-nma.12,3,2,1,ma-nma,92
ma-nma.12,4,2,1,ma-nma,141
ma-nma.12,5,2,1,ma-nma,220
ma-nma.12,6,2,1,ma-nma,205
ma-nma.12,7,2,1,ma-nma,185
ma-nma.12,8,2,1,ma-nma,352
ma-nma.12,9,2,1,ma-nma,371
ma-nma.12,10,2,1,ma-nma,278
ma-nma.12,11,2,1,ma-nma,469
ma-nma.12,12,2,1,ma-nma,229
ma-nma.12,14,2,1,ma-nma,733
ma-nma.12,15,2,1,ma-nma,288
ma-nma.12,16,2,1,ma-nma,719.5
ma-nma.12,17,2,1,ma-nma,180
ma-nma.12,18,2,1,ma-nma,366
ma-nma.12,19,2,1,ma-nma,151
ma-nma.12,20,2,1,ma-nma,395
ma-nma.12,23,2,1,ma-nma,142
ma-nma.12,24,2,1,ma-nma,125
ma-nma.12,25,2,1,ma-nma,226
ma-nma.12,26,2,1,ma-nma,397
ma-nma.12,27,2,1,ma-nma,1061.2
ma-nma.12,28,2,1,ma-nma,475
ma-nma.12,29,2,1,ma-nma,454.7
ma-nma.12,30,2,1,ma-nma,185
ma-nma.12,31,2,1,ma-nma,484.1
ma-nma.12,32,2,1,ma-nma,292
ma-nma.12,33,2,1,ma-nma,445
ma-nma.12,34,2,1,ma-nma,283
ma-nma.12,35,2,1,ma-nma,68
ma-nma.12,36,2,1,ma-nma,674
ma-nma.12,37,2,1,ma-nma,259
nma-ma.01,1,1,1,nma-ma,221.6
nma-ma.01,2,1,1,nma-ma,0
nma-ma.01,3,1,1,nma-ma,298
nma-ma.01,4,1,1,nma-ma,151
nma-ma.01,5,1,1,nma-ma,132
nma-ma.01,6,1,1,nma-ma,171
nma-ma.01,7,1,1,nma-ma,58
nma-ma.01,8,1,1,nma-ma,200
nma-ma.01,9,1,1,nma-ma,743
nma-ma.01,10,1,1,nma-ma,332
nma-ma.01,11,1,1,nma-ma,679.7
nma-ma.01,12,1,1,nma-ma,166
nma-ma.01,13,1,1,nma-ma,229
nma-ma.01,14,1,1,nma-ma,547
nma-ma.01,15,1,1,nma-ma,322
nma-ma.01,16,1,1,nma-ma,464.7
nma-ma.01,17,1,1,nma-ma,141
nma-ma.01,18,1,1,nma-ma,812
nma-ma.01,19,1,1,nma-ma,572.2
nma-ma.01,20,1,1,nma-ma,420
nma-ma.01,21,1,1,nma-ma,777.5
nma-ma.01,22,1,1,nma-ma,201
nma-ma.01,23,1,1,nma-ma,735.2
nma-ma.01,24,1,1,nma-ma,735
nma-ma.01,25,1,1,nma-ma,563.8
nma-ma.01,26,1,1,nma-ma,269
nma-ma.01,27,1,1,nma-ma,249
nma-ma.01,28,1,1,nma-ma,234
nma-ma.01,29,1,1,nma-ma,254
nma-ma.01,30,1,1,nma-ma,132
nma-ma.01,31,1,1,nma-ma,454.8
nma-ma.01,32,1,1,nma-ma,420
nma-ma.01,33,1,1,nma-ma,215
nma-ma.01,34,1,1,nma-ma,293
nma-ma.01,35,1,1,nma-ma,239
nma-ma.01,36,1,1,nma-ma,176
nma-ma.01,37,1,1,nma-ma,171
nma-ma.02,1,1,1,nma-ma,292.1
nma-ma.02,2,1,1,nma-ma,621.2
nma-ma.02,3,1,1,nma-ma,660
nma-ma.02,4,1,1,nma-ma,244
nma-ma.02,5,1,1,nma-ma,215
nma-ma.02,6,1,1,nma-ma,273
nma-ma.02,7,1,1,nma-ma,268
nma-ma.02,8,1,1,nma-ma,244
nma-ma.02,9,1,1,nma-ma,78
nma-ma.02,10,1,1,nma-ma,396
nma-ma.02,11,1,1,nma-ma,733.5
nma-ma.02,12,1,1,nma-ma,758
nma-ma.02,13,1,1,nma-ma,841
nma-ma.02,14,1,1,nma-ma,342
nma-ma.02,15,1,1,nma-ma,166
nma-ma.02,16,1,1,nma-ma,714
nma-ma.02,17,1,1,nma-ma,503
nma-ma.02,18,1,1,nma-ma,385
nma-ma.02,19,1,1,nma-ma,122
nma-ma.02,20,1,1,nma-ma,938.8
nma-ma.02,22,1,1,nma-ma,553.2
nma-ma.02,23,1,1,nma-ma,367
nma-ma.02,24,1,1,nma-ma,216
nma-ma.02,25,1,1,nma-ma,181
nma-ma.02,26,1,1,nma-ma,186
nma-ma.02,27,1,1,nma-ma,420
nma-ma.02,28,1,1,nma-ma,547
nma-ma.02,29,1,1,nma-ma,587
nma-ma.02,30,1,1,nma-ma,195
nma-ma.02,32,1,1,nma-ma,948.6
nma-ma.02,33,1,1,nma-ma,185
nma-ma.02,34,1,1,nma-ma,146
nma-ma.02,35,1,1,nma-ma,733.6
nma-ma.02,36,1,1,nma-ma,69
nma-ma.02,37,1,1,nma-ma,352
nma-ma.03,1,1,1,nma-ma,221.5
nma-ma.03,2,1,1,nma-ma,513
nma-ma.03,3,1,1,nma-ma,53
nma-ma.03,4,1,1,nma-ma,147
nma-ma.03,5,1,1,nma-ma,386
nma-ma.03,6,1,1,nma-ma,180
nma-ma.03,7,1,1,nma-ma,83
nma-ma.03,8,1,1,nma-ma,161
nma-ma.03,9,1,1,nma-ma,244
nma-ma.03,10,1,1,nma-ma,229
nma-ma.03,11,1,1,nma-ma,327
nma-ma.03,13,1,1,nma-ma,420
nma-ma.03,14,1,1,nma-ma,406.1
nma-ma.03,15,1,1,nma-ma,161
nma-ma.03,16,1,1,nma-ma,513
nma-ma.03,17,1,1,nma-ma,326
nma-ma.03,18,1,1,nma-ma,303
nma-ma.03,19,1,1,nma-ma,273
nma-ma.03,20,1,1,nma-ma,381
nma-ma.03,21,1,1,nma-ma,298
nma-ma.03,22,1,1,nma-ma,754.8
nma-ma.03,24,1,1,nma-ma,624
nma-ma.03,25,1,1,nma-ma,584.1
nma-ma.03,26,1,1,nma-ma,392
nma-ma.03,27,1,1,nma-ma,293
nma-ma.03,28,1,1,nma-ma,0
nma-ma.03,29,1,1,nma-ma,97
nma-ma.03,30,1,1,nma-ma,234
nma-ma.03,31,1,1,nma-ma,997.4
nma-ma.03,32,1,1,nma-ma,405
nma-ma.03,33,1,1,nma-ma,224
nma-ma.03,34,1,1,nma-ma,151
nma-ma.03,35,1,1,nma-ma,254
nma-ma.03,36,1,1,nma-ma,396.2
nma-ma.03,37,1,1,nma-ma,239.5
nma-ma.04,1,1,1,nma-ma,377.4
nma-ma.04,2,1,1,nma-ma,376
nma-ma.04,3,1,1,nma-ma,117
nma-ma.04,4,1,1,nma-ma,542
nma-ma.04,5,1,1,nma-ma,454.7
nma-ma.04,6,1,1,nma-ma,982.7
nma-ma.04,7,1,1,nma-ma,430
nma-ma.04,8,1,1,nma-ma,420
nma-ma.04,9,1,1,nma-ma,376
nma-ma.04,10,1,1,nma-ma,185
nma-ma.04,11,1,1,nma-ma,234
nma-ma.04,12,1,1,nma-ma,117
nma-ma.04,13,1,1,nma-ma,635.6
nma-ma.04,14,1,1,nma-ma,278
nma-ma.04,15,1,1,nma-ma,591.8
nma-ma.04,16,1,1,nma-ma,254
nma-ma.04,17,1,1,nma-ma,508.7
nma-ma.04,18,1,1,nma-ma,313
nma-ma.04,19,1,1,nma-ma,161
nma-ma.04,20,1,1,nma-ma,562
nma-ma.04,21,1,1,nma-ma,205
nma-ma.04,22,1,1,nma-ma,336
nma-ma.04,24,1,1,nma-ma,85
nma-ma.04,25,1,1,nma-ma,493
nma-ma.04,26,1,1,nma-ma,156
nma-ma.04,27,1,1,nma-ma,410
nma-ma.04,28,1,1,nma-ma,406
nma-ma.04,29,1,1,nma-ma,234
nma-ma.04,30,1,1,nma-ma,229
nma-ma.04,31,1,1,nma-ma,288
nma-ma.04,32,1,1,nma-ma,410
nma-ma.04,33,1,1,nma-ma,58
nma-ma.04,34,1,1,nma-ma,415
nma-ma.04,35,1,1,nma-ma,494
nma-ma.04,36,1,1,nma-ma,224
nma-ma.04,37,1,1,nma-ma,166
nma-ma.05,1,1,1,nma-ma,191.4
nma-ma.05,2,1,1,nma-ma,410.8
nma-ma.05,3,1,1,nma-ma,190
nma-ma.05,4,1,1,nma-ma,348
nma-ma.05,5,1,1,nma-ma,244
nma-ma.05,6,1,1,nma-ma,518.2
nma-ma.05,7,1,1,nma-ma,229
nma-ma.05,8,1,1,nma-ma,97
nma-ma.05,9,1,1,nma-ma,273
nma-ma.05,10,1,1,nma-ma,518
nma-ma.05,11,1,1,nma-ma,635
nma-ma.05,12,1,1,nma-ma,493
nma-ma.05,13,1,1,nma-ma,131
nma-ma.05,14,1,1,nma-ma,357
nma-ma.05,15,1,1,nma-ma,107
nma-ma.05,16,1,1,nma-ma,425
nma-ma.05,17,1,1,nma-ma,1052.2
nma-ma.05,18,1,1,nma-ma,474
nma-ma.05,19,1,1,nma-ma,87
nma-ma.05,20,1,1,nma-ma,796
nma-ma.05,21,1,1,nma-ma,386
nma-ma.05,22,1,1,nma-ma,176
nma-ma.05,23,1,1,nma-ma,362
nma-ma.05,24,1,1,nma-ma,246
nma-ma.05,25,1,1,nma-ma,216
nma-ma.05,26,1,1,nma-ma,790.2
nma-ma.05,27,1,1,nma-ma,576
nma-ma.05,28,1,1,nma-ma,660
nma-ma.05,29,1,1,nma-ma,621
nma-ma.05,31,1,1,nma-ma,244
nma-ma.05,32,1,1,nma-ma,513
nma-ma.05,33,1,1,nma-ma,215
nma-ma.05,34,1,1,nma-ma,396
nma-ma.05,35,1,1,nma-ma,166
nma-ma.05,36,1,1,nma-ma,645
nma-ma.05,37,1,1,nma-ma,415.6
nma-ma.06,1,1,1,nma-ma,191.3
nma-ma.06,3,1,1,nma-ma,0
nma-ma.06,4,1,1,nma-ma,161
nma-ma.06,5,1,1,nma-ma,645.5
nma-ma.06,6,1,1,nma-ma,498.8
nma-ma.06,7,1,1,nma-ma,337
nma-ma.06,8,1,1,nma-ma,405
nma-ma.06,9,1,1,nma-ma,287
nma-ma.06,10,1,1,nma-ma,273
nma-ma.06,11,1,1,nma-ma,484
nma-ma.06,12,1,1,nma-ma,562
nma-ma.06,13,1,1,nma-ma,283
nma-ma.06,14,1,1,nma-ma,264
nma-ma.06,15,1,1,nma-ma,489.1
nma-ma.06,16,1,1,nma-ma,249
nma-ma.06,17,1,1,nma-ma,166
nma-ma.06,18,1,1,nma-ma,205
nma-ma.06,19,1,1,nma-ma,719.6
nma-ma.06,20,1,1,nma-ma,626
nma-ma.06,21,1,1,nma-ma,816.6
nma-ma.06,22,1,1,nma-ma,658.6
nma-ma.06,24,1,1,nma-ma,181
nma-ma.06,25,1,1,nma-ma,105
nma-ma.06,26,1,1,nma-ma,297
nma-ma.06,27,1,1,nma-ma,176
nma-ma.06,28,1,1,nma-ma,166
nma-ma.06,29,1,1,nma-ma,449.8
nma-ma.06,30,1,1,nma-ma,210
nma-ma.06,31,1,1,nma-ma,352
nma-ma.06,33,1,1,nma-ma,234
nma-ma.06,34,1,1,nma-ma,449
nma-ma.06,35,1,1,nma-ma,454.8
nma-ma.06,36,1,1,nma-ma,313
nma-ma.07,1,1,1,nma-ma,613.9
nma-ma.07,2,1,1,nma-ma,180
nma-ma.07,3,1,1,nma-ma,127
nma-ma.07,4,1,1,nma-ma,291
nma-ma.07,5,1,1,nma-ma,220
nma-ma.07,7,1,1,nma-ma,621
nma-ma.07,8,1,1,nma-ma,200
nma-ma.07,9,1,1,nma-ma,190
nma-ma.07,10,1,1,nma-ma,469.6
nma-ma.07,11,1,1,nma-ma,684.6
nma-ma.07,12,1,1,nma-ma,78
nma-ma.07,14,1,1,nma-ma,685.1
nma-ma.07,15,1,1,nma-ma,229
nma-ma.07,16,1,1,nma-ma,156
nma-ma.07,17,1,1,nma-ma,229
nma-ma.07,18,1,1,nma-ma,450
nma-ma.07,19,1,1,nma-ma,249
nma-ma.07,20,1,1,nma-ma,567
nma-ma.07,21,1,1,nma-ma,410
nma-ma.07,22,1,1,nma-ma,261
nma-ma.07,23,1,1,nma-ma,578
nma-ma.07,24,1,1,nma-ma,161
nma-ma.07,25,1,1,nma-ma,473.1
nma-ma.07,27,1,1,nma-ma,733
nma-ma.07,28,1,1,nma-ma,185
nma-ma.07,29,1,1,nma-ma,332.6
nma-ma.07,30,1,1,nma-ma,269
nma-ma.07,31,1,1,nma-ma,102
nma-ma.07,32,1,1,nma-ma,914.3
nma-ma.07,33,1,1,nma-ma,503
nma-ma.07,34,1,1,nma-ma,53
nma-ma.07,35,1,1,nma-ma,626.2
nma-ma.07,36,1,1,nma-ma,357
nma-ma.07,37,1,1,nma-ma,650.4
nma-ma.08,1,1,1,nma-ma,110
nma-ma.08,2,1,1,nma-ma,303
nma-ma.08,3,1,1,nma-ma,78
nma-ma.08,4,1,1,nma-ma,792.1
nma-ma.08,5,1,1,nma-ma,396
nma-ma.08,6,1,1,nma-ma,107
nma-ma.08,7,1,1,nma-ma,381
nma-ma.08,8,1,1,nma-ma,1002.5
nma-ma.08,9,1,1,nma-ma,337
nma-ma.08,10,1,1,nma-ma,1114.8
nma-ma.08,11,1,1,nma-ma,151
nma-ma.08,12,1,1,nma-ma,302
nma-ma.08,13,1,1,nma-ma,865.3
nma-ma.08,14,1,1,nma-ma,322
nma-ma.08,15,1,1,nma-ma,229
nma-ma.08,16,1,1,nma-ma,0
nma-ma.08,17,1,1,nma-ma,205
nma-ma.08,18,1,1,nma-ma,317
nma-ma.08,19,1,1,nma-ma,459
nma-ma.08,20,1,1,nma-ma,821
nma-ma.08,21,1,1,nma-ma,249
nma-ma.08,22,1,1,nma-ma,191
nma-ma.08,23,1,1,nma-ma,115
nma-ma.08,24,1,1,nma-ma,161
nma-ma.08,25,1,1,nma-ma,296
nma-ma.08,26,1,1,nma-ma,231
nma-ma.08,27,1,1,nma-ma,581
nma-ma.08,28,1,1,nma-ma,283
nma-ma.08,29,1,1,nma-ma,391
nma-ma.08,30,1,1,nma-ma,185
nma-ma.08,31,1,1,nma-ma,1046.5
nma-ma.08,32,1,1,nma-ma,513.5
nma-ma.08,33,1,1,nma-ma,132
nma-ma.08,34,1,1,nma-ma,327
nma-ma.08,35,1,1,nma-ma,259
nma-ma.08,36,1,1,nma-ma,156
nma-ma.08,37,1,1,nma-ma,161
nma-ma.09,1,1,1,nma-ma,266.8
nma-ma.09,2,1,1,nma-ma,220
nma-ma.09,3,1,1,nma-ma,107
nma-ma.09,4,1,1,nma-ma,459.9
nma-ma.09,5,1,1,nma-ma,489
nma-ma.09,6,1,1,nma-ma,1178.5
nma-ma.09,7,1,1,nma-ma,396
nma-ma.09,8,1,1,nma-ma,190
nma-ma.09,9,1,1,nma-ma,283
nma-ma.09,10,1,1,nma-ma,337
nma-ma.09,11,1,1,nma-ma,127
nma-ma.09,12,1,1,nma-ma,371
nma-ma.09,13,1,1,nma-ma,264
nma-ma.09,14,1,1,nma-ma,914.4
nma-ma.09,15,1,1,nma-ma,513
nma-ma.09,16,1,1,nma-ma,850.7
nma-ma.09,17,1,1,nma-ma,0
nma-ma.09,18,1,1,nma-ma,811.6
nma-ma.09,19,1,1,nma-ma,322
nma-ma.09,20,1,1,nma-ma,1120.4
nma-ma.09,21,1,1,nma-ma,850
nma-ma.09,22,1,1,nma-ma,770
nma-ma.09,23,1,1,nma-ma,569.4
nma-ma.09,24,1,1,nma-ma,221
nma-ma.09,25,1,1,nma-ma,110
nma-ma.09,26,1,1,nma-ma,196
nma-ma.09,27,1,1,nma-ma,508
nma-ma.09,28,1,1,nma-ma,0
nma-ma.09,29,1,1,nma-ma,195
nma-ma.09,30,1,1,nma-ma,210
nma-ma.09,31,1,1,nma-ma,391
nma-ma.09,32,1,1,nma-ma,630.7
nma-ma.09,33,1,1,nma-ma,268
nma-ma.09,34,1,1,nma-ma,215
nma-ma.09,35,1,1,nma-ma,190
nma-ma.09,36,1,1,nma-ma,249
nma-ma.09,37,1,1,nma-ma,151
nma-ma.10,1,1,1,nma-ma,75.5
nma-ma.10,3,1,1,nma-ma,117
nma-ma.10,4,1,1,nma-ma,664.9
nma-ma.10,5,1,1,nma-ma,537
nma-ma.10,6,1,1,nma-ma,454.8
nma-ma.10,7,1,1,nma-ma,112
nma-ma.10,8,1,1,nma-ma,312
nma-ma.10,9,1,1,nma-ma,176
nma-ma.10,10,1,1,nma-ma,273
nma-ma.10,11,1,1,nma-ma,268
nma-ma.10,12,1,1,nma-ma,220
nma-ma.10,13,1,1,nma-ma,357
nma-ma.10,14,1,1,nma-ma,362
nma-ma.10,15,1,1,nma-ma,229
nma-ma.10,16,1,1,nma-ma,215
nma-ma.10,17,1,1,nma-ma,68
nma-ma.10,18,1,1,nma-ma,420
nma-ma.10,19,1,1,nma-ma,97
nma-ma.10,20,1,1,nma-ma,371
nma-ma.10,21,1,1,nma-ma,670
nma-ma.10,22,1,1,nma-ma,226
nma-ma.10,23,1,1,nma-ma,181
nma-ma.10,24,1,1,nma-ma,115
nma-ma.10,25,1,1,nma-ma,357.4
nma-ma.10,26,1,1,nma-ma,417
nma-ma.10,27,1,1,nma-ma,968.3
nma-ma.10,28,1,1,nma-ma,308
nma-ma.10,29,1,1,nma-ma,180
nma-ma.10,30,1,1,nma-ma,215
nma-ma.10,31,1,1,nma-ma,494
nma-ma.10,32,1,1,nma-ma,415
nma-ma.10,33,1,1,nma-ma,440
nma-ma.10,34,1,1,nma-ma,195
nma-ma.10,35,1,1,nma-ma,733.7
nma-ma.10,36,1,1,nma-ma,220
nma-ma.10,37,1,1,nma-ma,166
nma-ma.11,1,1,1,nma-ma,443
nma-ma.11,2,1,1,nma-ma,181
nma-ma.11,3,1,1,nma-ma,63
nma-ma.11,4,1,1,nma-ma,679.9
nma-ma.11,5,1,1,nma-ma,336
nma-ma.11,6,1,1,nma-ma,375
nma-ma.11,7,1,1,nma-ma,239
nma-ma.11,8,1,1,nma-ma,303
nma-ma.11,9,1,1,nma-ma,97
nma-ma.11,10,1,1,nma-ma,459
nma-ma.11,11,1,1,nma-ma,220
nma-ma.11,12,1,1,nma-ma,215
nma-ma.11,13,1,1,nma-ma,112
nma-ma.11,14,1,1,nma-ma,317
nma-ma.11,15,1,1,nma-ma,797
nma-ma.11,16,1,1,nma-ma,503
nma-ma.11,17,1,1,nma-ma,571
nma-ma.11,18,1,1,nma-ma,278
nma-ma.11,19,1,1,nma-ma,230
nma-ma.11,20,1,1,nma-ma,484
nma-ma.11,21,1,1,nma-ma,885
nma-ma.11,22,1,1,nma-ma,649.4
nma-ma.11,23,1,1,nma-ma,327
nma-ma.11,24,1,1,nma-ma,155
nma-ma.11,25,1,1,nma-ma,362
nma-ma.11,26,1,1,nma-ma,453
nma-ma.11,27,1,1,nma-ma,454
nma-ma.11,28,1,1,nma-ma,293
nma-ma.11,29,1,1,nma-ma,527.9
nma-ma.11,30,1,1,nma-ma,469
nma-ma.11,31,1,1,nma-ma,151
nma-ma.11,32,1,1,nma-ma,1070.9
nma-ma.11,33,1,1,nma-ma,342
nma-ma.11,34,1,1,nma-ma,127
nma-ma.11,35,1,1,nma-ma,552
nma-ma.11,36,1,1,nma-ma,386.2
nma-ma.11,37,1,1,nma-ma,225
nma-ma.12,1,1,1,nma-ma,105.7
nma-ma.12,2,1,1,nma-ma,205
nma-ma.12,3,1,1,nma-ma,195
nma-ma.12,4,1,1,nma-ma,1114.7
nma-ma.12,5,1,1,nma-ma,357
nma-ma.12,6,1,1,nma-ma,293
nma-ma.12,7,1,1,nma-ma,146
nma-ma.12,8,1,1,nma-ma,181
nma-ma.12,9,1,1,nma-ma,215
nma-ma.12,10,1,1,nma-ma,708.6
nma-ma.12,11,1,1,nma-ma,303
nma-ma.12,12,1,1,nma-ma,210
nma-ma.12,13,1,1,nma-ma,371.6
nma-ma.12,14,1,1,nma-ma,1027.1
nma-ma.12,15,1,1,nma-ma,244
nma-ma.12,16,1,1,nma-ma,752.8
nma-ma.12,17,1,1,nma-ma,88
nma-ma.12,18,1,1,nma-ma,782
nma-ma.12,19,1,1,nma-ma,210
nma-ma.12,20,1,1,nma-ma,254
nma-ma.12,21,1,1,nma-ma,567
nma-ma.12,22,1,1,nma-ma,463
nma-ma.12,23,1,1,nma-ma,120
nma-ma.12,24,1,1,nma-ma,181
nma-ma.12,25,1,1,nma-ma,543
nma-ma.12,26,1,1,nma-ma,397
nma-ma.12,28,1,1,nma-ma,542.8
nma-ma.12,29,1,1,nma-ma,797.1
nma-ma.12,30,1,1,nma-ma,161
nma-ma.12,31,1,1,nma-ma,362
nma-ma.12,32,1,1,nma-ma,357
nma-ma.12,33,1,1,nma-ma,132
nma-ma.12,34,1,1,nma-ma,528
nma-ma.12,35,1,1,nma-ma,1032
nma-ma.12,36,1,1,nma-ma,244
nma-ma.12,37,1,1,nma-ma,68
nma-nma.01,1,2,2,nma-nma,367.5
nma-nma.01,2,2,2,nma-nma,151
nma-nma.01,3,2,2,nma-nma,0
nma-nma.01,4,2,2,nma-nma,308
nma-nma.01,5,2,2,nma-nma,600
nma-nma.01,6,2,2,nma-nma,342.3
nma-nma.01,7,2,2,nma-nma,171
nma-nma.01,8,2,2,nma-nma,185
nma-nma.01,9,2,2,nma-nma,0
nma-nma.01,10,2,2,nma-nma,107
nma-nma.01,12,2,2,nma-nma,415
nma-nma.01,13,2,2,nma-nma,386
nma-nma.01,14,2,2,nma-nma,220
nma-nma.01,15,2,2,nma-nma,176
nma-nma.01,16,2,2,nma-nma,464
nma-nma.01,17,2,2,nma-nma,161
nma-nma.01,18,2,2,nma-nma,195
nma-nma.01,19,2,2,nma-nma,122
nma-nma.01,20,2,2,nma-nma,107
nma-nma.01,21,2,2,nma-nma,313
nma-nma.01,22,2,2,nma-nma,151
nma-nma.01,23,2,2,nma-nma,322
nma-nma.01,24,2,2,nma-nma,292
nma-nma.01,25,2,2,nma-nma,412
nma-nma.01,27,2,2,nma-nma,273
nma-nma.01,28,2,2,nma-nma,805.9
nma-nma.01,29,2,2,nma-nma,190
nma-nma.01,30,2,2,nma-nma,190
nma-nma.01,31,2,2,nma-nma,855.8
nma-nma.01,32,2,2,nma-nma,127
nma-nma.01,33,2,2,nma-nma,112
nma-nma.01,34,2,2,nma-nma,298
nma-nma.01,35,2,2,nma-nma,224
nma-nma.01,36,2,2,nma-nma,547.8
nma-nma.01,37,2,2,nma-nma,562.2
nma-nma.02,1,2,2,nma-nma,402.8
nma-nma.02,2,2,2,nma-nma,224
nma-nma.02,3,2,2,nma-nma,63
nma-nma.02,4,2,2,nma-nma,415
nma-nma.02,5,2,2,nma-nma,127
nma-nma.02,6,2,2,nma-nma,156
nma-nma.02,7,2,2,nma-nma,244
nma-nma.02,8,2,2,nma-nma,366
nma-nma.02,9,2,2,nma-nma,176
nma-nma.02,10,2,2,nma-nma,210
nma-nma.02,11,2,2,nma-nma,220
nma-nma.02,12,2,2,nma-nma,381
nma-nma.02,13,2,2,nma-nma,259
nma-nma.02,14,2,2,nma-nma,283
nma-nma.02,15,2,2,nma-nma,132
nma-nma.02,16,2,2,nma-nma,357
nma-nma.02,17,2,2,nma-nma,151
nma-nma.02,18,2,2,nma-nma,342
nma-nma.02,19,2,2,nma-nma,498.8
nma-nma.02,20,2,2,nma-nma,136
nma-nma.02,21,2,2,nma-nma,102
nma-nma.02,22,2,2,nma-nma,79
nma-nma.02,23,2,2,nma-nma,181
nma-nma.02,24,2,2,nma-nma,171
nma-nma.02,25,2,2,nma-nma,362
nma-nma.02,26,2,2,nma-nma,312
nma-nma.02,27,2,2,nma-nma,293
nma-nma.02,28,2,2,nma-nma,366
nma-nma.02,29,2,2,nma-nma,322.8
nma-nma.02,30,2,2,nma-nma,151
nma-nma.02,31,2,2,nma-nma,161
nma-nma.02,33,2,2,nma-nma,273
nma-nma.02,34,2,2,nma-nma,156
nma-nma.02,35,2,2,nma-nma,185
nma-nma.02,36,2,2,nma-nma,381
nma-nma.03,1,2,2,nma-nma,75.5
nma-nma.03,2,2,2,nma-nma,200
nma-nma.03,3,2,2,nma-nma,181
nma-nma.03,4,2,2,nma-nma,259
nma-nma.03,5,2,2,nma-nma,136
nma-nma.03,6,2,2,nma-nma,220
nma-nma.03,7,2,2,nma-nma,239
nma-nma.03,8,2,2,nma-nma,215
nma-nma.03,9,2,2,nma-nma,410
nma-nma.03,10,2,2,nma-nma,156
nma-nma.03,11,2,2,nma-nma,166
nma-nma.03,12,2,2,nma-nma,254
nma-nma.03,13,2,2,nma-nma,195
nma-nma.03,14,2,2,nma-nma,88
nma-nma.03,15,2,2,nma-nma,210
nma-nma.03,16,2,2,nma-nma,317
nma-nma.03,17,2,2,nma-nma,205
nma-nma.03,18,2,2,nma-nma,185
nma-nma.03,19,2,2,nma-nma,146
nma-nma.03,20,2,2,nma-nma,997
nma-nma.03,21,2,2,nma-nma,200
nma-nma.03,22,2,2,nma-nma,115
nma-nma.03,23,2,2,nma-nma,176
nma-nma.03,24,2,2,nma-nma,110
nma-nma.03,25,2,2,nma-nma,337
nma-nma.03,26,2,2,nma-nma,155
nma-nma.03,27,2,2,nma-nma,792.2
nma-nma.03,28,2,2,nma-nma,146
nma-nma.03,29,2,2,nma-nma,132
nma-nma.03,30,2,2,nma-nma,312
nma-nma.03,31,2,2,nma-nma,205
nma-nma.03,32,2,2,nma-nma,244
nma-nma.03,33,2,2,nma-nma,264
nma-nma.03,34,2,2,nma-nma,127
nma-nma.03,36,2,2,nma-nma,185
nma-nma.03,37,2,2,nma-nma,146
nma-nma.04,1,2,2,nma-nma,453.1
nma-nma.04,2,2,2,nma-nma,1134.4
nma-nma.04,3,2,2,nma-nma,0
nma-nma.04,4,2,2,nma-nma,582
nma-nma.04,5,2,2,nma-nma,122
nma-nma.04,6,2,2,nma-nma,278
nma-nma.04,7,2,2,nma-nma,586.8
nma-nma.04,8,2,2,nma-nma,171
nma-nma.04,9,2,2,nma-nma,390
nma-nma.04,10,2,2,nma-nma,127
nma-nma.04,11,2,2,nma-nma,181
nma-nma.04,12,2,2,nma-nma,675
nma-nma.04,13,2,2,nma-nma,435
nma-nma.04,14,2,2,nma-nma,313
nma-nma.04,15,2,2,nma-nma,493.9
nma-nma.04,16,2,2,nma-nma,278
nma-nma.04,17,2,2,nma-nma,303
nma-nma.04,18,2,2,nma-nma,244
nma-nma.04,19,2,2,nma-nma,151
nma-nma.04,20,2,2,nma-nma,444
nma-nma.04,21,2,2,nma-nma,679.5
nma-nma.04,22,2,2,nma-nma,201
nma-nma.04,23,2,2,nma-nma,533
nma-nma.04,24,2,2,nma-nma,795.1
nma-nma.04,25,2,2,nma-nma,120
nma-nma.04,26,2,2,nma-nma,276
nma-nma.04,27,2,2,nma-nma,386
nma-nma.04,28,2,2,nma-nma,435.2
nma-nma.04,29,2,2,nma-nma,924.4
nma-nma.04,30,2,2,nma-nma,58
nma-nma.04,31,2,2,nma-nma,146
nma-nma.04,32,2,2,nma-nma,542
nma-nma.04,33,2,2,nma-nma,273
nma-nma.04,34,2,2,nma-nma,176
nma-nma.04,35,2,2,nma-nma,850
nma-nma.04,36,2,2,nma-nma,141
nma-nma.04,37,2,2,nma-nma,606.3
nma-nma.05,1,2,2,nma-nma,251
nma-nma.05,2,2,2,nma-nma,308
nma-nma.05,3,2,2,nma-nma,0
nma-nma.05,4,2,2,nma-nma,630
nma-nma.05,5,2,2,nma-nma,181
nma-nma.05,6,2,2,nma-nma,777.7
nma-nma.05,7,2,2,nma-nma,288
nma-nma.05,8,2,2,nma-nma,415
nma-nma.05,9,2,2,nma-nma,674
nma-nma.05,10,2,2,nma-nma,176
nma-nma.05,11,2,2,nma-nma,479
nma-nma.05,12,2,2,nma-nma,415
nma-nma.05,13,2,2,nma-nma,229
nma-nma.05,15,2,2,nma-nma,215
nma-nma.05,16,2,2,nma-nma,332
nma-nma.05,17,2,2,nma-nma,840.8
nma-nma.05,18,2,2,nma-nma,254
nma-nma.05,19,2,2,nma-nma,503.8
nma-nma.05,20,2,2,nma-nma,435
nma-nma.05,21,2,2,nma-nma,264
nma-nma.05,22,2,2,nma-nma,466
nma-nma.05,24,2,2,nma-nma,332
nma-nma.05,25,2,2,nma-nma,387
nma-nma.05,26,2,2,nma-nma,135
nma-nma.05,27,2,2,nma-nma,180
nma-nma.05,28,2,2,nma-nma,987
nma-nma.05,29,2,2,nma-nma,542.7
nma-nma.05,30,2,2,nma-nma,244
nma-nma.05,31,2,2,nma-nma,53
nma-nma.05,32,2,2,nma-nma,313
nma-nma.05,33,2,2,nma-nma,899.7
nma-nma.05,34,2,2,nma-nma,337
nma-nma.05,35,2,2,nma-nma,141
nma-nma.05,36,2,2,nma-nma,435.2
nma-nma.05,37,2,2,nma-nma,107
nma-nma.06,1,2,2,nma-nma,156.1
nma-nma.06,2,2,2,nma-nma,141
nma-nma.06,3,2,2,nma-nma,53
nma-nma.06,4,2,2,nma-nma,278
nma-nma.06,5,2,2,nma-nma,210
nma-nma.06,6,2,2,nma-nma,777.4
nma-nma.06,7,2,2,nma-nma,469.6
nma-nma.06,8,2,2,nma-nma,469
nma-nma.06,9,2,2,nma-nma,886
nma-nma.06,10,2,2,nma-nma,406
nma-nma.06,12,2,2,nma-nma,572
nma-nma.06,13,2,2,nma-nma,528
nma-nma.06,14,2,2,nma-nma,391
nma-nma.06,15,2,2,nma-nma,332
nma-nma.06,16,2,2,nma-nma,337
nma-nma.06,17,2,2,nma-nma,273
nma-nma.06,18,2,2,nma-nma,288
nma-nma.06,19,2,2,nma-nma,415
nma-nma.06,20,2,2,nma-nma,508
nma-nma.06,21,2,2,nma-nma,298
nma-nma.06,22,2,2,nma-nma,724
nma-nma.06,23,2,2,nma-nma,669
nma-nma.06,24,2,2,nma-nma,286
nma-nma.06,25,2,2,nma-nma,226
nma-nma.06,26,2,2,nma-nma,417.8
nma-nma.06,27,2,2,nma-nma,718
nma-nma.06,28,2,2,nma-nma,821
nma-nma.06,29,2,2,nma-nma,397.5
nma-nma.06,30,2,2,nma-nma,171
nma-nma.06,31,2,2,nma-nma,870.1
nma-nma.06,32,2,2,nma-nma,875.2
nma-nma.06,33,2,2,nma-nma,327
nma-nma.06,34,2,2,nma-nma,317
nma-nma.06,35,2,2,nma-nma,933
nma-nma.06,36,2,2,nma-nma,352
nma-nma.06,37,2,2,nma-nma,278
nma-nma.07,1,2,2,nma-nma,347.2
nma-nma.07,2,2,2,nma-nma,684
nma-nma.07,3,2,2,nma-nma,215
nma-nma.07,4,2,2,nma-nma,342
nma-nma.07,5,2,2,nma-nma,156
nma-nma.07,6,2,2,nma-nma,156
nma-nma.07,8,2,2,nma-nma,327
nma-nma.07,9,2,2,nma-nma,787.2
nma-nma.07,10,2,2,nma-nma,738.7
nma-nma.07,11,2,2,nma-nma,797
nma-nma.07,12,2,2,nma-nma,302
nma-nma.07,14,2,2,nma-nma,234
nma-nma.07,15,2,2,nma-nma,288
nma-nma.07,16,2,2,nma-nma,347
nma-nma.07,17,2,2,nma-nma,396
nma-nma.07,18,2,2,nma-nma,503
nma-nma.07,20,2,2,nma-nma,621
nma-nma.07,21,2,2,nma-nma,82
nma-nma.07,22,2,2,nma-nma,186
nma-nma.07,23,2,2,nma-nma,332
nma-nma.07,24,2,2,nma-nma,377
nma-nma.07,25,2,2,nma-nma,261
nma-nma.07,26,2,2,nma-nma,302
nma-nma.07,27,2,2,nma-nma,591.6
nma-nma.07,28,2,2,nma-nma,185
nma-nma.07,29,2,2,nma-nma,470.1
nma-nma.07,30,2,2,nma-nma,190
nma-nma.07,31,2,2,nma-nma,176
nma-nma.07,32,2,2,nma-nma,229
nma-nma.07,33,2,2,nma-nma,146
nma-nma.07,34,2,2,nma-nma,352
nma-nma.07,35,2,2,nma-nma,63
nma-nma.07,36,2,2,nma-nma,288
nma-nma.07,37,2,2,nma-nma,239
nma-nma.08,1,2,2,nma-nma,110.7
nma-nma.08,2,2,2,nma-nma,137
nma-nma.08,3,2,2,nma-nma,53
nma-nma.08,4,2,2,nma-nma,117
nma-nma.08,5,2,2,nma-nma,200
nma-nma.08,6,2,2,nma-nma,268
nma-nma.08,7,2,2,nma-nma,806
nma-nma.08,8,2,2,nma-nma,288
nma-nma.08,9,2,2,nma-nma,210
nma-nma.08,10,2,2,nma-nma,503.6
nma-nma.08,11,2,2,nma-nma,523.1
nma-nma.08,12,2,2,nma-nma,215
nma-nma.08,13,2,2,nma-nma,704.4
nma-nma.08,14,2,2,nma-nma,645
nma-nma.08,15,2,2,nma-nma,1012.1
nma-nma.08,16,2,2,nma-nma,494.1
nma-nma.08,17,2,2,nma-nma,88
nma-nma.08,18,2,2,nma-nma,523
nma-nma.08,19,2,2,nma-nma,454.8
nma-nma.08,20,2,2,nma-nma,841
nma-nma.08,21,2,2,nma-nma,146
nma-nma.08,22,2,2,nma-nma,261
nma-nma.08,23,2,2,nma-nma,221
nma-nma.08,24,2,2,nma-nma,136
nma-nma.08,25,2,2,nma-nma,941.6
nma-nma.08,26,2,2,nma-nma,810.4
nma-nma.08,27,2,2,nma-nma,278
nma-nma.08,28,2,2,nma-nma,572.3
nma-nma.08,29,2,2,nma-nma,401
nma-nma.08,30,2,2,nma-nma,176
nma-nma.08,31,2,2,nma-nma,190
nma-nma.08,32,2,2,nma-nma,563.7
nma-nma.08,33,2,2,nma-nma,264
nma-nma.08,34,2,2,nma-nma,317
nma-nma.08,35,2,2,nma-nma,220
nma-nma.08,36,2,2,nma-nma,229
nma-nma.08,37,2,2,nma-nma,117
nma-nma.09,1,2,2,nma-nma,226.5
nma-nma.09,2,2,2,nma-nma,215
nma-nma.09,3,2,2,nma-nma,278
nma-nma.09,4,2,2,nma-nma,132
nma-nma.09,5,2,2,nma-nma,190
nma-nma.09,6,2,2,nma-nma,180
nma-nma.09,7,2,2,nma-nma,161
nma-nma.09,8,2,2,nma-nma,317
nma-nma.09,9,2,2,nma-nma,294
nma-nma.09,10,2,2,nma-nma,601.6
nma-nma.09,11,2,2,nma-nma,523.2
nma-nma.09,12,2,2,nma-nma,533
nma-nma.09,13,2,2,nma-nma,151
nma-nma.09,14,2,2,nma-nma,225
nma-nma.09,15,2,2,nma-nma,161
nma-nma.09,16,2,2,nma-nma,249
nma-nma.09,17,2,2,nma-nma,265
nma-nma.09,18,2,2,nma-nma,288
nma-nma.09,19,2,2,nma-nma,698.6
nma-nma.09,20,2,2,nma-nma,562
nma-nma.09,21,2,2,nma-nma,577
nma-nma.09,22,2,2,nma-nma,528.5
nma-nma.09,23,2,2,nma-nma,302
nma-nma.09,24,2,2,nma-nma,120
nma-nma.09,25,2,2,nma-nma,624
nma-nma.09,26,2,2,nma-nma,241
nma-nma.09,27,2,2,nma-nma,767.7
nma-nma.09,28,2,2,nma-nma,185
nma-nma.09,29,2,2,nma-nma,474.4
nma-nma.09,30,2,2,nma-nma,117
nma-nma.09,31,2,2,nma-nma,190
nma-nma.09,32,2,2,nma-nma,117
nma-nma.09,33,2,2,nma-nma,464
nma-nma.09,34,2,2,nma-nma,332
nma-nma.09,35,2,2,nma-nma,1149.1
nma-nma.09,36,2,2,nma-nma,313
nma-nma.09,37,2,2,nma-nma,347
nma-nma.10,1,2,2,nma-nma,155.9
nma-nma.10,2,2,2,nma-nma,185
nma-nma.10,3,2,2,nma-nma,78
nma-nma.10,4,2,2,nma-nma,523
nma-nma.10,5,2,2,nma-nma,278
nma-nma.10,6,2,2,nma-nma,679
nma-nma.10,7,2,2,nma-nma,141
nma-nma.10,9,2,2,nma-nma,195
nma-nma.10,10,2,2,nma-nma,791.9
nma-nma.10,11,2,2,nma-nma,953.7
nma-nma.10,12,2,2,nma-nma,264
nma-nma.10,13,2,2,nma-nma,537.8
nma-nma.10,14,2,2,nma-nma,185
nma-nma.10,15,2,2,nma-nma,469.6
nma-nma.10,16,2,2,nma-nma,107
nma-nma.10,17,2,2,nma-nma,802.4
nma-nma.10,18,2,2,nma-nma,410
nma-nma.10,19,2,2,nma-nma,132
nma-nma.10,20,2,2,nma-nma,180
nma-nma.10,21,2,2,nma-nma,512
nma-nma.10,22,2,2,nma-nma,266
nma-nma.10,23,2,2,nma-nma,659
nma-nma.10,24,2,2,nma-nma,0
nma-nma.10,25,2,2,nma-nma,130
nma-nma.10,26,2,2,nma-nma,261
nma-nma.10,27,2,2,nma-nma,694
nma-nma.10,28,2,2,nma-nma,322
nma-nma.10,29,2,2,nma-nma,454.9
nma-nma.10,30,2,2,nma-nma,220
nma-nma.10,31,2,2,nma-nma,195
nma-nma.10,32,2,2,nma-nma,758
nma-nma.10,33,2,2,nma-nma,415
nma-nma.10,34,2,2,nma-nma,132
nma-nma.10,35,2,2,nma-nma,498
nma-nma.10,36,2,2,nma-nma,210
nma-nma.10,37,2,2,nma-nma,205
nma-nma.11,1,2,2,nma-nma,171.1
nma-nma.11,2,2,2,nma-nma,210
nma-nma.11,3,2,2,nma-nma,58
nma-nma.11,4,2,2,nma-nma,288
nma-nma.11,5,2,2,nma-nma,283
nma-nma.11,6,2,2,nma-nma,171
nma-nma.11,7,2,2,nma-nma,459
nma-nma.11,8,2,2,nma-nma,396
nma-nma.11,9,2,2,nma-nma,308
nma-nma.11,10,2,2,nma-nma,225
nma-nma.11,11,2,2,nma-nma,1124
nma-nma.11,12,2,2,nma-nma,650
nma-nma.11,13,2,2,nma-nma,440
nma-nma.11,15,2,2,nma-nma,234
nma-nma.11,16,2,2,nma-nma,180
nma-nma.11,17,2,2,nma-nma,797.4
nma-nma.11,18,2,2,nma-nma,278
nma-nma.11,19,2,2,nma-nma,151
nma-nma.11,20,2,2,nma-nma,679.7
nma-nma.11,22,2,2,nma-nma,231
nma-nma.11,23,2,2,nma-nma,881
nma-nma.11,24,2,2,nma-nma,513
nma-nma.11,25,2,2,nma-nma,1067.2
nma-nma.11,26,2,2,nma-nma,186
nma-nma.11,27,2,2,nma-nma,483
nma-nma.11,28,2,2,nma-nma,161
nma-nma.11,29,2,2,nma-nma,225
nma-nma.11,31,2,2,nma-nma,146
nma-nma.11,32,2,2,nma-nma,376
nma-nma.11,33,2,2,nma-nma,268
nma-nma.11,34,2,2,nma-nma,929
nma-nma.11,35,2,2,nma-nma,581
nma-nma.11,36,2,2,nma-nma,288
nma-nma.12,1,2,2,nma-nma,166.1
nma-nma.12,2,2,2,nma-nma,176
nma-nma.12,3,2,2,nma-nma,83
nma-nma.12,4,2,2,nma-nma,117
nma-nma.12,5,2,2,nma-nma,288
nma-nma.12,6,2,2,nma-nma,542
nma-nma.12,7,2,2,nma-nma,503
nma-nma.12,8,2,2,nma-nma,962.9
nma-nma.12,9,2,2,nma-nma,459
nma-nma.12,10,2,2,nma-nma,112
nma-nma.12,11,2,2,nma-nma,273
nma-nma.12,12,2,2,nma-nma,127
nma-nma.12,13,2,2,nma-nma,259
nma-nma.12,14,2,2,nma-nma,259
nma-nma.12,15,2,2,nma-nma,73
nma-nma.12,16,2,2,nma-nma,371
nma-nma.12,17,2,2,nma-nma,430
nma-nma.12,18,2,2,nma-nma,435
nma-nma.12,19,2,2,nma-nma,166
nma-nma.12,20,2,2,nma-nma,215
nma-nma.12,21,2,2,nma-nma,425
nma-nma.12,22,2,2,nma-nma,302
nma-nma.12,23,2,2,nma-nma,206
nma-nma.12,24,2,2,nma-nma,126
nma-nma.12,25,2,2,nma-nma,372
nma-nma.12,26,2,2,nma-nma,624.4
nma-nma.12,27,2,2,nma-nma,146
nma-nma.12,28,2,2,nma-nma,190
nma-nma.12,29,2,2,nma-nma,156
nma-nma.12,30,2,2,nma-nma,157
nma-nma.12,31,2,2,nma-nma,195
nma-nma.12,32,2,2,nma-nma,694.2
nma-nma.12,33,2,2,nma-nma,288
nma-nma.12,34,2,2,nma-nma,185
nma-nma.12,35,2,2,nma-nma,88
nma-nma.12,36,2,2,nma-nma,180
nma-nma.12,37,2,2,nma-nma,181
