Participant,Stimulus,condition,semantic,RT
P01,ma-ma.01.rtf,ma-ma,1,438
P02,ma-ma.01.rtf,ma-ma,1,0
P03,ma-ma.01.rtf,ma-ma,1,0
P04,ma-ma.01.rtf,ma-ma,1,235
P05,ma-ma.01.rtf,ma-ma,1,0
P06,ma-ma.01.rtf,ma-ma,1,958
P07,ma-ma.01.rtf,ma-ma,1,0
P08,ma-ma.01.rtf,ma-ma,1,0
P09,ma-ma.01.rtf,ma-ma,1,0
P10,ma-ma.01.rtf,ma-ma,1,0
P11,ma-ma.01.rtf,ma-ma,1,0
P12,ma-ma.01.rtf,ma-ma,1,0
P13,ma-ma.01.rtf,ma-ma,1,210
P14,ma-ma.01.rtf,ma-ma,1,0
P15,ma-ma.01.rtf,ma-ma,1,625
P16,ma-ma.01.rtf,ma-ma,1,122
P17,ma-ma.01.rtf,ma-ma,1,185
P18,ma-ma.01.rtf,ma-ma,1,0
P19,ma-ma.01.rtf,ma-ma,1,225
P20,ma-ma.01.rtf,ma-ma,1,0
P21,ma-ma.01.rtf,ma-ma,1,474
P22,ma-ma.01.rtf,ma-ma,1,181
P23,ma-ma.01.rtf,ma-ma,1,312
P24,ma-ma.01.rtf,ma-ma,1,0
P25,ma-ma.01.rtf,ma-ma,1,231
P26,ma-ma.01.rtf,ma-ma,1,0
P27,ma-ma.01.rtf,ma-ma,1,0
P28,ma-ma.01.rtf,ma-ma,1,293
P29,ma-ma.01.rtf,ma-ma,1,0
P30,ma-ma.01.rtf,ma-ma,1,0
P31,ma-ma.01.rtf,ma-ma,1,278
P32,ma-ma.01.rtf,ma-ma,1,171
P33,ma-ma.01.rtf,ma-ma,1,0
P34,ma-ma.01.rtf,ma-ma,1,0
P35,ma-ma.01.rtf,ma-ma,1,0
P36,ma-ma.01.rtf,ma-ma,1,0
P37,ma-ma.01.rtf,ma-ma,1,0
P01,ma-ma.02.rtf,ma-ma,1,307
P02,ma-ma.02.rtf,ma-ma,1,0
P03,ma-ma.02.rtf,ma-ma,1,157
P04,ma-ma.02.rtf,ma-ma,1,63
P05,ma-ma.02.rtf,ma-ma,1,391
P06,ma-ma.02.rtf,ma-ma,1,391
P07,ma-ma.02.rtf,ma-ma,1,395
P08,ma-ma.02.rtf,ma-ma,1,728
P09,ma-ma.02.rtf,ma-ma,1,176
P10,ma-ma.02.rtf,ma-ma,1,0
P11,ma-ma.02.rtf,ma-ma,1,176
P12,ma-ma.02.rtf,ma-ma,1,963
P13,ma-ma.02.rtf,ma-ma,1,0
P14,ma-ma.02.rtf,ma-ma,1,401
P16,ma-ma.02.rtf,ma-ma,1,0
P17,ma-ma.02.rtf,ma-ma,1,0
P18,ma-ma.02.rtf,ma-ma,1,0
P19,ma-ma.02.rtf,ma-ma,1,127
P20,ma-ma.02.rtf,ma-ma,1,401
P21,ma-ma.02.rtf,ma-ma,1,337
P22,ma-ma.02.rtf,ma-ma,1,302
P23,ma-ma.02.rtf,ma-ma,1,735
P24,ma-ma.02.rtf,ma-ma,1,0
P25,ma-ma.02.rtf,ma-ma,1,573
P26,ma-ma.02.rtf,ma-ma,1,321
P27,ma-ma.02.rtf,ma-ma,1,0
P28,ma-ma.02.rtf,ma-ma,1,210
P30,ma-ma.02.rtf,ma-ma,1,205
P31,ma-ma.02.rtf,ma-ma,1,0
P32,ma-ma.02.rtf,ma-ma,1,543
P33,ma-ma.02.rtf,ma-ma,1,0
P34,ma-ma.02.rtf,ma-ma,1,405
P35,ma-ma.02.rtf,ma-ma,1,0
P36,ma-ma.02.rtf,ma-ma,1,0
P37,ma-ma.02.rtf,ma-ma,1,210
P01,ma-ma.03.rtf,ma-ma,1,775
P02,ma-ma.03.rtf,ma-ma,1,0
P03,ma-ma.03.rtf,ma-ma,1,0
P04,ma-ma.03.rtf,ma-ma,1,239
P05,ma-ma.03.rtf,ma-ma,1,199
P07,ma-ma.03.rtf,ma-ma,1,0
P08,ma-ma.03.rtf,ma-ma,1,1012
P09,ma-ma.03.rtf,ma-ma,1,88
P10,ma-ma.03.rtf,ma-ma,1,0
P11,ma-ma.03.rtf,ma-ma,1,542
P12,ma-ma.03.rtf,ma-ma,1,87
P13,ma-ma.03.rtf,ma-ma,1,313
P14,ma-ma.03.rtf,ma-ma,1,1046
P15,ma-ma.03.rtf,ma-ma,1,968
P16,ma-ma.03.rtf,ma-ma,1,0
P17,ma-ma.03.rtf,ma-ma,1,0
P18,ma-ma.03.rtf,ma-ma,1,484
P19,ma-ma.03.rtf,ma-ma,1,195
P20,ma-ma.03.rtf,ma-ma,1,0
P21,ma-ma.03.rtf,ma-ma,1,205
P22,ma-ma.03.rtf,ma-ma,1,266
P23,ma-ma.03.rtf,ma-ma,1,447
P24,ma-ma.03.rtf,ma-ma,1,528
P25,ma-ma.03.rtf,ma-ma,1,191
P26,ma-ma.03.rtf,ma-ma,1,931
P27,ma-ma.03.rtf,ma-ma,1,92
P28,ma-ma.03.rtf,ma-ma,1,0
P30,ma-ma.03.rtf,ma-ma,1,376
P31,ma-ma.03.rtf,ma-ma,1,200
P32,ma-ma.03.rtf,ma-ma,1,733
P33,ma-ma.03.rtf,ma-ma,1,210
P34,ma-ma.03.rtf,ma-ma,1,63
P35,ma-ma.03.rtf,ma-ma,1,127
P36,ma-ma.03.rtf,ma-ma,1,0
P37,ma-ma.03.rtf,ma-ma,1,429
P01,ma-ma.04.rtf,ma-ma,1,372
P02,ma-ma.04.rtf,ma-ma,1,669
P03,ma-ma.04.rtf,ma-ma,1,0
P04,ma-ma.04.rtf,ma-ma,1,474
P05,ma-ma.04.rtf,ma-ma,1,0
P07,ma-ma.04.rtf,ma-ma,1,0
P08,ma-ma.04.rtf,ma-ma,1,0
P09,ma-ma.04.rtf,ma-ma,1,322
P10,ma-ma.04.rtf,ma-ma,1,0
P11,ma-ma.04.rtf,ma-ma,1,166
P12,ma-ma.04.rtf,ma-ma,1,0
P13,ma-ma.04.rtf,ma-ma,1,234
P14,ma-ma.04.rtf,ma-ma,1,63
P15,ma-ma.04.rtf,ma-ma,1,0
P16,ma-ma.04.rtf,ma-ma,1,0
P17,ma-ma.04.rtf,ma-ma,1,0
P18,ma-ma.04.rtf,ma-ma,1,0
P19,ma-ma.04.rtf,ma-ma,1,127
P20,ma-ma.04.rtf,ma-ma,1,0
P21,ma-ma.04.rtf,ma-ma,1,0
P22,ma-ma.04.rtf,ma-ma,1,0
P23,ma-ma.04.rtf,ma-ma,1,312
P24,ma-ma.04.rtf,ma-ma,1,0
P25,ma-ma.04.rtf,ma-ma,1,0
P26,ma-ma.04.rtf,ma-ma,1,137
P27,ma-ma.04.rtf,ma-ma,1,0
P28,ma-ma.04.rtf,ma-ma,1,0
P29,ma-ma.04.rtf,ma-ma,1,493
P30,ma-ma.04.rtf,ma-ma,1,445
P31,ma-ma.04.rtf,ma-ma,1,0
P32,ma-ma.04.rtf,ma-ma,1,146
P33,ma-ma.04.rtf,ma-ma,1,0
P34,ma-ma.04.rtf,ma-ma,1,141
P35,ma-ma.04.rtf,ma-ma,1,229
P36,ma-ma.04.rtf,ma-ma,1,0
P37,ma-ma.04.rtf,ma-ma,1,557
P01,ma-ma.05.rtf,ma-ma,1,563
P02,ma-ma.05.rtf,ma-ma,1,0
P03,ma-ma.05.rtf,ma-ma,1,73
P04,ma-ma.05.rtf,ma-ma,1,141
P05,ma-ma.05.rtf,ma-ma,1,244
P07,ma-ma.05.rtf,ma-ma,1,0
P08,ma-ma.05.rtf,ma-ma,1,557
P09,ma-ma.05.rtf,ma-ma,1,264
P10,ma-ma.05.rtf,ma-ma,1,0
P11,ma-ma.05.rtf,ma-ma,1,0
P12,ma-ma.05.rtf,ma-ma,1,469
P13,ma-ma.05.rtf,ma-ma,1,195
P14,ma-ma.05.rtf,ma-ma,1,595
P15,ma-ma.05.rtf,ma-ma,1,0
P16,ma-ma.05.rtf,ma-ma,1,0
P17,ma-ma.05.rtf,ma-ma,1,0
P18,ma-ma.05.rtf,ma-ma,1,259
P19,ma-ma.05.rtf,ma-ma,1,0
P20,ma-ma.05.rtf,ma-ma,1,239
P21,ma-ma.05.rtf,ma-ma,1,249
P22,ma-ma.05.rtf,ma-ma,1,0
P23,ma-ma.05.rtf,ma-ma,1,1147
P24,ma-ma.05.rtf,ma-ma,1,196
P25,ma-ma.05.rtf,ma-ma,1,327
P26,ma-ma.05.rtf,ma-ma,1,775
P27,ma-ma.05.rtf,ma-ma,1,0
P28,ma-ma.05.rtf,ma-ma,1,161
P29,ma-ma.05.rtf,ma-ma,1,450
P30,ma-ma.05.rtf,ma-ma,1,689
P31,ma-ma.05.rtf,ma-ma,1,459
P32,ma-ma.05.rtf,ma-ma,1,0
P33,ma-ma.05.rtf,ma-ma,1,278
P34,ma-ma.05.rtf,ma-ma,1,0
P35,ma-ma.05.rtf,ma-ma,1,332
P36,ma-ma.05.rtf,ma-ma,1,332
P37,ma-ma.05.rtf,ma-ma,1,0
P01,ma-ma.06.rtf,ma-ma,1,745
P02,ma-ma.06.rtf,ma-ma,1,0
P03,ma-ma.06.rtf,ma-ma,1,58
P04,ma-ma.06.rtf,ma-ma,1,156
P05,ma-ma.06.rtf,ma-ma,1,932
P06,ma-ma.06.rtf,ma-ma,1,987
P07,ma-ma.06.rtf,ma-ma,1,322
P08,ma-ma.06.rtf,ma-ma,1,0
P09,ma-ma.06.rtf,ma-ma,1,293
P10,ma-ma.06.rtf,ma-ma,1,0
P11,ma-ma.06.rtf,ma-ma,1,0
P12,ma-ma.06.rtf,ma-ma,1,0
P13,ma-ma.06.rtf,ma-ma,1,401
P15,ma-ma.06.rtf,ma-ma,1,655
P16,ma-ma.06.rtf,ma-ma,1,0
P17,ma-ma.06.rtf,ma-ma,1,0
P18,ma-ma.06.rtf,ma-ma,1,0
P19,ma-ma.06.rtf,ma-ma,1,293
P20,ma-ma.06.rtf,ma-ma,1,0
P21,ma-ma.06.rtf,ma-ma,1,479
P22,ma-ma.06.rtf,ma-ma,1,226
P23,ma-ma.06.rtf,ma-ma,1,745
P24,ma-ma.06.rtf,ma-ma,1,0
P25,ma-ma.06.rtf,ma-ma,1,735
P26,ma-ma.06.rtf,ma-ma,1,307
P27,ma-ma.06.rtf,ma-ma,1,298
P28,ma-ma.06.rtf,ma-ma,1,249
P29,ma-ma.06.rtf,ma-ma,1,454
P30,ma-ma.06.rtf,ma-ma,1,928
P31,ma-ma.06.rtf,ma-ma,1,0
P32,ma-ma.06.rtf,ma-ma,1,0
P33,ma-ma.06.rtf,ma-ma,1,0
P34,ma-ma.06.rtf,ma-ma,1,0
P35,ma-ma.06.rtf,ma-ma,1,0
P36,ma-ma.06.rtf,ma-ma,1,0
P37,ma-ma.06.rtf,ma-ma,1,816
P02,ma-ma.07.rtf,ma-ma,1,0
P03,ma-ma.07.rtf,ma-ma,1,0
P04,ma-ma.07.rtf,ma-ma,1,0
P05,ma-ma.07.rtf,ma-ma,1,0
P06,ma-ma.07.rtf,ma-ma,1,630
P07,ma-ma.07.rtf,ma-ma,1,0
P08,ma-ma.07.rtf,ma-ma,1,0
P09,ma-ma.07.rtf,ma-ma,1,0
P10,ma-ma.07.rtf,ma-ma,1,0
P11,ma-ma.07.rtf,ma-ma,1,195
P12,ma-ma.07.rtf,ma-ma,1,0
P13,ma-ma.07.rtf,ma-ma,1,185
P14,ma-ma.07.rtf,ma-ma,1,0
P15,ma-ma.07.rtf,ma-ma,1,483
P16,ma-ma.07.rtf,ma-ma,1,0
P17,ma-ma.07.rtf,ma-ma,1,0
P18,ma-ma.07.rtf,ma-ma,1,577
P19,ma-ma.07.rtf,ma-ma,1,220
P20,ma-ma.07.rtf,ma-ma,1,0
P21,ma-ma.07.rtf,ma-ma,1,352
P22,ma-ma.07.rtf,ma-ma,1,50
P23,ma-ma.07.rtf,ma-ma,1,0
P24,ma-ma.07.rtf,ma-ma,1,0
P25,ma-ma.07.rtf,ma-ma,1,256
P26,ma-ma.07.rtf,ma-ma,1,407
P27,ma-ma.07.rtf,ma-ma,1,0
P28,ma-ma.07.rtf,ma-ma,1,0
P29,ma-ma.07.rtf,ma-ma,1,303
P30,ma-ma.07.rtf,ma-ma,1,674
P31,ma-ma.07.rtf,ma-ma,1,0
P32,ma-ma.07.rtf,ma-ma,1,215
P33,ma-ma.07.rtf,ma-ma,1,0
P34,ma-ma.07.rtf,ma-ma,1,0
P35,ma-ma.07.rtf,ma-ma,1,92
P36,ma-ma.07.rtf,ma-ma,1,185
P37,ma-ma.07.rtf,ma-ma,1,122
P01,ma-ma.08.rtf,ma-ma,1,458
P02,ma-ma.08.rtf,ma-ma,1,0
P03,ma-ma.08.rtf,ma-ma,1,0
P04,ma-ma.08.rtf,ma-ma,1,195
P05,ma-ma.08.rtf,ma-ma,1,0
P06,ma-ma.08.rtf,ma-ma,1,200
P07,ma-ma.08.rtf,ma-ma,1,0
P08,ma-ma.08.rtf,ma-ma,1,0
P09,ma-ma.08.rtf,ma-ma,1,0
P10,ma-ma.08.rtf,ma-ma,1,0
P11,ma-ma.08.rtf,ma-ma,1,141
P12,ma-ma.08.rtf,ma-ma,1,0
P13,ma-ma.08.rtf,ma-ma,1,0
P14,ma-ma.08.rtf,ma-ma,1,544
P15,ma-ma.08.rtf,ma-ma,1,528
P16,ma-ma.08.rtf,ma-ma,1,136
P17,ma-ma.08.rtf,ma-ma,1,0
P18,ma-ma.08.rtf,ma-ma,1,0
P19,ma-ma.08.rtf,ma-ma,1,0
P20,ma-ma.08.rtf,ma-ma,1,337
P22,ma-ma.08.rtf,ma-ma,1,166
P23,ma-ma.08.rtf,ma-ma,1,941
P24,ma-ma.08.rtf,ma-ma,1,0
P25,ma-ma.08.rtf,ma-ma,1,578
P26,ma-ma.08.rtf,ma-ma,1,151
P27,ma-ma.08.rtf,ma-ma,1,0
P28,ma-ma.08.rtf,ma-ma,1,78
P29,ma-ma.08.rtf,ma-ma,1,0
P30,ma-ma.08.rtf,ma-ma,1,709
P31,ma-ma.08.rtf,ma-ma,1,0
P32,ma-ma.08.rtf,ma-ma,1,283
P33,ma-ma.08.rtf,ma-ma,1,0
P34,ma-ma.08.rtf,ma-ma,1,0
P35,ma-ma.08.rtf,ma-ma,1,102
P36,ma-ma.08.rtf,ma-ma,1,0
P37,ma-ma.08.rtf,ma-ma,1,351
P01,ma-ma.09.rtf,ma-ma,1,0
P02,ma-ma.09.rtf,ma-ma,1,0
P03,ma-ma.09.rtf,ma-ma,1,0
P04,ma-ma.09.rtf,ma-ma,1,1008
P05,ma-ma.09.rtf,ma-ma,1,0
P07,ma-ma.09.rtf,ma-ma,1,0
P08,ma-ma.09.rtf,ma-ma,1,0
P09,ma-ma.09.rtf,ma-ma,1,430
P10,ma-ma.09.rtf,ma-ma,1,0
P11,ma-ma.09.rtf,ma-ma,1,0
P12,ma-ma.09.rtf,ma-ma,1,0
P13,ma-ma.09.rtf,ma-ma,1,0
P14,ma-ma.09.rtf,ma-ma,1,440
P15,ma-ma.09.rtf,ma-ma,1,474
P16,ma-ma.09.rtf,ma-ma,1,136
P17,ma-ma.09.rtf,ma-ma,1,0
P18,ma-ma.09.rtf,ma-ma,1,0
P19,ma-ma.09.rtf,ma-ma,1,0
P20,ma-ma.09.rtf,ma-ma,1,655
P21,ma-ma.09.rtf,ma-ma,1,205
P22,ma-ma.09.rtf,ma-ma,1,246
P23,ma-ma.09.rtf,ma-ma,1,478
P24,ma-ma.09.rtf,ma-ma,1,0
P25,ma-ma.09.rtf,ma-ma,1,327
P26,ma-ma.09.rtf,ma-ma,1,261
P27,ma-ma.09.rtf,ma-ma,1,0
P28,ma-ma.09.rtf,ma-ma,1,102
P29,ma-ma.09.rtf,ma-ma,1,0
P30,ma-ma.09.rtf,ma-ma,1,586
P31,ma-ma.09.rtf,ma-ma,1,0
P32,ma-ma.09.rtf,ma-ma,1,332
P33,ma-ma.09.rtf,ma-ma,1,0
P34,ma-ma.09.rtf,ma-ma,1,0
P35,ma-ma.09.rtf,ma-ma,1,0
P36,ma-ma.09.rtf,ma-ma,1,0
P37,ma-ma.09.rtf,ma-ma,1,176
P01,ma-ma.10.rtf,ma-ma,1,0
P02,ma-ma.10.rtf,ma-ma,1,0
P03,ma-ma.10.rtf,ma-ma,1,0
P04,ma-ma.10.rtf,ma-ma,1,234
P05,ma-ma.10.rtf,ma-ma,1,0
P06,ma-ma.10.rtf,ma-ma,1,1100
P07,ma-ma.10.rtf,ma-ma,1,0
P08,ma-ma.10.rtf,ma-ma,1,0
P09,ma-ma.10.rtf,ma-ma,1,0
P10,ma-ma.10.rtf,ma-ma,1,0
P11,ma-ma.10.rtf,ma-ma,1,0
P12,ma-ma.10.rtf,ma-ma,1,0
P13,ma-ma.10.rtf,ma-ma,1,0
P14,ma-ma.10.rtf,ma-ma,1,200
P15,ma-ma.10.rtf,ma-ma,1,0
P16,ma-ma.10.rtf,ma-ma,1,0
P17,ma-ma.10.rtf,ma-ma,1,0
P18,ma-ma.10.rtf,ma-ma,1,0
P19,ma-ma.10.rtf,ma-ma,1,0
P20,ma-ma.10.rtf,ma-ma,1,537
P21,ma-ma.10.rtf,ma-ma,1,0
P22,ma-ma.10.rtf,ma-ma,1,0
P23,ma-ma.10.rtf,ma-ma,1,135
P24,ma-ma.10.rtf,ma-ma,1,226
P25,ma-ma.10.rtf,ma-ma,1,201
P26,ma-ma.10.rtf,ma-ma,1,0
P27,ma-ma.10.rtf,ma-ma,1,0
P28,ma-ma.10.rtf,ma-ma,1,141
P29,ma-ma.10.rtf,ma-ma,1,0
P30,ma-ma.10.rtf,ma-ma,1,376
P31,ma-ma.10.rtf,ma-ma,1,0
P32,ma-ma.10.rtf,ma-ma,1,630
P33,ma-ma.10.rtf,ma-ma,1,0
P34,ma-ma.10.rtf,ma-ma,1,0
P35,ma-ma.10.rtf,ma-ma,1,78
P36,ma-ma.10.rtf,ma-ma,1,0
P37,ma-ma.10.rtf,ma-ma,1,136
P01,ma-ma.11.rtf,ma-ma,1,468
P02,ma-ma.11.rtf,ma-ma,1,0
P03,ma-ma.11.rtf,ma-ma,1,0
P04,ma-ma.11.rtf,ma-ma,1,112
P05,ma-ma.11.rtf,ma-ma,1,0
P06,ma-ma.11.rtf,ma-ma,1,190
P07,ma-ma.11.rtf,ma-ma,1,425
P08,ma-ma.11.rtf,ma-ma,1,0
P09,ma-ma.11.rtf,ma-ma,1,92
P10,ma-ma.11.rtf,ma-ma,1,0
P11,ma-ma.11.rtf,ma-ma,1,200
P12,ma-ma.11.rtf,ma-ma,1,0
P13,ma-ma.11.rtf,ma-ma,1,190
P14,ma-ma.11.rtf,ma-ma,1,704
P15,ma-ma.11.rtf,ma-ma,1,474
P16,ma-ma.11.rtf,ma-ma,1,161
P17,ma-ma.11.rtf,ma-ma,1,0
P18,ma-ma.11.rtf,ma-ma,1,0
P19,ma-ma.11.rtf,ma-ma,1,591
P20,ma-ma.11.rtf,ma-ma,1,278
P21,ma-ma.11.rtf,ma-ma,1,665
P22,ma-ma.11.rtf,ma-ma,1,0
P23,ma-ma.11.rtf,ma-ma,1,789
P24,ma-ma.11.rtf,ma-ma,1,442
P25,ma-ma.11.rtf,ma-ma,1,216
P26,ma-ma.11.rtf,ma-ma,1,478
P27,ma-ma.11.rtf,ma-ma,1,127
P28,ma-ma.11.rtf,ma-ma,1,0
P29,ma-ma.11.rtf,ma-ma,1,733
P30,ma-ma.11.rtf,ma-ma,1,640
P31,ma-ma.11.rtf,ma-ma,1,146
P32,ma-ma.11.rtf,ma-ma,1,274
P33,ma-ma.11.rtf,ma-ma,1,0
P34,ma-ma.11.rtf,ma-ma,1,0
P35,ma-ma.11.rtf,ma-ma,1,0
P36,ma-ma.11.rtf,ma-ma,1,0
P37,ma-ma.11.rtf,ma-ma,1,308
P01,ma-ma.12.rtf,ma-ma,1,417
P02,ma-ma.12.rtf,ma-ma,1,0
P03,ma-ma.12.rtf,ma-ma,1,0
P04,ma-ma.12.rtf,ma-ma,1,146
P05,ma-ma.12.rtf,ma-ma,1,259
P06,ma-ma.12.rtf,ma-ma,1,87
P07,ma-ma.12.rtf,ma-ma,1,244
P08,ma-ma.12.rtf,ma-ma,1,323
P09,ma-ma.12.rtf,ma-ma,1,0
P10,ma-ma.12.rtf,ma-ma,1,0
P11,ma-ma.12.rtf,ma-ma,1,317
P12,ma-ma.12.rtf,ma-ma,1,0
P13,ma-ma.12.rtf,ma-ma,1,0
P14,ma-ma.12.rtf,ma-ma,1,841
P15,ma-ma.12.rtf,ma-ma,1,440
P16,ma-ma.12.rtf,ma-ma,1,0
P17,ma-ma.12.rtf,ma-ma,1,0
P18,ma-ma.12.rtf,ma-ma,1,107
P19,ma-ma.12.rtf,ma-ma,1,228
P20,ma-ma.12.rtf,ma-ma,1,0
P21,ma-ma.12.rtf,ma-ma,1,259
P22,ma-ma.12.rtf,ma-ma,1,0
P23,ma-ma.12.rtf,ma-ma,1,55
P24,ma-ma.12.rtf,ma-ma,1,246
P25,ma-ma.12.rtf,ma-ma,1,543
P26,ma-ma.12.rtf,ma-ma,1,573
P27,ma-ma.12.rtf,ma-ma,1,0
P28,ma-ma.12.rtf,ma-ma,1,0
P29,ma-ma.12.rtf,ma-ma,1,785
P30,ma-ma.12.rtf,ma-ma,1,137
P31,ma-ma.12.rtf,ma-ma,1,362
P32,ma-ma.12.rtf,ma-ma,1,298
P33,ma-ma.12.rtf,ma-ma,1,0
P34,ma-ma.12.rtf,ma-ma,1,0
P35,ma-ma.12.rtf,ma-ma,1,0
P36,ma-ma.12.rtf,ma-ma,1,0
P37,ma-ma.12.rtf,ma-ma,1,224
P01,ma-nma.01.rtf,ma-nma,1,684
P02,ma-nma.01.rtf,ma-nma,1,317
P03,ma-nma.01.rtf,ma-nma,1,0
P04,ma-nma.01.rtf,ma-nma,1,308
P05,ma-nma.01.rtf,ma-nma,1,0
P07,ma-nma.01.rtf,ma-nma,1,58
P08,ma-nma.01.rtf,ma-nma,1,0
P09,ma-nma.01.rtf,ma-nma,1,225
P10,ma-nma.01.rtf,ma-nma,1,0
P11,ma-nma.01.rtf,ma-nma,1,0
P12,ma-nma.01.rtf,ma-nma,1,0
P13,ma-nma.01.rtf,ma-nma,1,0
P14,ma-nma.01.rtf,ma-nma,1,190
P15,ma-nma.01.rtf,ma-nma,1,366
P16,ma-nma.01.rtf,ma-nma,1,0
P17,ma-nma.01.rtf,ma-nma,1,0
P18,ma-nma.01.rtf,ma-nma,1,0
P19,ma-nma.01.rtf,ma-nma,1,552
P20,ma-nma.01.rtf,ma-nma,1,464
P21,ma-nma.01.rtf,ma-nma,1,855
P22,ma-nma.01.rtf,ma-nma,1,0
P23,ma-nma.01.rtf,ma-nma,1,146
P24,ma-nma.01.rtf,ma-nma,1,0
P25,ma-nma.01.rtf,ma-nma,1,261
P26,ma-nma.01.rtf,ma-nma,1,216
P27,ma-nma.01.rtf,ma-nma,1,0
P28,ma-nma.01.rtf,ma-nma,1,112
P29,ma-nma.01.rtf,ma-nma,1,464
P30,ma-nma.01.rtf,ma-nma,1,567
P31,ma-nma.01.rtf,ma-nma,1,92
P32,ma-nma.01.rtf,ma-nma,1,0
P33,ma-nma.01.rtf,ma-nma,1,0
P34,ma-nma.01.rtf,ma-nma,1,0
P35,ma-nma.01.rtf,ma-nma,1,337
P36,ma-nma.01.rtf,ma-nma,1,0
P37,ma-nma.01.rtf,ma-nma,1,151
P02,ma-nma.02.rtf,ma-nma,1,0
P03,ma-nma.02.rtf,ma-nma,1,0
P04,ma-nma.02.rtf,ma-nma,1,503
P05,ma-nma.02.rtf,ma-nma,1,0
P06,ma-nma.02.rtf,ma-nma,1,616
P07,ma-nma.02.rtf,ma-nma,1,0
P08,ma-nma.02.rtf,ma-nma,1,0
P09,ma-nma.02.rtf,ma-nma,1,0
P10,ma-nma.02.rtf,ma-nma,1,0
P11,ma-nma.02.rtf,ma-nma,1,0
P12,ma-nma.02.rtf,ma-nma,1,0
P13,ma-nma.02.rtf,ma-nma,1,215
P14,ma-nma.02.rtf,ma-nma,1,0
P15,ma-nma.02.rtf,ma-nma,1,792
P16,ma-nma.02.rtf,ma-nma,1,0
P17,ma-nma.02.rtf,ma-nma,1,0
P18,ma-nma.02.rtf,ma-nma,1,0
P19,ma-nma.02.rtf,ma-nma,1,371
P21,ma-nma.02.rtf,ma-nma,1,171
P22,ma-nma.02.rtf,ma-nma,1,0
P23,ma-nma.02.rtf,ma-nma,1,322
P24,ma-nma.02.rtf,ma-nma,1,322
P25,ma-nma.02.rtf,ma-nma,1,377
P26,ma-nma.02.rtf,ma-nma,1,121
P27,ma-nma.02.rtf,ma-nma,1,0
P28,ma-nma.02.rtf,ma-nma,1,293
P29,ma-nma.02.rtf,ma-nma,1,367
P30,ma-nma.02.rtf,ma-nma,1,499
P31,ma-nma.02.rtf,ma-nma,1,0
P32,ma-nma.02.rtf,ma-nma,1,679
P33,ma-nma.02.rtf,ma-nma,1,0
P34,ma-nma.02.rtf,ma-nma,1,0
P35,ma-nma.02.rtf,ma-nma,1,425
P36,ma-nma.02.rtf,ma-nma,1,0
P37,ma-nma.02.rtf,ma-nma,1,581
P01,ma-nma.03.rtf,ma-nma,1,256
P02,ma-nma.03.rtf,ma-nma,1,195
P03,ma-nma.03.rtf,ma-nma,1,0
P04,ma-nma.03.rtf,ma-nma,1,0
P05,ma-nma.03.rtf,ma-nma,1,0
P06,ma-nma.03.rtf,ma-nma,1,0
P07,ma-nma.03.rtf,ma-nma,1,0
P08,ma-nma.03.rtf,ma-nma,1,293
P09,ma-nma.03.rtf,ma-nma,1,0
P10,ma-nma.03.rtf,ma-nma,1,0
P11,ma-nma.03.rtf,ma-nma,1,518
P12,ma-nma.03.rtf,ma-nma,1,0
P13,ma-nma.03.rtf,ma-nma,1,0
P14,ma-nma.03.rtf,ma-nma,1,763
P15,ma-nma.03.rtf,ma-nma,1,200
P16,ma-nma.03.rtf,ma-nma,1,0
P17,ma-nma.03.rtf,ma-nma,1,0
P18,ma-nma.03.rtf,ma-nma,1,293
P19,ma-nma.03.rtf,ma-nma,1,332
P20,ma-nma.03.rtf,ma-nma,1,0
P21,ma-nma.03.rtf,ma-nma,1,181
P22,ma-nma.03.rtf,ma-nma,1,0
P23,ma-nma.03.rtf,ma-nma,1,221
P24,ma-nma.03.rtf,ma-nma,1,0
P25,ma-nma.03.rtf,ma-nma,1,760
P26,ma-nma.03.rtf,ma-nma,1,0
P27,ma-nma.03.rtf,ma-nma,1,0
P28,ma-nma.03.rtf,ma-nma,1,503
P29,ma-nma.03.rtf,ma-nma,1,655
P30,ma-nma.03.rtf,ma-nma,1,132
P31,ma-nma.03.rtf,ma-nma,1,0
P32,ma-nma.03.rtf,ma-nma,1,366
P33,ma-nma.03.rtf,ma-nma,1,0
P34,ma-nma.03.rtf,ma-nma,1,0
P35,ma-nma.03.rtf,ma-nma,1,176
P36,ma-nma.03.rtf,ma-nma,1,0
P37,ma-nma.03.rtf,ma-nma,1,200
P01,ma-nma.04.rtf,ma-nma,1,886
P02,ma-nma.04.rtf,ma-nma,1,0
P03,ma-nma.04.rtf,ma-nma,1,0
P04,ma-nma.04.rtf,ma-nma,1,0
P05,ma-nma.04.rtf,ma-nma,1,244
P06,ma-nma.04.rtf,ma-nma,1,1052
P07,ma-nma.04.rtf,ma-nma,1,337
P08,ma-nma.04.rtf,ma-nma,1,504
P09,ma-nma.04.rtf,ma-nma,1,273
P10,ma-nma.04.rtf,ma-nma,1,112
P11,ma-nma.04.rtf,ma-nma,1,254
P12,ma-nma.04.rtf,ma-nma,1,464
P13,ma-nma.04.rtf,ma-nma,1,0
P14,ma-nma.04.rtf,ma-nma,1,958
P16,ma-nma.04.rtf,ma-nma,1,254
P17,ma-nma.04.rtf,ma-nma,1,0
P18,ma-nma.04.rtf,ma-nma,1,220
P20,ma-nma.04.rtf,ma-nma,1,259
P21,ma-nma.04.rtf,ma-nma,1,410
P22,ma-nma.04.rtf,ma-nma,1,50
P23,ma-nma.04.rtf,ma-nma,1,689
P24,ma-nma.04.rtf,ma-nma,1,689
P25,ma-nma.04.rtf,ma-nma,1,0
P27,ma-nma.04.rtf,ma-nma,1,0
P28,ma-nma.04.rtf,ma-nma,1,0
P29,ma-nma.04.rtf,ma-nma,1,244
P30,ma-nma.04.rtf,ma-nma,1,229
P31,ma-nma.04.rtf,ma-nma,1,229
P32,ma-nma.04.rtf,ma-nma,1,723
P33,ma-nma.04.rtf,ma-nma,1,0
P34,ma-nma.04.rtf,ma-nma,1,0
P35,ma-nma.04.rtf,ma-nma,1,0
P36,ma-nma.04.rtf,ma-nma,1,0
P37,ma-nma.04.rtf,ma-nma,1,308
P01,ma-nma.05.rtf,ma-nma,1,432
P02,ma-nma.05.rtf,ma-nma,1,0
P03,ma-nma.05.rtf,ma-nma,1,0
P04,ma-nma.05.rtf,ma-nma,1,0
P05,ma-nma.05.rtf,ma-nma,1,0
P06,ma-nma.05.rtf,ma-nma,1,1051
P07,ma-nma.05.rtf,ma-nma,1,0
P08,ma-nma.05.rtf,ma-nma,1,536
P09,ma-nma.05.rtf,ma-nma,1,229
P10,ma-nma.05.rtf,ma-nma,1,0
P11,ma-nma.05.rtf,ma-nma,1,239
P12,ma-nma.05.rtf,ma-nma,1,0
P13,ma-nma.05.rtf,ma-nma,1,0
P14,ma-nma.05.rtf,ma-nma,1,841
P15,ma-nma.05.rtf,ma-nma,1,0
P16,ma-nma.05.rtf,ma-nma,1,0
P17,ma-nma.05.rtf,ma-nma,1,0
P18,ma-nma.05.rtf,ma-nma,1,0
P19,ma-nma.05.rtf,ma-nma,1,185
P20,ma-nma.05.rtf,ma-nma,1,176
P21,ma-nma.05.rtf,ma-nma,1,185
P22,ma-nma.05.rtf,ma-nma,1,0
P23,ma-nma.05.rtf,ma-nma,1,60
P24,ma-nma.05.rtf,ma-nma,1,0
P25,ma-nma.05.rtf,ma-nma,1,216
P26,ma-nma.05.rtf,ma-nma,1,0
P27,ma-nma.05.rtf,ma-nma,1,0
P28,ma-nma.05.rtf,ma-nma,1,0
P29,ma-nma.05.rtf,ma-nma,1,696
P30,ma-nma.05.rtf,ma-nma,1,445
P31,ma-nma.05.rtf,ma-nma,1,0
P32,ma-nma.05.rtf,ma-nma,1,347
P33,ma-nma.05.rtf,ma-nma,1,0
P34,ma-nma.05.rtf,ma-nma,1,0
P35,ma-nma.05.rtf,ma-nma,1,220
P36,ma-nma.05.rtf,ma-nma,1,0
P37,ma-nma.05.rtf,ma-nma,1,190
P01,ma-nma.06.rtf,ma-nma,1,901
P02,ma-nma.06.rtf,ma-nma,1,249
P03,ma-nma.06.rtf,ma-nma,1,97
P04,ma-nma.06.rtf,ma-nma,1,298
P05,ma-nma.06.rtf,ma-nma,1,0
P06,ma-nma.06.rtf,ma-nma,1,1036
P07,ma-nma.06.rtf,ma-nma,1,195
P08,ma-nma.06.rtf,ma-nma,1,801
P09,ma-nma.06.rtf,ma-nma,1,0
P10,ma-nma.06.rtf,ma-nma,1,224
P11,ma-nma.06.rtf,ma-nma,1,283
P12,ma-nma.06.rtf,ma-nma,1,0
P13,ma-nma.06.rtf,ma-nma,1,185
P14,ma-nma.06.rtf,ma-nma,1,474
P16,ma-nma.06.rtf,ma-nma,1,0
P17,ma-nma.06.rtf,ma-nma,1,0
P18,ma-nma.06.rtf,ma-nma,1,92
P20,ma-nma.06.rtf,ma-nma,1,0
P21,ma-nma.06.rtf,ma-nma,1,273
P22,ma-nma.06.rtf,ma-nma,1,0
P23,ma-nma.06.rtf,ma-nma,1,654
P24,ma-nma.06.rtf,ma-nma,1,448
P25,ma-nma.06.rtf,ma-nma,1,0
P26,ma-nma.06.rtf,ma-nma,1,856
P27,ma-nma.06.rtf,ma-nma,1,0
P28,ma-nma.06.rtf,ma-nma,1,185
P29,ma-nma.06.rtf,ma-nma,1,504
P30,ma-nma.06.rtf,ma-nma,1,420
P31,ma-nma.06.rtf,ma-nma,1,0
P32,ma-nma.06.rtf,ma-nma,1,322
P33,ma-nma.06.rtf,ma-nma,1,0
P34,ma-nma.06.rtf,ma-nma,1,79
P35,ma-nma.06.rtf,ma-nma,1,112
P36,ma-nma.06.rtf,ma-nma,1,0
P37,ma-nma.06.rtf,ma-nma,1,205
P01,ma-nma.07.rtf,ma-nma,1,674
P02,ma-nma.07.rtf,ma-nma,1,0
P03,ma-nma.07.rtf,ma-nma,1,0
P04,ma-nma.07.rtf,ma-nma,1,0
P05,ma-nma.07.rtf,ma-nma,1,0
P06,ma-nma.07.rtf,ma-nma,1,313
P07,ma-nma.07.rtf,ma-nma,1,0
P08,ma-nma.07.rtf,ma-nma,1,0
P09,ma-nma.07.rtf,ma-nma,1,440
P10,ma-nma.07.rtf,ma-nma,1,298
P11,ma-nma.07.rtf,ma-nma,1,97
P12,ma-nma.07.rtf,ma-nma,1,0
P13,ma-nma.07.rtf,ma-nma,1,0
P15,ma-nma.07.rtf,ma-nma,1,185
P16,ma-nma.07.rtf,ma-nma,1,0
P17,ma-nma.07.rtf,ma-nma,1,0
P18,ma-nma.07.rtf,ma-nma,1,0
P19,ma-nma.07.rtf,ma-nma,1,591
P20,ma-nma.07.rtf,ma-nma,1,127
P21,ma-nma.07.rtf,ma-nma,1,1041
P22,ma-nma.07.rtf,ma-nma,1,0
P23,ma-nma.07.rtf,ma-nma,1,307
P24,ma-nma.07.rtf,ma-nma,1,0
P25,ma-nma.07.rtf,ma-nma,1,206
P26,ma-nma.07.rtf,ma-nma,1,166
P27,ma-nma.07.rtf,ma-nma,1,0
P28,ma-nma.07.rtf,ma-nma,1,0
P29,ma-nma.07.rtf,ma-nma,1,469
P30,ma-nma.07.rtf,ma-nma,1,269
P31,ma-nma.07.rtf,ma-nma,1,386
P32,ma-nma.07.rtf,ma-nma,1,577
P33,ma-nma.07.rtf,ma-nma,1,0
P34,ma-nma.07.rtf,ma-nma,1,0
P35,ma-nma.07.rtf,ma-nma,1,205
P36,ma-nma.07.rtf,ma-nma,1,0
P37,ma-nma.07.rtf,ma-nma,1,312
P01,ma-nma.08.rtf,ma-nma,1,1147
P02,ma-nma.08.rtf,ma-nma,1,0
P03,ma-nma.08.rtf,ma-nma,1,68
P04,ma-nma.08.rtf,ma-nma,1,283
P05,ma-nma.08.rtf,ma-nma,1,0
P06,ma-nma.08.rtf,ma-nma,1,719
P07,ma-nma.08.rtf,ma-nma,1,0
P08,ma-nma.08.rtf,ma-nma,1,846
P09,ma-nma.08.rtf,ma-nma,1,0
P10,ma-nma.08.rtf,ma-nma,1,0
P11,ma-nma.08.rtf,ma-nma,1,0
P12,ma-nma.08.rtf,ma-nma,1,0
P13,ma-nma.08.rtf,ma-nma,1,0
P14,ma-nma.08.rtf,ma-nma,1,655
P16,ma-nma.08.rtf,ma-nma,1,0
P17,ma-nma.08.rtf,ma-nma,1,0
P18,ma-nma.08.rtf,ma-nma,1,0
P19,ma-nma.08.rtf,ma-nma,1,537
P20,ma-nma.08.rtf,ma-nma,1,0
P21,ma-nma.08.rtf,ma-nma,1,205
P22,ma-nma.08.rtf,ma-nma,1,0
P23,ma-nma.08.rtf,ma-nma,1,0
P24,ma-nma.08.rtf,ma-nma,1,115
P25,ma-nma.08.rtf,ma-nma,1,417
P26,ma-nma.08.rtf,ma-nma,1,75
P27,ma-nma.08.rtf,ma-nma,1,0
P28,ma-nma.08.rtf,ma-nma,1,127
P29,ma-nma.08.rtf,ma-nma,1,474
P30,ma-nma.08.rtf,ma-nma,1,0
P31,ma-nma.08.rtf,ma-nma,1,0
P32,ma-nma.08.rtf,ma-nma,1,0
P33,ma-nma.08.rtf,ma-nma,1,0
P34,ma-nma.08.rtf,ma-nma,1,0
P35,ma-nma.08.rtf,ma-nma,1,92
P36,ma-nma.08.rtf,ma-nma,1,0
P37,ma-nma.08.rtf,ma-nma,1,171
P01,ma-nma.09.rtf,ma-nma,1,367
P02,ma-nma.09.rtf,ma-nma,1,0
P03,ma-nma.09.rtf,ma-nma,1,0
P04,ma-nma.09.rtf,ma-nma,1,342
P05,ma-nma.09.rtf,ma-nma,1,0
P06,ma-nma.09.rtf,ma-nma,1,254
P07,ma-nma.09.rtf,ma-nma,1,0
P08,ma-nma.09.rtf,ma-nma,1,0
P09,ma-nma.09.rtf,ma-nma,1,0
P10,ma-nma.09.rtf,ma-nma,1,0
P11,ma-nma.09.rtf,ma-nma,1,185
P12,ma-nma.09.rtf,ma-nma,1,0
P13,ma-nma.09.rtf,ma-nma,1,0
P14,ma-nma.09.rtf,ma-nma,1,787
P15,ma-nma.09.rtf,ma-nma,1,171
P16,ma-nma.09.rtf,ma-nma,1,0
P17,ma-nma.09.rtf,ma-nma,1,0
P18,ma-nma.09.rtf,ma-nma,1,0
P19,ma-nma.09.rtf,ma-nma,1,465
P20,ma-nma.09.rtf,ma-nma,1,293
P21,ma-nma.09.rtf,ma-nma,1,1047
P22,ma-nma.09.rtf,ma-nma,1,110
P23,ma-nma.09.rtf,ma-nma,1,437
P24,ma-nma.09.rtf,ma-nma,1,0
P25,ma-nma.09.rtf,ma-nma,1,176
P26,ma-nma.09.rtf,ma-nma,1,504
P27,ma-nma.09.rtf,ma-nma,1,0
P28,ma-nma.09.rtf,ma-nma,1,987
P29,ma-nma.09.rtf,ma-nma,1,53
P30,ma-nma.09.rtf,ma-nma,1,802
P31,ma-nma.09.rtf,ma-nma,1,0
P32,ma-nma.09.rtf,ma-nma,1,988
P33,ma-nma.09.rtf,ma-nma,1,0
P34,ma-nma.09.rtf,ma-nma,1,58
P35,ma-nma.09.rtf,ma-nma,1,180
P36,ma-nma.09.rtf,ma-nma,1,0
P37,ma-nma.09.rtf,ma-nma,1,0
P01,ma-nma.10.rtf,ma-nma,1,468
P02,ma-nma.10.rtf,ma-nma,1,210
P03,ma-nma.10.rtf,ma-nma,1,244
P04,ma-nma.10.rtf,ma-nma,1,283
P05,ma-nma.10.rtf,ma-nma,1,0
P06,ma-nma.10.rtf,ma-nma,1,498
P07,ma-nma.10.rtf,ma-nma,1,0
P08,ma-nma.10.rtf,ma-nma,1,0
P09,ma-nma.10.rtf,ma-nma,1,332
P10,ma-nma.10.rtf,ma-nma,1,0
P11,ma-nma.10.rtf,ma-nma,1,0
P12,ma-nma.10.rtf,ma-nma,1,0
P13,ma-nma.10.rtf,ma-nma,1,0
P14,ma-nma.10.rtf,ma-nma,1,1168
P15,ma-nma.10.rtf,ma-nma,1,361
P16,ma-nma.10.rtf,ma-nma,1,0
P17,ma-nma.10.rtf,ma-nma,1,0
P18,ma-nma.10.rtf,ma-nma,1,0
P19,ma-nma.10.rtf,ma-nma,1,410
P20,ma-nma.10.rtf,ma-nma,1,0
P21,ma-nma.10.rtf,ma-nma,1,0
P22,ma-nma.10.rtf,ma-nma,1,0
P23,ma-nma.10.rtf,ma-nma,1,563
P24,ma-nma.10.rtf,ma-nma,1,120
P25,ma-nma.10.rtf,ma-nma,1,337
P26,ma-nma.10.rtf,ma-nma,1,367
P27,ma-nma.10.rtf,ma-nma,1,0
P28,ma-nma.10.rtf,ma-nma,1,476
P29,ma-nma.10.rtf,ma-nma,1,933
P30,ma-nma.10.rtf,ma-nma,1,439
P31,ma-nma.10.rtf,ma-nma,1,0
P32,ma-nma.10.rtf,ma-nma,1,239
P33,ma-nma.10.rtf,ma-nma,1,0
P34,ma-nma.10.rtf,ma-nma,1,0
P35,ma-nma.10.rtf,ma-nma,1,342
P36,ma-nma.10.rtf,ma-nma,1,0
P37,ma-nma.10.rtf,ma-nma,1,425
P01,ma-nma.11.rtf,ma-nma,1,709
P02,ma-nma.11.rtf,ma-nma,1,0
P03,ma-nma.11.rtf,ma-nma,1,0
P04,ma-nma.11.rtf,ma-nma,1,107
P05,ma-nma.11.rtf,ma-nma,1,0
P06,ma-nma.11.rtf,ma-nma,1,352
P07,ma-nma.11.rtf,ma-nma,1,127
P08,ma-nma.11.rtf,ma-nma,1,0
P09,ma-nma.11.rtf,ma-nma,1,0
P10,ma-nma.11.rtf,ma-nma,1,0
P11,ma-nma.11.rtf,ma-nma,1,171
P12,ma-nma.11.rtf,ma-nma,1,0
P13,ma-nma.11.rtf,ma-nma,1,0
P14,ma-nma.11.rtf,ma-nma,1,924
P15,ma-nma.11.rtf,ma-nma,1,1144
P16,ma-nma.11.rtf,ma-nma,1,0
P17,ma-nma.11.rtf,ma-nma,1,0
P18,ma-nma.11.rtf,ma-nma,1,0
P19,ma-nma.11.rtf,ma-nma,1,264
P20,ma-nma.11.rtf,ma-nma,1,327
P21,ma-nma.11.rtf,ma-nma,1,112
P22,ma-nma.11.rtf,ma-nma,1,0
P23,ma-nma.11.rtf,ma-nma,1,176
P24,ma-nma.11.rtf,ma-nma,1,0
P25,ma-nma.11.rtf,ma-nma,1,201
P26,ma-nma.11.rtf,ma-nma,1,0
P27,ma-nma.11.rtf,ma-nma,1,0
P28,ma-nma.11.rtf,ma-nma,1,141
P29,ma-nma.11.rtf,ma-nma,1,327
P30,ma-nma.11.rtf,ma-nma,1,396
P31,ma-nma.11.rtf,ma-nma,1,332
P32,ma-nma.11.rtf,ma-nma,1,454
P33,ma-nma.11.rtf,ma-nma,1,0
P34,ma-nma.11.rtf,ma-nma,1,0
P35,ma-nma.11.rtf,ma-nma,1,78
P36,ma-nma.11.rtf,ma-nma,1,0
P37,ma-nma.11.rtf,ma-nma,1,156
P01,ma-nma.12.rtf,ma-nma,1,0
P02,ma-nma.12.rtf,ma-nma,1,0
P03,ma-nma.12.rtf,ma-nma,1,0
P04,ma-nma.12.rtf,ma-nma,1,126
P05,ma-nma.12.rtf,ma-nma,1,558
P06,ma-nma.12.rtf,ma-nma,1,1193
P07,ma-nma.12.rtf,ma-nma,1,83
P08,ma-nma.12.rtf,ma-nma,1,230
P09,ma-nma.12.rtf,ma-nma,1,122
P10,ma-nma.12.rtf,ma-nma,1,0
P11,ma-nma.12.rtf,ma-nma,1,264
P12,ma-nma.12.rtf,ma-nma,1,586
P13,ma-nma.12.rtf,ma-nma,1,0
P14,ma-nma.12.rtf,ma-nma,1,884
P16,ma-nma.12.rtf,ma-nma,1,0
P17,ma-nma.12.rtf,ma-nma,1,0
P18,ma-nma.12.rtf,ma-nma,1,259
P19,ma-nma.12.rtf,ma-nma,1,831
P20,ma-nma.12.rtf,ma-nma,1,415
P21,ma-nma.12.rtf,ma-nma,1,533
P22,ma-nma.12.rtf,ma-nma,1,307
P23,ma-nma.12.rtf,ma-nma,1,573
P24,ma-nma.12.rtf,ma-nma,1,397
P25,ma-nma.12.rtf,ma-nma,1,624
P26,ma-nma.12.rtf,ma-nma,1,307
P27,ma-nma.12.rtf,ma-nma,1,0
P28,ma-nma.12.rtf,ma-nma,1,0
P29,ma-nma.12.rtf,ma-nma,1,215
P30,ma-nma.12.rtf,ma-nma,1,552
P31,ma-nma.12.rtf,ma-nma,1,0
P32,ma-nma.12.rtf,ma-nma,1,592
P33,ma-nma.12.rtf,ma-nma,1,0
P34,ma-nma.12.rtf,ma-nma,1,0
P35,ma-nma.12.rtf,ma-nma,1,141
P36,ma-nma.12.rtf,ma-nma,1,254
P37,ma-nma.12.rtf,ma-nma,1,787
P01,nma-ma.01.rtf,nma-ma,2,246
P02,nma-ma.01.rtf,nma-ma,2,0
P03,nma-ma.01.rtf,nma-ma,2,249
P04,nma-ma.01.rtf,nma-ma,2,0
P05,nma-ma.01.rtf,nma-ma,2,630
P06,nma-ma.01.rtf,nma-ma,2,792
P07,nma-ma.01.rtf,nma-ma,2,401
P08,nma-ma.01.rtf,nma-ma,2,298
P09,nma-ma.01.rtf,nma-ma,2,0
P10,nma-ma.01.rtf,nma-ma,2,0
P11,nma-ma.01.rtf,nma-ma,2,0
P12,nma-ma.01.rtf,nma-ma,2,538
P13,nma-ma.01.rtf,nma-ma,2,0
P14,nma-ma.01.rtf,nma-ma,2,489
P15,nma-ma.01.rtf,nma-ma,2,1008
P16,nma-ma.01.rtf,nma-ma,2,0
P17,nma-ma.01.rtf,nma-ma,2,0
P18,nma-ma.01.rtf,nma-ma,2,0
P19,nma-ma.01.rtf,nma-ma,2,102
P20,nma-ma.01.rtf,nma-ma,2,68
P21,nma-ma.01.rtf,nma-ma,2,205
P22,nma-ma.01.rtf,nma-ma,2,206
P23,nma-ma.01.rtf,nma-ma,2,624
P24,nma-ma.01.rtf,nma-ma,2,377
P25,nma-ma.01.rtf,nma-ma,2,317
P26,nma-ma.01.rtf,nma-ma,2,0
P27,nma-ma.01.rtf,nma-ma,2,572
P28,nma-ma.01.rtf,nma-ma,2,185
P29,nma-ma.01.rtf,nma-ma,2,327
P30,nma-ma.01.rtf,nma-ma,2,156
P31,nma-ma.01.rtf,nma-ma,2,0
P32,nma-ma.01.rtf,nma-ma,2,518
P33,nma-ma.01.rtf,nma-ma,2,0
P34,nma-ma.01.rtf,nma-ma,2,0
P35,nma-ma.01.rtf,nma-ma,2,151
P36,nma-ma.01.rtf,nma-ma,2,0
P37,nma-ma.01.rtf,nma-ma,2,273
P01,nma-ma.02.rtf,nma-ma,2,709
P02,nma-ma.02.rtf,nma-ma,2,0
P03,nma-ma.02.rtf,nma-ma,2,0
P04,nma-ma.02.rtf,nma-ma,2,479
P05,nma-ma.02.rtf,nma-ma,2,0
P06,nma-ma.02.rtf,nma-ma,2,200
P07,nma-ma.02.rtf,nma-ma,2,0
P08,nma-ma.02.rtf,nma-ma,2,0
P09,nma-ma.02.rtf,nma-ma,2,0
P10,nma-ma.02.rtf,nma-ma,2,0
P11,nma-ma.02.rtf,nma-ma,2,249
P12,nma-ma.02.rtf,nma-ma,2,0
P13,nma-ma.02.rtf,nma-ma,2,0
P14,nma-ma.02.rtf,nma-ma,2,352
P15,nma-ma.02.rtf,nma-ma,2,0
P16,nma-ma.02.rtf,nma-ma,2,0
P17,nma-ma.02.rtf,nma-ma,2,0
P18,nma-ma.02.rtf,nma-ma,2,205
P19,nma-ma.02.rtf,nma-ma,2,259
P20,nma-ma.02.rtf,nma-ma,2,180
P21,nma-ma.02.rtf,nma-ma,2,0
P22,nma-ma.02.rtf,nma-ma,2,0
P23,nma-ma.02.rtf,nma-ma,2,0
P24,nma-ma.02.rtf,nma-ma,2,0
P25,nma-ma.02.rtf,nma-ma,2,0
P26,nma-ma.02.rtf,nma-ma,2,0
P27,nma-ma.02.rtf,nma-ma,2,0
P28,nma-ma.02.rtf,nma-ma,2,0
P29,nma-ma.02.rtf,nma-ma,2,259
P30,nma-ma.02.rtf,nma-ma,2,205
P31,nma-ma.02.rtf,nma-ma,2,0
P32,nma-ma.02.rtf,nma-ma,2,0
P33,nma-ma.02.rtf,nma-ma,2,0
P34,nma-ma.02.rtf,nma-ma,2,0
P35,nma-ma.02.rtf,nma-ma,2,322
P36,nma-ma.02.rtf,nma-ma,2,0
P37,nma-ma.02.rtf,nma-ma,2,386
P01,nma-ma.03.rtf,nma-ma,2,221
P02,nma-ma.03.rtf,nma-ma,2,200
P03,nma-ma.03.rtf,nma-ma,2,0
P04,nma-ma.03.rtf,nma-ma,2,190
P05,nma-ma.03.rtf,nma-ma,2,0
P06,nma-ma.03.rtf,nma-ma,2,0
P07,nma-ma.03.rtf,nma-ma,2,166
P08,nma-ma.03.rtf,nma-ma,2,0
P09,nma-ma.03.rtf,nma-ma,2,0
P10,nma-ma.03.rtf,nma-ma,2,0
P11,nma-ma.03.rtf,nma-ma,2,0
P12,nma-ma.03.rtf,nma-ma,2,0
P13,nma-ma.03.rtf,nma-ma,2,0
P14,nma-ma.03.rtf,nma-ma,2,269
P15,nma-ma.03.rtf,nma-ma,2,298
P16,nma-ma.03.rtf,nma-ma,2,0
P17,nma-ma.03.rtf,nma-ma,2,146
P18,nma-ma.03.rtf,nma-ma,2,63
P19,nma-ma.03.rtf,nma-ma,2,498
P20,nma-ma.03.rtf,nma-ma,2,0
P21,nma-ma.03.rtf,nma-ma,2,83
P22,nma-ma.03.rtf,nma-ma,2,236
P23,nma-ma.03.rtf,nma-ma,2,236
P24,nma-ma.03.rtf,nma-ma,2,0
P25,nma-ma.03.rtf,nma-ma,2,256
P26,nma-ma.03.rtf,nma-ma,2,0
P27,nma-ma.03.rtf,nma-ma,2,0
P28,nma-ma.03.rtf,nma-ma,2,0
P29,nma-ma.03.rtf,nma-ma,2,572
P30,nma-ma.03.rtf,nma-ma,2,401
P31,nma-ma.03.rtf,nma-ma,2,0
P32,nma-ma.03.rtf,nma-ma,2,567
P33,nma-ma.03.rtf,nma-ma,2,0
P34,nma-ma.03.rtf,nma-ma,2,0
P35,nma-ma.03.rtf,nma-ma,2,0
P36,nma-ma.03.rtf,nma-ma,2,0
P37,nma-ma.03.rtf,nma-ma,2,141
P01,nma-ma.04.rtf,nma-ma,2,302
P02,nma-ma.04.rtf,nma-ma,2,0
P03,nma-ma.04.rtf,nma-ma,2,0
P04,nma-ma.04.rtf,nma-ma,2,0
P05,nma-ma.04.rtf,nma-ma,2,0
P06,nma-ma.04.rtf,nma-ma,2,234
P07,nma-ma.04.rtf,nma-ma,2,264
P08,nma-ma.04.rtf,nma-ma,2,0
P09,nma-ma.04.rtf,nma-ma,2,0
P10,nma-ma.04.rtf,nma-ma,2,68
P11,nma-ma.04.rtf,nma-ma,2,273
P12,nma-ma.04.rtf,nma-ma,2,1057
P13,nma-ma.04.rtf,nma-ma,2,1085
P14,nma-ma.04.rtf,nma-ma,2,416
P15,nma-ma.04.rtf,nma-ma,2,0
P16,nma-ma.04.rtf,nma-ma,2,0
P17,nma-ma.04.rtf,nma-ma,2,0
P18,nma-ma.04.rtf,nma-ma,2,0
P19,nma-ma.04.rtf,nma-ma,2,283
P20,nma-ma.04.rtf,nma-ma,2,259
P21,nma-ma.04.rtf,nma-ma,2,200
P22,nma-ma.04.rtf,nma-ma,2,115
P23,nma-ma.04.rtf,nma-ma,2,624
P24,nma-ma.04.rtf,nma-ma,2,0
P26,nma-ma.04.rtf,nma-ma,2,700
P27,nma-ma.04.rtf,nma-ma,2,0
P28,nma-ma.04.rtf,nma-ma,2,0
P29,nma-ma.04.rtf,nma-ma,2,533
P30,nma-ma.04.rtf,nma-ma,2,298
P31,nma-ma.04.rtf,nma-ma,2,0
P32,nma-ma.04.rtf,nma-ma,2,117
P33,nma-ma.04.rtf,nma-ma,2,0
P34,nma-ma.04.rtf,nma-ma,2,0
P35,nma-ma.04.rtf,nma-ma,2,0
P36,nma-ma.04.rtf,nma-ma,2,0
P37,nma-ma.04.rtf,nma-ma,2,552
P01,nma-ma.05.rtf,nma-ma,2,80
P02,nma-ma.05.rtf,nma-ma,2,0
P03,nma-ma.05.rtf,nma-ma,2,0
P04,nma-ma.05.rtf,nma-ma,2,239
P05,nma-ma.05.rtf,nma-ma,2,0
P06,nma-ma.05.rtf,nma-ma,2,0
P07,nma-ma.05.rtf,nma-ma,2,142
P08,nma-ma.05.rtf,nma-ma,2,0
P09,nma-ma.05.rtf,nma-ma,2,464
P10,nma-ma.05.rtf,nma-ma,2,0
P11,nma-ma.05.rtf,nma-ma,2,670
P12,nma-ma.05.rtf,nma-ma,2,0
P13,nma-ma.05.rtf,nma-ma,2,0
P14,nma-ma.05.rtf,nma-ma,2,366
P15,nma-ma.05.rtf,nma-ma,2,249
P16,nma-ma.05.rtf,nma-ma,2,0
P17,nma-ma.05.rtf,nma-ma,2,175
P18,nma-ma.05.rtf,nma-ma,2,0
P19,nma-ma.05.rtf,nma-ma,2,743
P20,nma-ma.05.rtf,nma-ma,2,190
P21,nma-ma.05.rtf,nma-ma,2,127
P22,nma-ma.05.rtf,nma-ma,2,362
P23,nma-ma.05.rtf,nma-ma,2,941
P24,nma-ma.05.rtf,nma-ma,2,382
P25,nma-ma.05.rtf,nma-ma,2,241
P26,nma-ma.05.rtf,nma-ma,2,890
P27,nma-ma.05.rtf,nma-ma,2,0
P28,nma-ma.05.rtf,nma-ma,2,0
P29,nma-ma.05.rtf,nma-ma,2,249
P31,nma-ma.05.rtf,nma-ma,2,0
P32,nma-ma.05.rtf,nma-ma,2,445
P33,nma-ma.05.rtf,nma-ma,2,0
P34,nma-ma.05.rtf,nma-ma,2,0
P35,nma-ma.05.rtf,nma-ma,2,337
P36,nma-ma.05.rtf,nma-ma,2,454
P37,nma-ma.05.rtf,nma-ma,2,161
P01,nma-ma.06.rtf,nma-ma,2,271
P02,nma-ma.06.rtf,nma-ma,2,298
P03,nma-ma.06.rtf,nma-ma,2,0
P04,nma-ma.06.rtf,nma-ma,2,185
P05,nma-ma.06.rtf,nma-ma,2,0
P06,nma-ma.06.rtf,nma-ma,2,210
P07,nma-ma.06.rtf,nma-ma,2,112
P08,nma-ma.06.rtf,nma-ma,2,0
P09,nma-ma.06.rtf,nma-ma,2,0
P10,nma-ma.06.rtf,nma-ma,2,0
P11,nma-ma.06.rtf,nma-ma,2,0
P12,nma-ma.06.rtf,nma-ma,2,190
P13,nma-ma.06.rtf,nma-ma,2,58
P14,nma-ma.06.rtf,nma-ma,2,107
P15,nma-ma.06.rtf,nma-ma,2,0
P16,nma-ma.06.rtf,nma-ma,2,0
P17,nma-ma.06.rtf,nma-ma,2,0
P18,nma-ma.06.rtf,nma-ma,2,0
P19,nma-ma.06.rtf,nma-ma,2,303
P20,nma-ma.06.rtf,nma-ma,2,371
P21,nma-ma.06.rtf,nma-ma,2,97
P22,nma-ma.06.rtf,nma-ma,2,0
P23,nma-ma.06.rtf,nma-ma,2,377
P24,nma-ma.06.rtf,nma-ma,2,0
P25,nma-ma.06.rtf,nma-ma,2,609
P26,nma-ma.06.rtf,nma-ma,2,151
P27,nma-ma.06.rtf,nma-ma,2,161
P28,nma-ma.06.rtf,nma-ma,2,0
P29,nma-ma.06.rtf,nma-ma,2,381
P30,nma-ma.06.rtf,nma-ma,2,102
P31,nma-ma.06.rtf,nma-ma,2,249
P32,nma-ma.06.rtf,nma-ma,2,0
P33,nma-ma.06.rtf,nma-ma,2,0
P34,nma-ma.06.rtf,nma-ma,2,0
P35,nma-ma.06.rtf,nma-ma,2,635
P36,nma-ma.06.rtf,nma-ma,2,0
P37,nma-ma.06.rtf,nma-ma,2,127
P01,nma-ma.07.rtf,nma-ma,2,0
P02,nma-ma.07.rtf,nma-ma,2,332
P03,nma-ma.07.rtf,nma-ma,2,0
P04,nma-ma.07.rtf,nma-ma,2,327
P05,nma-ma.07.rtf,nma-ma,2,0
P06,nma-ma.07.rtf,nma-ma,2,234
P07,nma-ma.07.rtf,nma-ma,2,0
P08,nma-ma.07.rtf,nma-ma,2,0
P09,nma-ma.07.rtf,nma-ma,2,190
P10,nma-ma.07.rtf,nma-ma,2,0
P11,nma-ma.07.rtf,nma-ma,2,0
P12,nma-ma.07.rtf,nma-ma,2,0
P13,nma-ma.07.rtf,nma-ma,2,0
P14,nma-ma.07.rtf,nma-ma,2,679
P15,nma-ma.07.rtf,nma-ma,2,0
P16,nma-ma.07.rtf,nma-ma,2,0
P17,nma-ma.07.rtf,nma-ma,2,0
P18,nma-ma.07.rtf,nma-ma,2,342
P19,nma-ma.07.rtf,nma-ma,2,342
P20,nma-ma.07.rtf,nma-ma,2,97
P21,nma-ma.07.rtf,nma-ma,2,0
P22,nma-ma.07.rtf,nma-ma,2,342
P23,nma-ma.07.rtf,nma-ma,2,0
P24,nma-ma.07.rtf,nma-ma,2,0
P25,nma-ma.07.rtf,nma-ma,2,362
P26,nma-ma.07.rtf,nma-ma,2,362
P27,nma-ma.07.rtf,nma-ma,2,0
P28,nma-ma.07.rtf,nma-ma,2,83
P29,nma-ma.07.rtf,nma-ma,2,141
P30,nma-ma.07.rtf,nma-ma,2,259
P31,nma-ma.07.rtf,nma-ma,2,141
P32,nma-ma.07.rtf,nma-ma,2,445
P33,nma-ma.07.rtf,nma-ma,2,0
P34,nma-ma.07.rtf,nma-ma,2,0
P35,nma-ma.07.rtf,nma-ma,2,0
P36,nma-ma.07.rtf,nma-ma,2,0
P37,nma-ma.07.rtf,nma-ma,2,0
P01,nma-ma.08.rtf,nma-ma,2,246
P02,nma-ma.08.rtf,nma-ma,2,0
P03,nma-ma.08.rtf,nma-ma,2,0
P04,nma-ma.08.rtf,nma-ma,2,0
P05,nma-ma.08.rtf,nma-ma,2,0
P06,nma-ma.08.rtf,nma-ma,2,210
P07,nma-ma.08.rtf,nma-ma,2,83
P08,nma-ma.08.rtf,nma-ma,2,195
P09,nma-ma.08.rtf,nma-ma,2,224
P10,nma-ma.08.rtf,nma-ma,2,0
P11,nma-ma.08.rtf,nma-ma,2,0
P12,nma-ma.08.rtf,nma-ma,2,298
P13,nma-ma.08.rtf,nma-ma,2,0
P14,nma-ma.08.rtf,nma-ma,2,127
P15,nma-ma.08.rtf,nma-ma,2,97
P16,nma-ma.08.rtf,nma-ma,2,0
P17,nma-ma.08.rtf,nma-ma,2,0
P18,nma-ma.08.rtf,nma-ma,2,0
P19,nma-ma.08.rtf,nma-ma,2,0
P20,nma-ma.08.rtf,nma-ma,2,0
P21,nma-ma.08.rtf,nma-ma,2,352
P22,nma-ma.08.rtf,nma-ma,2,0
P23,nma-ma.08.rtf,nma-ma,2,563
P24,nma-ma.08.rtf,nma-ma,2,0
P25,nma-ma.08.rtf,nma-ma,2,196
P26,nma-ma.08.rtf,nma-ma,2,0
P27,nma-ma.08.rtf,nma-ma,2,141
P28,nma-ma.08.rtf,nma-ma,2,0
P29,nma-ma.08.rtf,nma-ma,2,234
P30,nma-ma.08.rtf,nma-ma,2,0
P31,nma-ma.08.rtf,nma-ma,2,0
P32,nma-ma.08.rtf,nma-ma,2,552
P33,nma-ma.08.rtf,nma-ma,2,0
P34,nma-ma.08.rtf,nma-ma,2,0
P35,nma-ma.08.rtf,nma-ma,2,156
P36,nma-ma.08.rtf,nma-ma,2,0
P37,nma-ma.08.rtf,nma-ma,2,156
P01,nma-ma.09.rtf,nma-ma,2,0
P02,nma-ma.09.rtf,nma-ma,2,205
P03,nma-ma.09.rtf,nma-ma,2,0
P04,nma-ma.09.rtf,nma-ma,2,0
P05,nma-ma.09.rtf,nma-ma,2,0
P06,nma-ma.09.rtf,nma-ma,2,528
P07,nma-ma.09.rtf,nma-ma,2,0
P08,nma-ma.09.rtf,nma-ma,2,0
P09,nma-ma.09.rtf,nma-ma,2,0
P10,nma-ma.09.rtf,nma-ma,2,0
P11,nma-ma.09.rtf,nma-ma,2,259
P12,nma-ma.09.rtf,nma-ma,2,1105
P13,nma-ma.09.rtf,nma-ma,2,0
P14,nma-ma.09.rtf,nma-ma,2,327
P15,nma-ma.09.rtf,nma-ma,2,366
P16,nma-ma.09.rtf,nma-ma,2,0
P17,nma-ma.09.rtf,nma-ma,2,0
P18,nma-ma.09.rtf,nma-ma,2,205
P19,nma-ma.09.rtf,nma-ma,2,523
P20,nma-ma.09.rtf,nma-ma,2,381
P21,nma-ma.09.rtf,nma-ma,2,185
P22,nma-ma.09.rtf,nma-ma,2,624
P23,nma-ma.09.rtf,nma-ma,2,1167
P24,nma-ma.09.rtf,nma-ma,2,176
P25,nma-ma.09.rtf,nma-ma,2,276
P26,nma-ma.09.rtf,nma-ma,2,0
P27,nma-ma.09.rtf,nma-ma,2,0
P28,nma-ma.09.rtf,nma-ma,2,127
P29,nma-ma.09.rtf,nma-ma,2,606
P30,nma-ma.09.rtf,nma-ma,2,0
P31,nma-ma.09.rtf,nma-ma,2,518
P32,nma-ma.09.rtf,nma-ma,2,386
P33,nma-ma.09.rtf,nma-ma,2,0
P34,nma-ma.09.rtf,nma-ma,2,0
P35,nma-ma.09.rtf,nma-ma,2,0
P36,nma-ma.09.rtf,nma-ma,2,83
P37,nma-ma.09.rtf,nma-ma,2,185
P01,nma-ma.10.rtf,nma-ma,2,156
P02,nma-ma.10.rtf,nma-ma,2,621
P03,nma-ma.10.rtf,nma-ma,2,0
P04,nma-ma.10.rtf,nma-ma,2,0
P05,nma-ma.10.rtf,nma-ma,2,0
P06,nma-ma.10.rtf,nma-ma,2,342
P07,nma-ma.10.rtf,nma-ma,2,0
P08,nma-ma.10.rtf,nma-ma,2,234
P09,nma-ma.10.rtf,nma-ma,2,0
P10,nma-ma.10.rtf,nma-ma,2,0
P11,nma-ma.10.rtf,nma-ma,2,0
P12,nma-ma.10.rtf,nma-ma,2,88
P13,nma-ma.10.rtf,nma-ma,2,0
P14,nma-ma.10.rtf,nma-ma,2,464
P15,nma-ma.10.rtf,nma-ma,2,249
P16,nma-ma.10.rtf,nma-ma,2,0
P17,nma-ma.10.rtf,nma-ma,2,0
P18,nma-ma.10.rtf,nma-ma,2,371
P19,nma-ma.10.rtf,nma-ma,2,83
P20,nma-ma.10.rtf,nma-ma,2,327
P21,nma-ma.10.rtf,nma-ma,2,332
P22,nma-ma.10.rtf,nma-ma,2,377
P23,nma-ma.10.rtf,nma-ma,2,342
P24,nma-ma.10.rtf,nma-ma,2,0
P25,nma-ma.10.rtf,nma-ma,2,0
P26,nma-ma.10.rtf,nma-ma,2,90
P27,nma-ma.10.rtf,nma-ma,2,88
P28,nma-ma.10.rtf,nma-ma,2,0
P29,nma-ma.10.rtf,nma-ma,2,176
P30,nma-ma.10.rtf,nma-ma,2,508
P31,nma-ma.10.rtf,nma-ma,2,176
P32,nma-ma.10.rtf,nma-ma,2,0
P33,nma-ma.10.rtf,nma-ma,2,0
P34,nma-ma.10.rtf,nma-ma,2,0
P35,nma-ma.10.rtf,nma-ma,2,288
P36,nma-ma.10.rtf,nma-ma,2,0
P37,nma-ma.10.rtf,nma-ma,2,0
P01,nma-ma.11.rtf,nma-ma,2,694
P02,nma-ma.11.rtf,nma-ma,2,0
P03,nma-ma.11.rtf,nma-ma,2,0
P04,nma-ma.11.rtf,nma-ma,2,0
P05,nma-ma.11.rtf,nma-ma,2,0
P06,nma-ma.11.rtf,nma-ma,2,459
P07,nma-ma.11.rtf,nma-ma,2,0
P08,nma-ma.11.rtf,nma-ma,2,0
P09,nma-ma.11.rtf,nma-ma,2,132
P10,nma-ma.11.rtf,nma-ma,2,0
P11,nma-ma.11.rtf,nma-ma,2,0
P12,nma-ma.11.rtf,nma-ma,2,0
P13,nma-ma.11.rtf,nma-ma,2,0
P14,nma-ma.11.rtf,nma-ma,2,0
P15,nma-ma.11.rtf,nma-ma,2,0
P16,nma-ma.11.rtf,nma-ma,2,0
P17,nma-ma.11.rtf,nma-ma,2,0
P18,nma-ma.11.rtf,nma-ma,2,156
P19,nma-ma.11.rtf,nma-ma,2,0
P20,nma-ma.11.rtf,nma-ma,2,0
P21,nma-ma.11.rtf,nma-ma,2,410
P22,nma-ma.11.rtf,nma-ma,2,0
P23,nma-ma.11.rtf,nma-ma,2,342
P24,nma-ma.11.rtf,nma-ma,2,0
P25,nma-ma.11.rtf,nma-ma,2,387
P26,nma-ma.11.rtf,nma-ma,2,0
P27,nma-ma.11.rtf,nma-ma,2,0
P28,nma-ma.11.rtf,nma-ma,2,146
P29,nma-ma.11.rtf,nma-ma,2,229
P30,nma-ma.11.rtf,nma-ma,2,322
P31,nma-ma.11.rtf,nma-ma,2,405
P32,nma-ma.11.rtf,nma-ma,2,0
P33,nma-ma.11.rtf,nma-ma,2,0
P34,nma-ma.11.rtf,nma-ma,2,63
P35,nma-ma.11.rtf,nma-ma,2,215
P36,nma-ma.11.rtf,nma-ma,2,0
P37,nma-ma.11.rtf,nma-ma,2,445
P01,nma-ma.12.rtf,nma-ma,2,0
P02,nma-ma.12.rtf,nma-ma,2,0
P03,nma-ma.12.rtf,nma-ma,2,0
P04,nma-ma.12.rtf,nma-ma,2,0
P05,nma-ma.12.rtf,nma-ma,2,0
P06,nma-ma.12.rtf,nma-ma,2,0
P07,nma-ma.12.rtf,nma-ma,2,288
P08,nma-ma.12.rtf,nma-ma,2,963
P09,nma-ma.12.rtf,nma-ma,2,0
P10,nma-ma.12.rtf,nma-ma,2,0
P11,nma-ma.12.rtf,nma-ma,2,254
P12,nma-ma.12.rtf,nma-ma,2,0
P13,nma-ma.12.rtf,nma-ma,2,0
P14,nma-ma.12.rtf,nma-ma,2,469
P15,nma-ma.12.rtf,nma-ma,2,386
P16,nma-ma.12.rtf,nma-ma,2,132
P17,nma-ma.12.rtf,nma-ma,2,83
P18,nma-ma.12.rtf,nma-ma,2,63
P19,nma-ma.12.rtf,nma-ma,2,273
P20,nma-ma.12.rtf,nma-ma,2,0
P21,nma-ma.12.rtf,nma-ma,2,122
P22,nma-ma.12.rtf,nma-ma,2,0
P24,nma-ma.12.rtf,nma-ma,2,0
P25,nma-ma.12.rtf,nma-ma,2,211
P26,nma-ma.12.rtf,nma-ma,2,921
P27,nma-ma.12.rtf,nma-ma,2,0
P28,nma-ma.12.rtf,nma-ma,2,0
P29,nma-ma.12.rtf,nma-ma,2,733
P30,nma-ma.12.rtf,nma-ma,2,215
P31,nma-ma.12.rtf,nma-ma,2,0
P32,nma-ma.12.rtf,nma-ma,2,112
P33,nma-ma.12.rtf,nma-ma,2,0
P34,nma-ma.12.rtf,nma-ma,2,0
P35,nma-ma.12.rtf,nma-ma,2,220
P36,nma-ma.12.rtf,nma-ma,2,0
P37,nma-ma.12.rtf,nma-ma,2,161
P01,nma-nma.01.rtf,nma-nma,2,1067
P02,nma-nma.01.rtf,nma-nma,2,0
P03,nma-nma.01.rtf,nma-nma,2,0
P04,nma-nma.01.rtf,nma-nma,2,645
P05,nma-nma.01.rtf,nma-nma,2,0
P06,nma-nma.01.rtf,nma-nma,2,581
P07,nma-nma.01.rtf,nma-nma,2,190
P08,nma-nma.01.rtf,nma-nma,2,229
P09,nma-nma.01.rtf,nma-nma,2,0
P10,nma-nma.01.rtf,nma-nma,2,132
P11,nma-nma.01.rtf,nma-nma,2,503
P12,nma-nma.01.rtf,nma-nma,2,122
P13,nma-nma.01.rtf,nma-nma,2,0
P15,nma-nma.01.rtf,nma-nma,2,768
P16,nma-nma.01.rtf,nma-nma,2,0
P17,nma-nma.01.rtf,nma-nma,2,347
P18,nma-nma.01.rtf,nma-nma,2,552
P19,nma-nma.01.rtf,nma-nma,2,591
P20,nma-nma.01.rtf,nma-nma,2,518
P21,nma-nma.01.rtf,nma-nma,2,361
P22,nma-nma.01.rtf,nma-nma,2,0
P23,nma-nma.01.rtf,nma-nma,2,448
P24,nma-nma.01.rtf,nma-nma,2,0
P25,nma-nma.01.rtf,nma-nma,2,422
P26,nma-nma.01.rtf,nma-nma,2,709
P27,nma-nma.01.rtf,nma-nma,2,0
P28,nma-nma.01.rtf,nma-nma,2,0
P29,nma-nma.01.rtf,nma-nma,2,347
P30,nma-nma.01.rtf,nma-nma,2,136
P31,nma-nma.01.rtf,nma-nma,2,273
P32,nma-nma.01.rtf,nma-nma,2,146
P33,nma-nma.01.rtf,nma-nma,2,0
P34,nma-nma.01.rtf,nma-nma,2,0
P35,nma-nma.01.rtf,nma-nma,2,0
P36,nma-nma.01.rtf,nma-nma,2,0
P37,nma-nma.01.rtf,nma-nma,2,352
P01,nma-nma.02.rtf,nma-nma,2,493
P02,nma-nma.02.rtf,nma-nma,2,0
P03,nma-nma.02.rtf,nma-nma,2,0
P04,nma-nma.02.rtf,nma-nma,2,127
P05,nma-nma.02.rtf,nma-nma,2,0
P06,nma-nma.02.rtf,nma-nma,2,0
P07,nma-nma.02.rtf,nma-nma,2,146
P08,nma-nma.02.rtf,nma-nma,2,0
P09,nma-nma.02.rtf,nma-nma,2,0
P10,nma-nma.02.rtf,nma-nma,2,0
P11,nma-nma.02.rtf,nma-nma,2,0
P12,nma-nma.02.rtf,nma-nma,2,122
P13,nma-nma.02.rtf,nma-nma,2,0
P15,nma-nma.02.rtf,nma-nma,2,0
P16,nma-nma.02.rtf,nma-nma,2,0
P17,nma-nma.02.rtf,nma-nma,2,0
P18,nma-nma.02.rtf,nma-nma,2,132
P19,nma-nma.02.rtf,nma-nma,2,577
P20,nma-nma.02.rtf,nma-nma,2,166
P21,nma-nma.02.rtf,nma-nma,2,425
P22,nma-nma.02.rtf,nma-nma,2,0
P23,nma-nma.02.rtf,nma-nma,2,276
P24,nma-nma.02.rtf,nma-nma,2,0
P25,nma-nma.02.rtf,nma-nma,2,327
P26,nma-nma.02.rtf,nma-nma,2,0
P27,nma-nma.02.rtf,nma-nma,2,0
P28,nma-nma.02.rtf,nma-nma,2,376
P29,nma-nma.02.rtf,nma-nma,2,53
P30,nma-nma.02.rtf,nma-nma,2,840
P31,nma-nma.02.rtf,nma-nma,2,210
P32,nma-nma.02.rtf,nma-nma,2,53
P33,nma-nma.02.rtf,nma-nma,2,0
P34,nma-nma.02.rtf,nma-nma,2,0
P35,nma-nma.02.rtf,nma-nma,2,0
P36,nma-nma.02.rtf,nma-nma,2,0
P37,nma-nma.02.rtf,nma-nma,2,190
P01,nma-nma.03.rtf,nma-nma,2,0
P02,nma-nma.03.rtf,nma-nma,2,0
P03,nma-nma.03.rtf,nma-nma,2,0
P04,nma-nma.03.rtf,nma-nma,2,391
P05,nma-nma.03.rtf,nma-nma,2,0
P07,nma-nma.03.rtf,nma-nma,2,0
P08,nma-nma.03.rtf,nma-nma,2,577
P09,nma-nma.03.rtf,nma-nma,2,0
P10,nma-nma.03.rtf,nma-nma,2,0
P11,nma-nma.03.rtf,nma-nma,2,0
P12,nma-nma.03.rtf,nma-nma,2,361
P13,nma-nma.03.rtf,nma-nma,2,102
P14,nma-nma.03.rtf,nma-nma,2,738
P15,nma-nma.03.rtf,nma-nma,2,0
P16,nma-nma.03.rtf,nma-nma,2,0
P17,nma-nma.03.rtf,nma-nma,2,269
P18,nma-nma.03.rtf,nma-nma,2,0
P19,nma-nma.03.rtf,nma-nma,2,342
P20,nma-nma.03.rtf,nma-nma,2,0
P21,nma-nma.03.rtf,nma-nma,2,0
P22,nma-nma.03.rtf,nma-nma,2,156
P23,nma-nma.03.rtf,nma-nma,2,392
P24,nma-nma.03.rtf,nma-nma,2,412
P25,nma-nma.03.rtf,nma-nma,2,513
P26,nma-nma.03.rtf,nma-nma,2,0
P27,nma-nma.03.rtf,nma-nma,2,0
P28,nma-nma.03.rtf,nma-nma,2,146
P29,nma-nma.03.rtf,nma-nma,2,831
P30,nma-nma.03.rtf,nma-nma,2,0
P31,nma-nma.03.rtf,nma-nma,2,0
P32,nma-nma.03.rtf,nma-nma,2,269
P33,nma-nma.03.rtf,nma-nma,2,0
P34,nma-nma.03.rtf,nma-nma,2,0
P35,nma-nma.03.rtf,nma-nma,2,0
P36,nma-nma.03.rtf,nma-nma,2,368
P37,nma-nma.03.rtf,nma-nma,2,650
P01,nma-nma.04.rtf,nma-nma,2,60
P02,nma-nma.04.rtf,nma-nma,2,0
P03,nma-nma.04.rtf,nma-nma,2,0
P04,nma-nma.04.rtf,nma-nma,2,195
P05,nma-nma.04.rtf,nma-nma,2,0
P06,nma-nma.04.rtf,nma-nma,2,205
P07,nma-nma.04.rtf,nma-nma,2,0
P08,nma-nma.04.rtf,nma-nma,2,0
P09,nma-nma.04.rtf,nma-nma,2,0
P10,nma-nma.04.rtf,nma-nma,2,0
P11,nma-nma.04.rtf,nma-nma,2,249
P12,nma-nma.04.rtf,nma-nma,2,185
P13,nma-nma.04.rtf,nma-nma,2,0
P14,nma-nma.04.rtf,nma-nma,2,308
P15,nma-nma.04.rtf,nma-nma,2,0
P16,nma-nma.04.rtf,nma-nma,2,0
P17,nma-nma.04.rtf,nma-nma,2,0
P18,nma-nma.04.rtf,nma-nma,2,181
P19,nma-nma.04.rtf,nma-nma,2,92
P20,nma-nma.04.rtf,nma-nma,2,0
P21,nma-nma.04.rtf,nma-nma,2,0
P22,nma-nma.04.rtf,nma-nma,2,0
P23,nma-nma.04.rtf,nma-nma,2,136
P24,nma-nma.04.rtf,nma-nma,2,0
P25,nma-nma.04.rtf,nma-nma,2,503
P26,nma-nma.04.rtf,nma-nma,2,0
P27,nma-nma.04.rtf,nma-nma,2,0
P28,nma-nma.04.rtf,nma-nma,2,0
P29,nma-nma.04.rtf,nma-nma,2,92
P30,nma-nma.04.rtf,nma-nma,2,260
P31,nma-nma.04.rtf,nma-nma,2,58
P32,nma-nma.04.rtf,nma-nma,2,205
P33,nma-nma.04.rtf,nma-nma,2,0
P34,nma-nma.04.rtf,nma-nma,2,0
P35,nma-nma.04.rtf,nma-nma,2,0
P36,nma-nma.04.rtf,nma-nma,2,0
P37,nma-nma.04.rtf,nma-nma,2,132
P01,nma-nma.05.rtf,nma-nma,2,0
P02,nma-nma.05.rtf,nma-nma,2,136
P03,nma-nma.05.rtf,nma-nma,2,0
P04,nma-nma.05.rtf,nma-nma,2,0
P05,nma-nma.05.rtf,nma-nma,2,0
P06,nma-nma.05.rtf,nma-nma,2,464
P07,nma-nma.05.rtf,nma-nma,2,225
P08,nma-nma.05.rtf,nma-nma,2,0
P09,nma-nma.05.rtf,nma-nma,2,0
P10,nma-nma.05.rtf,nma-nma,2,0
P11,nma-nma.05.rtf,nma-nma,2,0
P12,nma-nma.05.rtf,nma-nma,2,0
P13,nma-nma.05.rtf,nma-nma,2,0
P14,nma-nma.05.rtf,nma-nma,2,205
P15,nma-nma.05.rtf,nma-nma,2,0
P16,nma-nma.05.rtf,nma-nma,2,0
P17,nma-nma.05.rtf,nma-nma,2,0
P18,nma-nma.05.rtf,nma-nma,2,200
P19,nma-nma.05.rtf,nma-nma,2,0
P20,nma-nma.05.rtf,nma-nma,2,0
P21,nma-nma.05.rtf,nma-nma,2,82
P22,nma-nma.05.rtf,nma-nma,2,0
P23,nma-nma.05.rtf,nma-nma,2,362
P24,nma-nma.05.rtf,nma-nma,2,256
P25,nma-nma.05.rtf,nma-nma,2,312
P26,nma-nma.05.rtf,nma-nma,2,307
P27,nma-nma.05.rtf,nma-nma,2,0
P28,nma-nma.05.rtf,nma-nma,2,0
P29,nma-nma.05.rtf,nma-nma,2,0
P30,nma-nma.05.rtf,nma-nma,2,0
P31,nma-nma.05.rtf,nma-nma,2,92
P32,nma-nma.05.rtf,nma-nma,2,488
P33,nma-nma.05.rtf,nma-nma,2,0
P34,nma-nma.05.rtf,nma-nma,2,0
P35,nma-nma.05.rtf,nma-nma,2,156
P36,nma-nma.05.rtf,nma-nma,2,0
P37,nma-nma.05.rtf,nma-nma,2,166
P01,nma-nma.06.rtf,nma-nma,2,322
P02,nma-nma.06.rtf,nma-nma,2,0
P03,nma-nma.06.rtf,nma-nma,2,0
P04,nma-nma.06.rtf,nma-nma,2,381
P05,nma-nma.06.rtf,nma-nma,2,0
P06,nma-nma.06.rtf,nma-nma,2,258
P07,nma-nma.06.rtf,nma-nma,2,0
P08,nma-nma.06.rtf,nma-nma,2,352
P09,nma-nma.06.rtf,nma-nma,2,0
P10,nma-nma.06.rtf,nma-nma,2,0
P11,nma-nma.06.rtf,nma-nma,2,0
P12,nma-nma.06.rtf,nma-nma,2,156
P13,nma-nma.06.rtf,nma-nma,2,0
P14,nma-nma.06.rtf,nma-nma,2,185
P15,nma-nma.06.rtf,nma-nma,2,533
P16,nma-nma.06.rtf,nma-nma,2,0
P17,nma-nma.06.rtf,nma-nma,2,0
P18,nma-nma.06.rtf,nma-nma,2,0
P19,nma-nma.06.rtf,nma-nma,2,0
P20,nma-nma.06.rtf,nma-nma,2,738
P21,nma-nma.06.rtf,nma-nma,2,1144
P22,nma-nma.06.rtf,nma-nma,2,0
P23,nma-nma.06.rtf,nma-nma,2,558
P24,nma-nma.06.rtf,nma-nma,2,0
P25,nma-nma.06.rtf,nma-nma,2,166
P26,nma-nma.06.rtf,nma-nma,2,0
P27,nma-nma.06.rtf,nma-nma,2,0
P28,nma-nma.06.rtf,nma-nma,2,0
P29,nma-nma.06.rtf,nma-nma,2,264
P30,nma-nma.06.rtf,nma-nma,2,249
P31,nma-nma.06.rtf,nma-nma,2,0
P32,nma-nma.06.rtf,nma-nma,2,459
P33,nma-nma.06.rtf,nma-nma,2,0
P34,nma-nma.06.rtf,nma-nma,2,0
P35,nma-nma.06.rtf,nma-nma,2,249
P36,nma-nma.06.rtf,nma-nma,2,0
P37,nma-nma.06.rtf,nma-nma,2,493
P01,nma-nma.07.rtf,nma-nma,2,296
P02,nma-nma.07.rtf,nma-nma,2,317
P03,nma-nma.07.rtf,nma-nma,2,0
P04,nma-nma.07.rtf,nma-nma,2,0
P05,nma-nma.07.rtf,nma-nma,2,268
P06,nma-nma.07.rtf,nma-nma,2,244
P07,nma-nma.07.rtf,nma-nma,2,195
P08,nma-nma.07.rtf,nma-nma,2,0
P09,nma-nma.07.rtf,nma-nma,2,0
P10,nma-nma.07.rtf,nma-nma,2,0
P11,nma-nma.07.rtf,nma-nma,2,0
P12,nma-nma.07.rtf,nma-nma,2,0
P13,nma-nma.07.rtf,nma-nma,2,0
P14,nma-nma.07.rtf,nma-nma,2,234
P15,nma-nma.07.rtf,nma-nma,2,0
P16,nma-nma.07.rtf,nma-nma,2,0
P17,nma-nma.07.rtf,nma-nma,2,0
P18,nma-nma.07.rtf,nma-nma,2,190
P19,nma-nma.07.rtf,nma-nma,2,200
P20,nma-nma.07.rtf,nma-nma,2,0
P21,nma-nma.07.rtf,nma-nma,2,68
P22,nma-nma.07.rtf,nma-nma,2,0
P23,nma-nma.07.rtf,nma-nma,2,372
P24,nma-nma.07.rtf,nma-nma,2,0
P25,nma-nma.07.rtf,nma-nma,2,573
P26,nma-nma.07.rtf,nma-nma,2,347
P27,nma-nma.07.rtf,nma-nma,2,0
P28,nma-nma.07.rtf,nma-nma,2,0
P29,nma-nma.07.rtf,nma-nma,2,0
P30,nma-nma.07.rtf,nma-nma,2,254
P31,nma-nma.07.rtf,nma-nma,2,0
P32,nma-nma.07.rtf,nma-nma,2,0
P33,nma-nma.07.rtf,nma-nma,2,0
P34,nma-nma.07.rtf,nma-nma,2,0
P35,nma-nma.07.rtf,nma-nma,2,63
P36,nma-nma.07.rtf,nma-nma,2,0
P37,nma-nma.07.rtf,nma-nma,2,1070
P01,nma-nma.08.rtf,nma-nma,2,558
P02,nma-nma.08.rtf,nma-nma,2,0
P03,nma-nma.08.rtf,nma-nma,2,0
P04,nma-nma.08.rtf,nma-nma,2,0
P05,nma-nma.08.rtf,nma-nma,2,190
P06,nma-nma.08.rtf,nma-nma,2,0
P07,nma-nma.08.rtf,nma-nma,2,352
P08,nma-nma.08.rtf,nma-nma,2,0
P09,nma-nma.08.rtf,nma-nma,2,0
P10,nma-nma.08.rtf,nma-nma,2,366
P11,nma-nma.08.rtf,nma-nma,2,176
P12,nma-nma.08.rtf,nma-nma,2,332
P13,nma-nma.08.rtf,nma-nma,2,0
P15,nma-nma.08.rtf,nma-nma,2,415
P16,nma-nma.08.rtf,nma-nma,2,0
P17,nma-nma.08.rtf,nma-nma,2,166
P18,nma-nma.08.rtf,nma-nma,2,606
P19,nma-nma.08.rtf,nma-nma,2,224
P20,nma-nma.08.rtf,nma-nma,2,122
P21,nma-nma.08.rtf,nma-nma,2,342
P22,nma-nma.08.rtf,nma-nma,2,156
P23,nma-nma.08.rtf,nma-nma,2,362
P24,nma-nma.08.rtf,nma-nma,2,463
P26,nma-nma.08.rtf,nma-nma,2,356
P27,nma-nma.08.rtf,nma-nma,2,0
P28,nma-nma.08.rtf,nma-nma,2,0
P29,nma-nma.08.rtf,nma-nma,2,200
P30,nma-nma.08.rtf,nma-nma,2,386
P31,nma-nma.08.rtf,nma-nma,2,0
P32,nma-nma.08.rtf,nma-nma,2,728
P33,nma-nma.08.rtf,nma-nma,2,0
P34,nma-nma.08.rtf,nma-nma,2,234
P35,nma-nma.08.rtf,nma-nma,2,136
P36,nma-nma.08.rtf,nma-nma,2,0
P37,nma-nma.08.rtf,nma-nma,2,195
P01,nma-nma.09.rtf,nma-nma,2,0
P02,nma-nma.09.rtf,nma-nma,2,0
P03,nma-nma.09.rtf,nma-nma,2,0
P04,nma-nma.09.rtf,nma-nma,2,0
P05,nma-nma.09.rtf,nma-nma,2,0
P06,nma-nma.09.rtf,nma-nma,2,0
P07,nma-nma.09.rtf,nma-nma,2,0
P08,nma-nma.09.rtf,nma-nma,2,0
P09,nma-nma.09.rtf,nma-nma,2,0
P10,nma-nma.09.rtf,nma-nma,2,0
P11,nma-nma.09.rtf,nma-nma,2,141
P12,nma-nma.09.rtf,nma-nma,2,0
P13,nma-nma.09.rtf,nma-nma,2,0
P14,nma-nma.09.rtf,nma-nma,2,440
P15,nma-nma.09.rtf,nma-nma,2,0
P16,nma-nma.09.rtf,nma-nma,2,0
P17,nma-nma.09.rtf,nma-nma,2,0
P18,nma-nma.09.rtf,nma-nma,2,249
P19,nma-nma.09.rtf,nma-nma,2,0
P20,nma-nma.09.rtf,nma-nma,2,0
P21,nma-nma.09.rtf,nma-nma,2,0
P22,nma-nma.09.rtf,nma-nma,2,286
P23,nma-nma.09.rtf,nma-nma,2,70
P24,nma-nma.09.rtf,nma-nma,2,0
P25,nma-nma.09.rtf,nma-nma,2,1057
P26,nma-nma.09.rtf,nma-nma,2,165
P27,nma-nma.09.rtf,nma-nma,2,0
P28,nma-nma.09.rtf,nma-nma,2,0
P29,nma-nma.09.rtf,nma-nma,2,259
P30,nma-nma.09.rtf,nma-nma,2,195
P31,nma-nma.09.rtf,nma-nma,2,0
P32,nma-nma.09.rtf,nma-nma,2,459
P33,nma-nma.09.rtf,nma-nma,2,0
P34,nma-nma.09.rtf,nma-nma,2,0
P35,nma-nma.09.rtf,nma-nma,2,259
P36,nma-nma.09.rtf,nma-nma,2,0
P37,nma-nma.09.rtf,nma-nma,2,92
P01,nma-nma.10.rtf,nma-nma,2,563
P02,nma-nma.10.rtf,nma-nma,2,0
P03,nma-nma.10.rtf,nma-nma,2,0
P04,nma-nma.10.rtf,nma-nma,2,0
P05,nma-nma.10.rtf,nma-nma,2,0
P06,nma-nma.10.rtf,nma-nma,2,0
P07,nma-nma.10.rtf,nma-nma,2,352
P08,nma-nma.10.rtf,nma-nma,2,0
P09,nma-nma.10.rtf,nma-nma,2,376
P10,nma-nma.10.rtf,nma-nma,2,0
P11,nma-nma.10.rtf,nma-nma,2,0
P12,nma-nma.10.rtf,nma-nma,2,0
P13,nma-nma.10.rtf,nma-nma,2,0
P14,nma-nma.10.rtf,nma-nma,2,0
P15,nma-nma.10.rtf,nma-nma,2,0
P16,nma-nma.10.rtf,nma-nma,2,0
P17,nma-nma.10.rtf,nma-nma,2,0
P18,nma-nma.10.rtf,nma-nma,2,88
P19,nma-nma.10.rtf,nma-nma,2,332
P20,nma-nma.10.rtf,nma-nma,2,0
P21,nma-nma.10.rtf,nma-nma,2,366
P22,nma-nma.10.rtf,nma-nma,2,0
P23,nma-nma.10.rtf,nma-nma,2,613
P24,nma-nma.10.rtf,nma-nma,2,0
P25,nma-nma.10.rtf,nma-nma,2,216
P26,nma-nma.10.rtf,nma-nma,2,0
P27,nma-nma.10.rtf,nma-nma,2,0
P28,nma-nma.10.rtf,nma-nma,2,0
P29,nma-nma.10.rtf,nma-nma,2,249
P30,nma-nma.10.rtf,nma-nma,2,0
P31,nma-nma.10.rtf,nma-nma,2,0
P32,nma-nma.10.rtf,nma-nma,2,0
P33,nma-nma.10.rtf,nma-nma,2,0
P34,nma-nma.10.rtf,nma-nma,2,0
P35,nma-nma.10.rtf,nma-nma,2,0
P36,nma-nma.10.rtf,nma-nma,2,0
P37,nma-nma.10.rtf,nma-nma,2,317
P01,nma-nma.11.rtf,nma-nma,2,286
P02,nma-nma.11.rtf,nma-nma,2,0
P03,nma-nma.11.rtf,nma-nma,2,0
P04,nma-nma.11.rtf,nma-nma,2,107
P05,nma-nma.11.rtf,nma-nma,2,0
P06,nma-nma.11.rtf,nma-nma,2,278
P07,nma-nma.11.rtf,nma-nma,2,0
P08,nma-nma.11.rtf,nma-nma,2,518
P09,nma-nma.11.rtf,nma-nma,2,0
P10,nma-nma.11.rtf,nma-nma,2,0
P11,nma-nma.11.rtf,nma-nma,2,601
P13,nma-nma.11.rtf,nma-nma,2,0
P14,nma-nma.11.rtf,nma-nma,2,171
P15,nma-nma.11.rtf,nma-nma,2,772
P16,nma-nma.11.rtf,nma-nma,2,0
P17,nma-nma.11.rtf,nma-nma,2,0
P18,nma-nma.11.rtf,nma-nma,2,174
P19,nma-nma.11.rtf,nma-nma,2,195
P20,nma-nma.11.rtf,nma-nma,2,0
P21,nma-nma.11.rtf,nma-nma,2,635
P22,nma-nma.11.rtf,nma-nma,2,377
P23,nma-nma.11.rtf,nma-nma,2,639
P24,nma-nma.11.rtf,nma-nma,2,317
P25,nma-nma.11.rtf,nma-nma,2,437
P26,nma-nma.11.rtf,nma-nma,2,352
P27,nma-nma.11.rtf,nma-nma,2,0
P28,nma-nma.11.rtf,nma-nma,2,347
P29,nma-nma.11.rtf,nma-nma,2,352
P30,nma-nma.11.rtf,nma-nma,2,782
P31,nma-nma.11.rtf,nma-nma,2,0
P32,nma-nma.11.rtf,nma-nma,2,244
P33,nma-nma.11.rtf,nma-nma,2,0
P34,nma-nma.11.rtf,nma-nma,2,0
P35,nma-nma.11.rtf,nma-nma,2,176
P36,nma-nma.11.rtf,nma-nma,2,92
P37,nma-nma.11.rtf,nma-nma,2,484
P01,nma-nma.12.rtf,nma-nma,2,251
P02,nma-nma.12.rtf,nma-nma,2,0
P03,nma-nma.12.rtf,nma-nma,2,0
P04,nma-nma.12.rtf,nma-nma,2,171
P05,nma-nma.12.rtf,nma-nma,2,190
P06,nma-nma.12.rtf,nma-nma,2,430
P07,nma-nma.12.rtf,nma-nma,2,0
P08,nma-nma.12.rtf,nma-nma,2,332
P09,nma-nma.12.rtf,nma-nma,2,0
P10,nma-nma.12.rtf,nma-nma,2,0
P11,nma-nma.12.rtf,nma-nma,2,0
P12,nma-nma.12.rtf,nma-nma,2,376
P13,nma-nma.12.rtf,nma-nma,2,0
P14,nma-nma.12.rtf,nma-nma,2,386
P15,nma-nma.12.rtf,nma-nma,2,0
P16,nma-nma.12.rtf,nma-nma,2,0
P17,nma-nma.12.rtf,nma-nma,2,0
P18,nma-nma.12.rtf,nma-nma,2,0
P19,nma-nma.12.rtf,nma-nma,2,337
P20,nma-nma.12.rtf,nma-nma,2,0
P21,nma-nma.12.rtf,nma-nma,2,523
P22,nma-nma.12.rtf,nma-nma,2,206
P23,nma-nma.12.rtf,nma-nma,2,0
P24,nma-nma.12.rtf,nma-nma,2,0
P25,nma-nma.12.rtf,nma-nma,2,503
P26,nma-nma.12.rtf,nma-nma,2,266
P27,nma-nma.12.rtf,nma-nma,2,0
P28,nma-nma.12.rtf,nma-nma,2,78
P29,nma-nma.12.rtf,nma-nma,2,215
P30,nma-nma.12.rtf,nma-nma,2,435
P31,nma-nma.12.rtf,nma-nma,2,557
P32,nma-nma.12.rtf,nma-nma,2,1041
P33,nma-nma.12.rtf,nma-nma,2,0
P34,nma-nma.12.rtf,nma-nma,2,0
P35,nma-nma.12.rtf,nma-nma,2,107
P36,nma-nma.12.rtf,nma-nma,2,0
P37,nma-nma.12.rtf,nma-nma,2,190
