Stimulus,Participant,condition,parallel,semantic,RT
ma-ma.01.rtf,P01,ma-ma,2,1,996.9
ma-ma.01.rtf,P02,ma-ma,2,1,0
ma-ma.01.rtf,P35,ma-ma,2,1,0
ma-ma.01.rtf,P03,ma-ma,2,1,170.9
ma-ma.01.rtf,P04,ma-ma,2,1,503.6
ma-ma.01.rtf,P05,ma-ma,2,1,136.9
ma-ma.01.rtf,P06,ma-ma,2,1,718.6
ma-ma.01.rtf,P07,ma-ma,2,1,249.5
ma-ma.01.rtf,P08,ma-ma,2,1,229.7
ma-ma.01.rtf,P09,ma-ma,2,1,97.6
ma-ma.01.rtf,P19,ma-ma,2,1,151.6
ma-ma.01.rtf,P21,ma-ma,2,1,689.6
ma-ma.01.rtf,P23,ma-ma,2,1,558.7
ma-ma.01.rtf,P25,ma-ma,2,1,443
ma-ma.01.rtf,P27,ma-ma,2,1,518.3
ma-ma.01.rtf,P29,ma-ma,2,1,176.3
ma-ma.01.rtf,P31,ma-ma,2,1,308.7
ma-ma.01.rtf,P33,ma-ma,2,1,313.1
ma-ma.01.rtf,P37,ma-ma,2,1,410.7
ma-ma.01.rtf,P10,ma-ma,2,1,205.3
ma-ma.01.rtf,P12,ma-ma,2,1,0
ma-ma.01.rtf,P11,ma-ma,2,1,547.7
ma-ma.01.rtf,P13,ma-ma,2,1,151.7
ma-ma.01.rtf,P14,ma-ma,2,1,870.3
ma-ma.01.rtf,P15,ma-ma,2,1,518.4
ma-ma.01.rtf,P16,ma-ma,2,1,224.9
ma-ma.01.rtf,P22,ma-ma,2,1,0
ma-ma.01.rtf,P17,ma-ma,2,1,327.7
ma-ma.01.rtf,P18,ma-ma,2,1,322.8
ma-ma.01.rtf,P20,ma-ma,2,1,195.6
ma-ma.01.rtf,P24,ma-ma,2,1,382.9
ma-ma.01.rtf,P26,ma-ma,2,1,578.2
ma-ma.01.rtf,P28,ma-ma,2,1,498.6
ma-ma.01.rtf,P32,ma-ma,2,1,792.2
ma-ma.02.rtf,P01,ma-ma,2,1,860.9
ma-ma.02.rtf,P03,ma-ma,2,1,273.9
ma-ma.02.rtf,P04,ma-ma,2,1,568.2
ma-ma.02.rtf,P05,ma-ma,2,1,352.2
ma-ma.01.rtf,P30,ma-ma,2,1,0
ma-ma.01.rtf,P34,ma-ma,2,1,0
ma-ma.02.rtf,P07,ma-ma,2,1,513.5
ma-ma.02.rtf,P08,ma-ma,2,1,1124.8
ma-ma.02.rtf,P09,ma-ma,2,1,684.5
ma-ma.02.rtf,P19,ma-ma,2,1,327.8
ma-ma.02.rtf,P21,ma-ma,2,1,572.1
ma-ma.02.rtf,P23,ma-ma,2,1,886.2
ma-ma.02.rtf,P25,ma-ma,2,1,951.4
ma-ma.02.rtf,P27,ma-ma,2,1,611.5
ma-ma.02.rtf,P29,ma-ma,2,1,625.9
ma-ma.02.rtf,P31,ma-ma,2,1,464.7
ma-ma.02.rtf,P33,ma-ma,2,1,523.1
ma-ma.02.rtf,P37,ma-ma,2,1,361.9
ma-ma.02.rtf,P10,ma-ma,2,1,342.4
ma-ma.02.rtf,P11,ma-ma,2,1,733.6
ma-ma.02.rtf,P12,ma-ma,2,1,929.3
ma-ma.02.rtf,P13,ma-ma,2,1,547.7
ma-ma.02.rtf,P15,ma-ma,2,1,601.5
ma-ma.01.rtf,P36,ma-ma,2,1,67.6
ma-ma.02.rtf,P35,ma-ma,2,1,0
ma-ma.02.rtf,P16,ma-ma,2,1,474.4
ma-ma.02.rtf,P17,ma-ma,2,1,166.2
ma-ma.02.rtf,P18,ma-ma,2,1,435.3
ma-ma.02.rtf,P20,ma-ma,2,1,469.6
ma-ma.02.rtf,P22,ma-ma,2,1,669.8
ma-ma.02.rtf,P24,ma-ma,2,1,669.5
ma-ma.02.rtf,P26,ma-ma,2,1,422.9
ma-ma.02.rtf,P28,ma-ma,2,1,268.9
ma-ma.03.rtf,P03,ma-ma,2,1,0
ma-ma.02.rtf,P30,ma-ma,2,1,366.7
ma-ma.02.rtf,P32,ma-ma,2,1,322.7
ma-ma.02.rtf,P34,ma-ma,2,1,391.2
ma-ma.02.rtf,P36,ma-ma,2,1,259.2
ma-ma.03.rtf,P01,ma-ma,2,1,357.7
ma-ma.03.rtf,P02,ma-ma,2,1,391.2
ma-ma.03.rtf,P04,ma-ma,2,1,185.7
ma-ma.03.rtf,P05,ma-ma,2,1,288.5
ma-ma.03.rtf,P08,ma-ma,2,1,949
ma-ma.03.rtf,P06,ma-ma,2,1,0
ma-ma.03.rtf,P09,ma-ma,2,1,200.5
ma-ma.03.rtf,P19,ma-ma,2,1,611.3
ma-ma.03.rtf,P21,ma-ma,2,1,644.4
ma-ma.03.rtf,P25,ma-ma,2,1,896
ma-ma.03.rtf,P27,ma-ma,2,1,200.7
ma-ma.03.rtf,P29,ma-ma,2,1,641.8
ma-ma.03.rtf,P31,ma-ma,2,1,244.5
ma-ma.03.rtf,P33,ma-ma,2,1,498.9
ma-ma.03.rtf,P07,ma-ma,2,1,0
ma-ma.03.rtf,P35,ma-ma,2,1,210.7
ma-ma.03.rtf,P10,ma-ma,2,1,264.1
ma-ma.03.rtf,P11,ma-ma,2,1,904.8
ma-ma.03.rtf,P12,ma-ma,2,1,322.7
ma-ma.03.rtf,P13,ma-ma,2,1,117.3
ma-ma.03.rtf,P14,ma-ma,2,1,660.2
ma-ma.03.rtf,P15,ma-ma,2,1,229.8
ma-ma.03.rtf,P16,ma-ma,2,1,875.3
ma-ma.03.rtf,P23,ma-ma,2,1,50.3
ma-ma.03.rtf,P17,ma-ma,2,1,322.5
ma-ma.03.rtf,P18,ma-ma,2,1,518.4
ma-ma.03.rtf,P20,ma-ma,2,1,454.8
ma-ma.03.rtf,P22,ma-ma,2,1,276.9
ma-ma.03.rtf,P24,ma-ma,2,1,563.7
ma-ma.03.rtf,P26,ma-ma,2,1,634.4
ma-ma.03.rtf,P30,ma-ma,2,1,596.5
ma-ma.03.rtf,P32,ma-ma,2,1,572.1
ma-ma.03.rtf,P34,ma-ma,2,1,229.8
ma-ma.03.rtf,P36,ma-ma,2,1,200.5
ma-ma.04.rtf,P01,ma-ma,2,1,553.7
ma-ma.04.rtf,P04,ma-ma,2,1,122.2
ma-ma.04.rtf,P05,ma-ma,2,1,117.9
ma-ma.04.rtf,P06,ma-ma,2,1,694.2
ma-ma.04.rtf,P07,ma-ma,2,1,401
ma-ma.04.rtf,P08,ma-ma,2,1,743.6
ma-ma.03.rtf,P37,ma-ma,2,1,0
ma-ma.04.rtf,P09,ma-ma,2,1,141.9
ma-ma.04.rtf,P19,ma-ma,2,1,528.2
ma-ma.04.rtf,P21,ma-ma,2,1,767.1
ma-ma.04.rtf,P23,ma-ma,2,1,171.2
ma-ma.04.rtf,P25,ma-ma,2,1,317.1
ma-ma.04.rtf,P27,ma-ma,2,1,386.3
ma-ma.04.rtf,P29,ma-ma,2,1,264.2
ma-ma.04.rtf,P31,ma-ma,2,1,200.4
ma-ma.04.rtf,P33,ma-ma,2,1,298.3
ma-ma.03.rtf,P28,ma-ma,2,1,0
ma-ma.04.rtf,P35,ma-ma,2,1,210.3
ma-ma.04.rtf,P37,ma-ma,2,1,210.2
ma-ma.04.rtf,P10,ma-ma,2,1,171.3
ma-ma.04.rtf,P11,ma-ma,2,1,160.4
ma-ma.04.rtf,P12,ma-ma,2,1,298.4
ma-ma.04.rtf,P14,ma-ma,2,1,1183.4
ma-ma.04.rtf,P15,ma-ma,2,1,718.7
ma-ma.04.rtf,P16,ma-ma,2,1,146.7
ma-ma.04.rtf,P18,ma-ma,2,1,313
ma-ma.04.rtf,P02,ma-ma,2,1,0
ma-ma.04.rtf,P20,ma-ma,2,1,283.6
ma-ma.04.rtf,P22,ma-ma,2,1,438
ma-ma.04.rtf,P24,ma-ma,2,1,251.7
ma-ma.04.rtf,P26,ma-ma,2,1,563.6
ma-ma.04.rtf,P28,ma-ma,2,1,225
ma-ma.04.rtf,P30,ma-ma,2,1,117.4
ma-ma.04.rtf,P32,ma-ma,2,1,581.8
ma-ma.04.rtf,P34,ma-ma,2,1,92.9
ma-ma.05.rtf,P01,ma-ma,2,1,271.8
ma-ma.05.rtf,P02,ma-ma,2,1,401
ma-ma.05.rtf,P04,ma-ma,2,1,293.6
ma-ma.05.rtf,P05,ma-ma,2,1,430.3
ma-ma.04.rtf,P03,ma-ma,2,1,0
ma-ma.05.rtf,P06,ma-ma,2,1,283.6
ma-ma.05.rtf,P07,ma-ma,2,1,987.7
ma-ma.05.rtf,P08,ma-ma,2,1,293.4
ma-ma.05.rtf,P19,ma-ma,2,1,313
ma-ma.05.rtf,P21,ma-ma,2,1,381.5
ma-ma.05.rtf,P23,ma-ma,2,1,135.9
ma-ma.05.rtf,P25,ma-ma,2,1,1001.6
ma-ma.05.rtf,P27,ma-ma,2,1,166.3
ma-ma.05.rtf,P29,ma-ma,2,1,655.1
ma-ma.05.rtf,P31,ma-ma,2,1,440.1
ma-ma.05.rtf,P33,ma-ma,2,1,489.1
ma-ma.05.rtf,P35,ma-ma,2,1,425.3
ma-ma.05.rtf,P37,ma-ma,2,1,435.2
ma-ma.05.rtf,P10,ma-ma,2,1,190.7
ma-ma.05.rtf,P11,ma-ma,2,1,542.9
ma-ma.05.rtf,P12,ma-ma,2,1,288.6
ma-ma.05.rtf,P14,ma-ma,2,1,582
ma-ma.05.rtf,P15,ma-ma,2,1,738.5
ma-ma.05.rtf,P16,ma-ma,2,1,361.6
ma-ma.05.rtf,P17,ma-ma,2,1,234.4
ma-ma.05.rtf,P18,ma-ma,2,1,659.2
ma-ma.05.rtf,P20,ma-ma,2,1,424.6
ma-ma.05.rtf,P22,ma-ma,2,1,312.1
ma-ma.04.rtf,P13,ma-ma,2,1,68.5
ma-ma.04.rtf,P17,ma-ma,2,1,58.7
ma-ma.05.rtf,P24,ma-ma,2,1,407.8
ma-ma.05.rtf,P26,ma-ma,2,1,287.1
ma-ma.05.rtf,P28,ma-ma,2,1,288.5
ma-ma.05.rtf,P32,ma-ma,2,1,630.9
ma-ma.05.rtf,P34,ma-ma,2,1,674.8
ma-ma.05.rtf,P36,ma-ma,2,1,405.8
ma-ma.06.rtf,P01,ma-ma,2,1,543.8
ma-ma.06.rtf,P04,ma-ma,2,1,200.2
ma-ma.06.rtf,P05,ma-ma,2,1,811.7
ma-ma.06.rtf,P06,ma-ma,2,1,327.6
ma-ma.04.rtf,P36,ma-ma,2,1,0
ma-ma.06.rtf,P07,ma-ma,2,1,176
ma-ma.05.rtf,P03,ma-ma,2,1,0
ma-ma.06.rtf,P08,ma-ma,2,1,308.1
ma-ma.06.rtf,P09,ma-ma,2,1,97.8
ma-ma.06.rtf,P19,ma-ma,2,1,655.5
ma-ma.06.rtf,P21,ma-ma,2,1,415.7
ma-ma.06.rtf,P25,ma-ma,2,1,1183.1
ma-ma.05.rtf,P09,ma-ma,2,1,0
ma-ma.06.rtf,P27,ma-ma,2,1,855.9
ma-ma.06.rtf,P29,ma-ma,2,1,488.9
ma-ma.06.rtf,P31,ma-ma,2,1,542.9
ma-ma.06.rtf,P33,ma-ma,2,1,332.4
ma-ma.06.rtf,P35,ma-ma,2,1,200.5
ma-ma.06.rtf,P37,ma-ma,2,1,268.9
ma-ma.06.rtf,P11,ma-ma,2,1,244.4
ma-ma.06.rtf,P12,ma-ma,2,1,342.2
ma-ma.06.rtf,P13,ma-ma,2,1,83.1
ma-ma.06.rtf,P15,ma-ma,2,1,244.5
ma-ma.06.rtf,P17,ma-ma,2,1,141.7
ma-ma.06.rtf,P18,ma-ma,2,1,259.1
ma-ma.06.rtf,P20,ma-ma,2,1,361.9
ma-ma.06.rtf,P22,ma-ma,2,1,95.6
ma-ma.06.rtf,P24,ma-ma,2,1,176.2
ma-ma.06.rtf,P26,ma-ma,2,1,251.7
ma-ma.06.rtf,P28,ma-ma,2,1,445.7
ma-ma.06.rtf,P30,ma-ma,2,1,254.3
ma-ma.05.rtf,P13,ma-ma,2,1,0
ma-ma.06.rtf,P32,ma-ma,2,1,893.3
ma-ma.06.rtf,P34,ma-ma,2,1,136.8
ma-ma.05.rtf,P30,ma-ma,2,1,0
ma-ma.06.rtf,P02,ma-ma,2,1,0
ma-ma.06.rtf,P36,ma-ma,2,1,151
ma-ma.07.rtf,P01,ma-ma,2,1,276.8
ma-ma.07.rtf,P03,ma-ma,2,1,337.4
ma-ma.07.rtf,P06,ma-ma,2,1,405.8
ma-ma.06.rtf,P03,ma-ma,2,1,0
ma-ma.07.rtf,P07,ma-ma,2,1,200.5
ma-ma.07.rtf,P08,ma-ma,2,1,259.2
ma-ma.07.rtf,P09,ma-ma,2,1,92.9
ma-ma.07.rtf,P19,ma-ma,2,1,484.2
ma-ma.07.rtf,P21,ma-ma,2,1,498.8
ma-ma.07.rtf,P23,ma-ma,2,1,382.7
ma-ma.06.rtf,P23,ma-ma,2,1,0
ma-ma.07.rtf,P25,ma-ma,2,1,261.8
ma-ma.07.rtf,P27,ma-ma,2,1,332.5
ma-ma.06.rtf,P10,ma-ma,2,1,0
ma-ma.07.rtf,P29,ma-ma,2,1,224.9
ma-ma.07.rtf,P31,ma-ma,2,1,273.5
ma-ma.07.rtf,P35,ma-ma,2,1,347.2
ma-ma.07.rtf,P37,ma-ma,2,1,337.4
ma-ma.07.rtf,P10,ma-ma,2,1,215.2
ma-ma.07.rtf,P11,ma-ma,2,1,591.7
ma-ma.07.rtf,P12,ma-ma,2,1,166.3
ma-ma.07.rtf,P13,ma-ma,2,1,161.3
ma-ma.07.rtf,P14,ma-ma,2,1,1188.5
ma-ma.07.rtf,P15,ma-ma,2,1,606.6
ma-ma.06.rtf,P16,ma-ma,2,1,0
ma-ma.07.rtf,P16,ma-ma,2,1,542.4
ma-ma.07.rtf,P17,ma-ma,2,1,132.1
ma-ma.07.rtf,P18,ma-ma,2,1,694.3
ma-ma.07.rtf,P20,ma-ma,2,1,303.2
ma-ma.07.rtf,P02,ma-ma,2,1,0
ma-ma.07.rtf,P24,ma-ma,2,1,961
ma-ma.07.rtf,P26,ma-ma,2,1,775
ma-ma.07.rtf,P28,ma-ma,2,1,493.9
ma-ma.07.rtf,P30,ma-ma,2,1,273.8
ma-ma.07.rtf,P32,ma-ma,2,1,694.5
ma-ma.07.rtf,P34,ma-ma,2,1,342.4
ma-ma.07.rtf,P36,ma-ma,2,1,577
ma-ma.08.rtf,P01,ma-ma,2,1,860.8
ma-ma.08.rtf,P02,ma-ma,2,1,132
ma-ma.08.rtf,P04,ma-ma,2,1,607.1
ma-ma.08.rtf,P05,ma-ma,2,1,229.8
ma-ma.08.rtf,P06,ma-ma,2,1,831.3
ma-ma.08.rtf,P07,ma-ma,2,1,470.7
ma-ma.08.rtf,P08,ma-ma,2,1,435.4
ma-ma.08.rtf,P09,ma-ma,2,1,244.3
ma-ma.07.rtf,P04,ma-ma,2,1,0
ma-ma.08.rtf,P19,ma-ma,2,1,410.8
ma-ma.08.rtf,P21,ma-ma,2,1,919.5
ma-ma.07.rtf,P05,ma-ma,2,1,0
ma-ma.08.rtf,P27,ma-ma,2,1,249.4
ma-ma.08.rtf,P29,ma-ma,2,1,269
ma-ma.08.rtf,P31,ma-ma,2,1,200.4
ma-ma.08.rtf,P33,ma-ma,2,1,572.2
ma-ma.08.rtf,P37,ma-ma,2,1,699.3
ma-ma.08.rtf,P10,ma-ma,2,1,645.3
ma-ma.08.rtf,P11,ma-ma,2,1,821.4
ma-ma.08.rtf,P12,ma-ma,2,1,313
ma-ma.08.rtf,P13,ma-ma,2,1,127.2
ma-ma.07.rtf,P33,ma-ma,2,1,0
ma-ma.08.rtf,P14,ma-ma,2,1,728.7
ma-ma.08.rtf,P15,ma-ma,2,1,484.1
ma-ma.08.rtf,P17,ma-ma,2,1,743.3
ma-ma.08.rtf,P20,ma-ma,2,1,630.7
ma-ma.08.rtf,P22,ma-ma,2,1,724.9
ma-ma.08.rtf,P24,ma-ma,2,1,739.9
ma-ma.08.rtf,P26,ma-ma,2,1,372.6
ma-ma.08.rtf,P28,ma-ma,2,1,968.3
ma-ma.08.rtf,P03,ma-ma,2,1,0
ma-ma.08.rtf,P30,ma-ma,2,1,107.6
ma-ma.08.rtf,P32,ma-ma,2,1,386.3
ma-ma.08.rtf,P23,ma-ma,2,1,0
ma-ma.08.rtf,P34,ma-ma,2,1,166.2
ma-ma.08.rtf,P36,ma-ma,2,1,161.4
ma-ma.09.rtf,P01,ma-ma,2,1,211.4
ma-ma.09.rtf,P02,ma-ma,2,1,185.8
ma-ma.09.rtf,P04,ma-ma,2,1,136.9
ma-ma.09.rtf,P05,ma-ma,2,1,161.4
ma-ma.09.rtf,P06,ma-ma,2,1,734
ma-ma.09.rtf,P07,ma-ma,2,1,405.9
ma-ma.09.rtf,P08,ma-ma,2,1,415.6
ma-ma.08.rtf,P35,ma-ma,2,1,0
ma-ma.09.rtf,P09,ma-ma,2,1,190.7
ma-ma.08.rtf,P18,ma-ma,2,1,63.6
ma-ma.09.rtf,P19,ma-ma,2,1,587.1
ma-ma.09.rtf,P21,ma-ma,2,1,107.5
ma-ma.09.rtf,P25,ma-ma,2,1,523.6
ma-ma.09.rtf,P03,ma-ma,2,1,0
ma-ma.09.rtf,P23,ma-ma,2,1,0
ma-ma.09.rtf,P27,ma-ma,2,1,298.4
ma-ma.09.rtf,P29,ma-ma,2,1,832.6
ma-ma.09.rtf,P31,ma-ma,2,1,465.1
ma-ma.09.rtf,P33,ma-ma,2,1,215.2
ma-ma.09.rtf,P35,ma-ma,2,1,195.4
ma-ma.09.rtf,P37,ma-ma,2,1,606.4
ma-ma.09.rtf,P10,ma-ma,2,1,200.5
ma-ma.09.rtf,P11,ma-ma,2,1,625.8
ma-ma.09.rtf,P13,ma-ma,2,1,410.8
ma-ma.09.rtf,P14,ma-ma,2,1,595.6
ma-ma.09.rtf,P15,ma-ma,2,1,498.8
ma-ma.09.rtf,P12,ma-ma,2,1,0
ma-ma.09.rtf,P16,ma-ma,2,1,410.8
ma-ma.09.rtf,P17,ma-ma,2,1,195.6
ma-ma.09.rtf,P18,ma-ma,2,1,264.1
ma-ma.09.rtf,P20,ma-ma,2,1,440.1
ma-ma.09.rtf,P22,ma-ma,2,1,276.8
ma-ma.09.rtf,P24,ma-ma,2,1,246.7
ma-ma.09.rtf,P26,ma-ma,2,1,291.9
ma-ma.09.rtf,P28,ma-ma,2,1,289
ma-ma.09.rtf,P30,ma-ma,2,1,523.3
ma-ma.09.rtf,P32,ma-ma,2,1,332.4
ma-ma.09.rtf,P34,ma-ma,2,1,161.4
ma-ma.09.rtf,P36,ma-ma,2,1,146.8
ma-ma.10.rtf,P01,ma-ma,2,1,528.7
ma-ma.10.rtf,P02,ma-ma,2,1,239.7
ma-ma.10.rtf,P05,ma-ma,2,1,78.2
ma-ma.10.rtf,P03,ma-ma,2,1,195.6
ma-ma.10.rtf,P04,ma-ma,2,1,313
ma-ma.10.rtf,P06,ma-ma,2,1,689.5
ma-ma.10.rtf,P08,ma-ma,2,1,874.8
ma-ma.10.rtf,P09,ma-ma,2,1,97.8
ma-ma.10.rtf,P19,ma-ma,2,1,860.5
ma-ma.10.rtf,P21,ma-ma,2,1,151.4
ma-ma.10.rtf,P25,ma-ma,2,1,654.4
ma-ma.10.rtf,P27,ma-ma,2,1,107.6
ma-ma.10.rtf,P29,ma-ma,2,1,792.1
ma-ma.10.rtf,P31,ma-ma,2,1,303.4
ma-ma.10.rtf,P23,ma-ma,2,1,0
ma-ma.10.rtf,P33,ma-ma,2,1,435.2
ma-ma.10.rtf,P35,ma-ma,2,1,528
ma-ma.10.rtf,P37,ma-ma,2,1,792.3
ma-ma.10.rtf,P10,ma-ma,2,1,127.2
ma-ma.10.rtf,P11,ma-ma,2,1,454.8
ma-ma.10.rtf,P12,ma-ma,2,1,78.3
ma-ma.10.rtf,P13,ma-ma,2,1,122.3
ma-ma.10.rtf,P15,ma-ma,2,1,542.9
ma-ma.10.rtf,P16,ma-ma,2,1,298.4
ma-ma.10.rtf,P18,ma-ma,2,1,352.1
ma-ma.10.rtf,P20,ma-ma,2,1,586.7
ma-ma.10.rtf,P22,ma-ma,2,1,231.5
ma-ma.10.rtf,P24,ma-ma,2,1,644.3
ma-ma.10.rtf,P26,ma-ma,2,1,317.1
ma-ma.10.rtf,P28,ma-ma,2,1,811.8
ma-ma.10.rtf,P17,ma-ma,2,1,0
ma-ma.10.rtf,P30,ma-ma,2,1,552.2
ma-ma.10.rtf,P32,ma-ma,2,1,430.3
ma-ma.10.rtf,P34,ma-ma,2,1,136.9
ma-ma.10.rtf,P36,ma-ma,2,1,386.4
ma-ma.11.rtf,P01,ma-ma,2,1,740.2
ma-ma.11.rtf,P02,ma-ma,2,1,200.5
ma-ma.11.rtf,P04,ma-ma,2,1,132.1
ma-ma.11.rtf,P05,ma-ma,2,1,234.7
ma-ma.11.rtf,P03,ma-ma,2,1,73.4
ma-ma.11.rtf,P06,ma-ma,2,1,464.6
ma-ma.11.rtf,P07,ma-ma,2,1,376.7
ma-ma.11.rtf,P08,ma-ma,2,1,258.9
ma-ma.11.rtf,P19,ma-ma,2,1,527
ma-ma.11.rtf,P09,ma-ma,2,1,0
ma-ma.11.rtf,P21,ma-ma,2,1,640.6
ma-ma.11.rtf,P23,ma-ma,2,1,443
ma-ma.11.rtf,P35,ma-ma,2,1,0
ma-ma.11.rtf,P34,ma-ma,2,1,68.4
ma-ma.12.rtf,P02,ma-ma,2,1,0
ma-ma.11.rtf,P25,ma-ma,2,1,357.2
ma-ma.11.rtf,P27,ma-ma,2,1,254.2
ma-ma.11.rtf,P29,ma-ma,2,1,137
ma-ma.11.rtf,P31,ma-ma,2,1,122.2
ma-ma.11.rtf,P33,ma-ma,2,1,146.7
ma-ma.11.rtf,P37,ma-ma,2,1,352.1
ma-ma.11.rtf,P10,ma-ma,2,1,268.9
ma-ma.12.rtf,P23,ma-ma,2,1,0
ma-ma.11.rtf,P11,ma-ma,2,1,518.4
ma-ma.11.rtf,P12,ma-ma,2,1,410.8
ma-ma.11.rtf,P13,ma-ma,2,1,474.2
ma-ma.12.rtf,P12,ma-ma,2,1,0
ma-ma.11.rtf,P15,ma-ma,2,1,567.3
ma-ma.11.rtf,P16,ma-ma,2,1,288.5
ma-ma.11.rtf,P17,ma-ma,2,1,508.5
ma-ma.11.rtf,P18,ma-ma,2,1,513.6
ma-ma.11.rtf,P20,ma-ma,2,1,410.9
ma-ma.12.rtf,P17,ma-ma,2,1,0
ma-ma.11.rtf,P22,ma-ma,2,1,317.1
ma-ma.11.rtf,P24,ma-ma,2,1,432.9
ma-ma.11.rtf,P26,ma-ma,2,1,171.1
ma-ma.11.rtf,P28,ma-ma,2,1,293.4
ma-ma.12.rtf,P20,ma-ma,2,1,0
ma-ma.11.rtf,P30,ma-ma,2,1,171.1
ma-ma.11.rtf,P32,ma-ma,2,1,425.4
ma-ma.11.rtf,P36,ma-ma,2,1,581.9
ma-ma.12.rtf,P01,ma-ma,2,1,347.5
ma-ma.12.rtf,P03,ma-ma,2,1,220.1
ma-ma.12.rtf,P04,ma-ma,2,1,485.1
ma-ma.12.rtf,P05,ma-ma,2,1,552.6
ma-ma.12.rtf,P06,ma-ma,2,1,1023
ma-ma.12.rtf,P07,ma-ma,2,1,308.1
ma-ma.12.rtf,P08,ma-ma,2,1,298.3
ma-ma.12.rtf,P09,ma-ma,2,1,425.4
ma-ma.12.rtf,P19,ma-ma,2,1,102.7
ma-ma.12.rtf,P21,ma-ma,2,1,498.8
ma-ma.12.rtf,P27,ma-ma,2,1,273.9
ma-ma.12.rtf,P29,ma-ma,2,1,489
ma-ma.12.rtf,P31,ma-ma,2,1,322.8
ma-ma.12.rtf,P33,ma-ma,2,1,489.1
ma-ma.12.rtf,P35,ma-ma,2,1,225
ma-ma.12.rtf,P37,ma-ma,2,1,459.6
ma-ma.12.rtf,P10,ma-ma,2,1,205.4
ma-ma.12.rtf,P11,ma-ma,2,1,449.9
ma-ma.12.rtf,P13,ma-ma,2,1,332.6
ma-ma.12.rtf,P28,ma-ma,2,1,0
ma-ma.12.rtf,P15,ma-ma,2,1,264.1
ma-ma.12.rtf,P16,ma-ma,2,1,405.8
ma-ma.12.rtf,P18,ma-ma,2,1,723.7
ma-nma.01.rtf,P02,ma-nma,1,2,0
ma-ma.12.rtf,P22,ma-ma,2,1,328.4
ma-ma.12.rtf,P24,ma-ma,2,1,558.3
ma-ma.12.rtf,P26,ma-ma,2,1,583.8
ma-ma.12.rtf,P30,ma-ma,2,1,755.8
ma-nma.01.rtf,P03,ma-nma,1,2,58.6
ma-nma.01.rtf,P09,ma-nma,1,2,73.3
ma-ma.12.rtf,P32,ma-ma,2,1,361.8
ma-ma.12.rtf,P34,ma-ma,2,1,200.3
ma-ma.12.rtf,P36,ma-ma,2,1,132
ma-nma.01.rtf,P01,ma-nma,1,2,156
ma-nma.01.rtf,P04,ma-nma,1,2,269
ma-nma.01.rtf,P05,ma-nma,1,2,146.7
ma-nma.01.rtf,P06,ma-nma,1,2,454.9
ma-nma.01.rtf,P07,ma-nma,1,2,415.3
ma-nma.01.rtf,P29,ma-nma,1,2,0
ma-nma.01.rtf,P08,ma-nma,1,2,254.2
ma-nma.01.rtf,P19,ma-nma,1,2,239.6
ma-nma.01.rtf,P32,ma-nma,1,2,0
ma-nma.01.rtf,P21,ma-nma,1,2,264.2
ma-nma.01.rtf,P36,ma-nma,1,2,0
ma-nma.01.rtf,P23,ma-nma,1,2,161.3
ma-nma.02.rtf,P04,ma-nma,1,2,68.5
ma-nma.01.rtf,P25,ma-nma,1,2,493.9
ma-nma.02.rtf,P05,ma-nma,1,2,0
ma-nma.02.rtf,P36,ma-nma,1,2,0
ma-nma.01.rtf,P27,ma-nma,1,2,293.4
ma-nma.01.rtf,P31,ma-nma,1,2,122.3
ma-nma.01.rtf,P33,ma-nma,1,2,298.3
ma-nma.01.rtf,P35,ma-nma,1,2,146.7
ma-nma.01.rtf,P37,ma-nma,1,2,332.5
ma-nma.01.rtf,P10,ma-nma,1,2,127
ma-nma.01.rtf,P11,ma-nma,1,2,435.2
ma-nma.01.rtf,P12,ma-nma,1,2,303.2
ma-nma.01.rtf,P13,ma-nma,1,2,474.4
ma-nma.01.rtf,P14,ma-nma,1,2,1012.1
ma-nma.01.rtf,P15,ma-nma,1,2,220
ma-nma.01.rtf,P16,ma-nma,1,2,225.1
ma-nma.01.rtf,P17,ma-nma,1,2,151.6
ma-nma.01.rtf,P18,ma-nma,1,2,200.6
ma-nma.01.rtf,P20,ma-nma,1,2,308.1
ma-nma.01.rtf,P22,ma-nma,1,2,181.2
ma-nma.01.rtf,P24,ma-nma,1,2,201.4
ma-nma.01.rtf,P26,ma-nma,1,2,317.1
ma-nma.03.rtf,P02,ma-nma,1,2,0
ma-nma.01.rtf,P28,ma-nma,1,2,757.9
ma-nma.01.rtf,P30,ma-nma,1,2,220
ma-nma.01.rtf,P34,ma-nma,1,2,146.7
ma-nma.02.rtf,P02,ma-nma,1,2,156.4
ma-nma.02.rtf,P03,ma-nma,1,2,151.6
ma-nma.03.rtf,P05,ma-nma,1,2,0
ma-nma.03.rtf,P07,ma-nma,1,2,0
ma-nma.02.rtf,P06,ma-nma,1,2,357
ma-nma.02.rtf,P07,ma-nma,1,2,181.4
ma-nma.02.rtf,P08,ma-nma,1,2,268.9
ma-nma.02.rtf,P09,ma-nma,1,2,195.5
ma-nma.02.rtf,P19,ma-nma,1,2,151.6
ma-nma.02.rtf,P21,ma-nma,1,2,190.7
ma-nma.02.rtf,P23,ma-nma,1,2,427.9
ma-nma.02.rtf,P25,ma-nma,1,2,85.6
ma-nma.02.rtf,P27,ma-nma,1,2,313
ma-nma.02.rtf,P29,ma-nma,1,2,146.7
ma-nma.02.rtf,P31,ma-nma,1,2,190.7
ma-nma.03.rtf,P29,ma-nma,1,2,0
ma-nma.02.rtf,P33,ma-nma,1,2,268.6
ma-nma.02.rtf,P35,ma-nma,1,2,117.7
ma-nma.02.rtf,P37,ma-nma,1,2,180.8
ma-nma.02.rtf,P10,ma-nma,1,2,263.9
ma-nma.02.rtf,P11,ma-nma,1,2,396.1
ma-nma.02.rtf,P12,ma-nma,1,2,405.8
ma-nma.02.rtf,P13,ma-nma,1,2,381.4
ma-nma.02.rtf,P15,ma-nma,1,2,954
ma-nma.03.rtf,P31,ma-nma,1,2,0
ma-nma.02.rtf,P16,ma-nma,1,2,415.7
ma-nma.02.rtf,P17,ma-nma,1,2,185.8
ma-nma.02.rtf,P18,ma-nma,1,2,151.7
ma-nma.02.rtf,P20,ma-nma,1,2,141.8
ma-nma.02.rtf,P22,ma-nma,1,2,186.3
ma-nma.02.rtf,P24,ma-nma,1,2,286.9
ma-nma.02.rtf,P26,ma-nma,1,2,407.7
ma-nma.02.rtf,P28,ma-nma,1,2,734.1
ma-nma.02.rtf,P30,ma-nma,1,2,385.2
ma-nma.03.rtf,P35,ma-nma,1,2,58.8
ma-nma.02.rtf,P32,ma-nma,1,2,337.3
ma-nma.02.rtf,P34,ma-nma,1,2,151.6
ma-nma.03.rtf,P01,ma-nma,1,2,377.7
ma-nma.03.rtf,P03,ma-nma,1,2,170.9
ma-nma.03.rtf,P04,ma-nma,1,2,244.4
ma-nma.03.rtf,P06,ma-nma,1,2,288.6
ma-nma.03.rtf,P08,ma-nma,1,2,376.6
ma-nma.03.rtf,P12,ma-nma,1,2,0
ma-nma.03.rtf,P09,ma-nma,1,2,185.9
ma-nma.03.rtf,P19,ma-nma,1,2,557.5
ma-nma.03.rtf,P21,ma-nma,1,2,122.2
ma-nma.03.rtf,P23,ma-nma,1,2,306.9
ma-nma.03.rtf,P20,ma-nma,1,2,0
ma-nma.03.rtf,P27,ma-nma,1,2,298.3
ma-nma.03.rtf,P33,ma-nma,1,2,215.2
ma-nma.03.rtf,P37,ma-nma,1,2,391.1
ma-nma.03.rtf,P10,ma-nma,1,2,200.6
ma-nma.03.rtf,P11,ma-nma,1,2,445
ma-nma.03.rtf,P13,ma-nma,1,2,195.6
ma-nma.03.rtf,P15,ma-nma,1,2,396.2
ma-nma.03.rtf,P16,ma-nma,1,2,220
ma-nma.03.rtf,P17,ma-nma,1,2,161.4
ma-nma.03.rtf,P18,ma-nma,1,2,342.3
ma-nma.03.rtf,P22,ma-nma,1,2,241.7
ma-nma.03.rtf,P24,ma-nma,1,2,161.1
ma-nma.03.rtf,P26,ma-nma,1,2,125.8
ma-nma.03.rtf,P28,ma-nma,1,2,303.1
ma-nma.03.rtf,P30,ma-nma,1,2,185.8
ma-nma.03.rtf,P32,ma-nma,1,2,215.2
ma-nma.03.rtf,P36,ma-nma,1,2,185.9
ma-nma.04.rtf,P01,ma-nma,1,2,387.6
ma-nma.04.rtf,P04,ma-nma,1,2,254.3
ma-nma.04.rtf,P05,ma-nma,1,2,264.1
ma-nma.04.rtf,P06,ma-nma,1,2,581.7
ma-nma.04.rtf,P07,ma-nma,1,2,562.3
ma-nma.04.rtf,P08,ma-nma,1,2,547.7
ma-nma.04.rtf,P09,ma-nma,1,2,489.1
ma-nma.04.rtf,P19,ma-nma,1,2,234.6
ma-nma.04.rtf,P21,ma-nma,1,2,464.5
ma-nma.04.rtf,P23,ma-nma,1,2,412.8
ma-nma.04.rtf,P25,ma-nma,1,2,644.3
ma-nma.04.rtf,P29,ma-nma,1,2,438.5
ma-nma.04.rtf,P33,ma-nma,1,2,430.9
ma-nma.03.rtf,P34,ma-nma,1,2,0
ma-nma.04.rtf,P35,ma-nma,1,2,112.5
ma-nma.04.rtf,P37,ma-nma,1,2,293.4
ma-nma.04.rtf,P10,ma-nma,1,2,371.6
ma-nma.04.rtf,P11,ma-nma,1,2,978.1
ma-nma.04.rtf,P12,ma-nma,1,2,278.7
ma-nma.04.rtf,P13,ma-nma,1,2,239.7
ma-nma.04.rtf,P14,ma-nma,1,2,929.3
ma-nma.04.rtf,P15,ma-nma,1,2,943.6
ma-nma.04.rtf,P16,ma-nma,1,2,1114.5
ma-nma.04.rtf,P17,ma-nma,1,2,171.2
ma-nma.04.rtf,P18,ma-nma,1,2,591.8
ma-nma.04.rtf,P20,ma-nma,1,2,489.1
ma-nma.04.rtf,P02,ma-nma,1,2,0
ma-nma.04.rtf,P22,ma-nma,1,2,528.6
ma-nma.04.rtf,P26,ma-nma,1,2,417.9
ma-nma.04.rtf,P30,ma-nma,1,2,215.1
ma-nma.04.rtf,P32,ma-nma,1,2,655.3
ma-nma.04.rtf,P34,ma-nma,1,2,611.6
ma-nma.04.rtf,P03,ma-nma,1,2,0
ma-nma.04.rtf,P36,ma-nma,1,2,180.9
ma-nma.05.rtf,P01,ma-nma,1,2,347.3
ma-nma.05.rtf,P02,ma-nma,1,2,185.8
ma-nma.05.rtf,P04,ma-nma,1,2,389.5
ma-nma.05.rtf,P05,ma-nma,1,2,107.5
ma-nma.05.rtf,P06,ma-nma,1,2,176
ma-nma.05.rtf,P07,ma-nma,1,2,420.6
ma-nma.05.rtf,P08,ma-nma,1,2,278.7
ma-nma.05.rtf,P09,ma-nma,1,2,156.5
ma-nma.05.rtf,P19,ma-nma,1,2,1022.2
ma-nma.05.rtf,P23,ma-nma,1,2,206.4
ma-nma.04.rtf,P27,ma-nma,1,2,0
ma-nma.04.rtf,P31,ma-nma,1,2,0
ma-nma.05.rtf,P25,ma-nma,1,2,458.1
ma-nma.05.rtf,P27,ma-nma,1,2,449.9
ma-nma.05.rtf,P29,ma-nma,1,2,297.5
ma-nma.05.rtf,P33,ma-nma,1,2,445
ma-nma.05.rtf,P35,ma-nma,1,2,631
ma-nma.04.rtf,P28,ma-nma,1,2,0
ma-nma.05.rtf,P37,ma-nma,1,2,254.3
ma-nma.05.rtf,P10,ma-nma,1,2,150.7
ma-nma.05.rtf,P11,ma-nma,1,2,180.9
ma-nma.05.rtf,P12,ma-nma,1,2,420.6
ma-nma.05.rtf,P13,ma-nma,1,2,220
ma-nma.05.rtf,P03,ma-nma,1,2,58.7
ma-nma.05.rtf,P15,ma-nma,1,2,376.6
ma-nma.05.rtf,P16,ma-nma,1,2,176
ma-nma.05.rtf,P17,ma-nma,1,2,122.4
ma-nma.05.rtf,P18,ma-nma,1,2,185.9
ma-nma.05.rtf,P20,ma-nma,1,2,156.5
ma-nma.05.rtf,P22,ma-nma,1,2,216.5
ma-nma.05.rtf,P24,ma-nma,1,2,191.3
ma-nma.05.rtf,P26,ma-nma,1,2,342.2
ma-nma.05.rtf,P21,ma-nma,1,2,0
ma-nma.05.rtf,P28,ma-nma,1,2,885.1
ma-nma.05.rtf,P30,ma-nma,1,2,400.8
ma-nma.05.rtf,P32,ma-nma,1,2,259.2
ma-nma.05.rtf,P34,ma-nma,1,2,166.3
ma-nma.06.rtf,P01,ma-nma,1,2,251.8
ma-nma.05.rtf,P31,ma-nma,1,2,53.7
ma-nma.06.rtf,P02,ma-nma,1,2,92.9
ma-nma.06.rtf,P06,ma-nma,1,2,205.2
ma-nma.06.rtf,P07,ma-nma,1,2,93
ma-nma.05.rtf,P36,ma-nma,1,2,0
ma-nma.06.rtf,P08,ma-nma,1,2,1157.2
ma-nma.06.rtf,P19,ma-nma,1,2,347.2
ma-nma.06.rtf,P21,ma-nma,1,2,137.6
ma-nma.06.rtf,P23,ma-nma,1,2,382.3
ma-nma.06.rtf,P03,ma-nma,1,2,0
ma-nma.06.rtf,P25,ma-nma,1,2,387.6
ma-nma.06.rtf,P31,ma-nma,1,2,224.9
ma-nma.06.rtf,P33,ma-nma,1,2,92.9
ma-nma.06.rtf,P35,ma-nma,1,2,190.7
ma-nma.06.rtf,P37,ma-nma,1,2,155.9
ma-nma.06.rtf,P11,ma-nma,1,2,308.1
ma-nma.06.rtf,P12,ma-nma,1,2,171.2
ma-nma.06.rtf,P15,ma-nma,1,2,352.3
ma-nma.06.rtf,P04,ma-nma,1,2,73.3
ma-nma.06.rtf,P16,ma-nma,1,2,249.4
ma-nma.06.rtf,P17,ma-nma,1,2,121.9
ma-nma.06.rtf,P18,ma-nma,1,2,166.2
ma-nma.06.rtf,P05,ma-nma,1,2,0
ma-nma.06.rtf,P20,ma-nma,1,2,166.3
ma-nma.06.rtf,P22,ma-nma,1,2,201
ma-nma.06.rtf,P24,ma-nma,1,2,166.1
ma-nma.06.rtf,P26,ma-nma,1,2,609.3
ma-nma.06.rtf,P09,ma-nma,1,2,0
ma-nma.06.rtf,P28,ma-nma,1,2,728.6
ma-nma.06.rtf,P30,ma-nma,1,2,128.1
ma-nma.06.rtf,P27,ma-nma,1,2,68.5
ma-nma.06.rtf,P32,ma-nma,1,2,210.2
ma-nma.06.rtf,P29,ma-nma,1,2,0
ma-nma.07.rtf,P01,ma-nma,1,2,372.8
ma-nma.07.rtf,P02,ma-nma,1,2,88.1
ma-nma.07.rtf,P04,ma-nma,1,2,259.1
ma-nma.07.rtf,P05,ma-nma,1,2,185.8
ma-nma.07.rtf,P06,ma-nma,1,2,244.5
ma-nma.07.rtf,P07,ma-nma,1,2,747.5
ma-nma.06.rtf,P10,ma-nma,1,2,0
ma-nma.06.rtf,P13,ma-nma,1,2,0
ma-nma.07.rtf,P09,ma-nma,1,2,205.4
ma-nma.06.rtf,P34,ma-nma,1,2,0
ma-nma.07.rtf,P19,ma-nma,1,2,474.2
ma-nma.07.rtf,P21,ma-nma,1,2,495.5
ma-nma.07.rtf,P23,ma-nma,1,2,186.3
ma-nma.07.rtf,P25,ma-nma,1,2,558.7
ma-nma.06.rtf,P36,ma-nma,1,2,0
ma-nma.07.rtf,P27,ma-nma,1,2,205.4
ma-nma.07.rtf,P29,ma-nma,1,2,112.6
ma-nma.07.rtf,P31,ma-nma,1,2,176.1
ma-nma.07.rtf,P33,ma-nma,1,2,308.1
ma-nma.07.rtf,P35,ma-nma,1,2,146.7
ma-nma.07.rtf,P37,ma-nma,1,2,357
ma-nma.07.rtf,P03,ma-nma,1,2,0
ma-nma.07.rtf,P10,ma-nma,1,2,127.3
ma-nma.07.rtf,P11,ma-nma,1,2,440
ma-nma.07.rtf,P12,ma-nma,1,2,200.6
ma-nma.07.rtf,P13,ma-nma,1,2,288.6
ma-nma.07.rtf,P14,ma-nma,1,2,1046.4
ma-nma.07.rtf,P15,ma-nma,1,2,474.2
ma-nma.07.rtf,P17,ma-nma,1,2,528.2
ma-nma.07.rtf,P18,ma-nma,1,2,161.3
ma-nma.07.rtf,P20,ma-nma,1,2,191.9
ma-nma.07.rtf,P08,ma-nma,1,2,0
ma-nma.07.rtf,P22,ma-nma,1,2,202.2
ma-nma.07.rtf,P24,ma-nma,1,2,532.9
ma-nma.07.rtf,P26,ma-nma,1,2,377.3
ma-nma.07.rtf,P28,ma-nma,1,2,625.9
ma-nma.07.rtf,P30,ma-nma,1,2,357.2
ma-nma.07.rtf,P32,ma-nma,1,2,185.8
ma-nma.07.rtf,P34,ma-nma,1,2,136.9
ma-nma.07.rtf,P36,ma-nma,1,2,166.3
ma-nma.08.rtf,P01,ma-nma,1,2,493.2
ma-nma.08.rtf,P03,ma-nma,1,2,146.7
ma-nma.08.rtf,P06,ma-nma,1,2,400.9
ma-nma.08.rtf,P07,ma-nma,1,2,97.6
ma-nma.08.rtf,P08,ma-nma,1,2,146.7
ma-nma.08.rtf,P19,ma-nma,1,2,303.2
ma-nma.08.rtf,P21,ma-nma,1,2,464.6
ma-nma.08.rtf,P23,ma-nma,1,2,276.7
ma-nma.08.rtf,P25,ma-nma,1,2,478.7
ma-nma.08.rtf,P27,ma-nma,1,2,283.6
ma-nma.07.rtf,P16,ma-nma,1,2,0
ma-nma.08.rtf,P31,ma-nma,1,2,190.7
ma-nma.08.rtf,P35,ma-nma,1,2,132
ma-nma.08.rtf,P37,ma-nma,1,2,146.7
ma-nma.08.rtf,P10,ma-nma,1,2,83.1
ma-nma.08.rtf,P11,ma-nma,1,2,298.4
ma-nma.08.rtf,P12,ma-nma,1,2,381.5
ma-nma.08.rtf,P13,ma-nma,1,2,107.5
ma-nma.08.rtf,P15,ma-nma,1,2,352
ma-nma.08.rtf,P16,ma-nma,1,2,264.1
ma-nma.08.rtf,P17,ma-nma,1,2,161.4
ma-nma.08.rtf,P18,ma-nma,1,2,112.5
ma-nma.08.rtf,P22,ma-nma,1,2,145.4
ma-nma.08.rtf,P24,ma-nma,1,2,125.9
ma-nma.08.rtf,P26,ma-nma,1,2,201.4
ma-nma.08.rtf,P28,ma-nma,1,2,474.4
ma-nma.08.rtf,P02,ma-nma,1,2,0
ma-nma.08.rtf,P30,ma-nma,1,2,582
ma-nma.08.rtf,P32,ma-nma,1,2,342.3
ma-nma.08.rtf,P04,ma-nma,1,2,0
ma-nma.08.rtf,P34,ma-nma,1,2,88
ma-nma.09.rtf,P01,ma-nma,1,2,448
ma-nma.09.rtf,P03,ma-nma,1,2,166.4
ma-nma.09.rtf,P04,ma-nma,1,2,210
ma-nma.09.rtf,P05,ma-nma,1,2,190.7
ma-nma.09.rtf,P06,ma-nma,1,2,210.1
ma-nma.09.rtf,P07,ma-nma,1,2,264.1
ma-nma.09.rtf,P08,ma-nma,1,2,239.6
ma-nma.09.rtf,P09,ma-nma,1,2,141.8
ma-nma.09.rtf,P19,ma-nma,1,2,88
ma-nma.09.rtf,P21,ma-nma,1,2,112.4
ma-nma.09.rtf,P23,ma-nma,1,2,166.1
ma-nma.09.rtf,P25,ma-nma,1,2,332.3
ma-nma.09.rtf,P27,ma-nma,1,2,210.3
ma-nma.09.rtf,P29,ma-nma,1,2,655.9
ma-nma.08.rtf,P05,ma-nma,1,2,53.8
ma-nma.09.rtf,P31,ma-nma,1,2,127.1
ma-nma.09.rtf,P33,ma-nma,1,2,117.3
ma-nma.09.rtf,P37,ma-nma,1,2,596.6
ma-nma.08.rtf,P09,ma-nma,1,2,0
ma-nma.08.rtf,P29,ma-nma,1,2,0
ma-nma.09.rtf,P10,ma-nma,1,2,293.5
ma-nma.09.rtf,P11,ma-nma,1,2,132.1
ma-nma.09.rtf,P12,ma-nma,1,2,342.1
ma-nma.09.rtf,P14,ma-nma,1,2,997.6
ma-nma.09.rtf,P15,ma-nma,1,2,518.4
ma-nma.09.rtf,P16,ma-nma,1,2,498.8
ma-nma.09.rtf,P17,ma-nma,1,2,264.1
ma-nma.09.rtf,P18,ma-nma,1,2,459.6
ma-nma.09.rtf,P20,ma-nma,1,2,430.4
ma-nma.09.rtf,P22,ma-nma,1,2,437.8
ma-nma.09.rtf,P24,ma-nma,1,2,241.7
ma-nma.09.rtf,P26,ma-nma,1,2,458
ma-nma.09.rtf,P28,ma-nma,1,2,259.2
ma-nma.09.rtf,P30,ma-nma,1,2,767.7
ma-nma.09.rtf,P32,ma-nma,1,2,260.2
ma-nma.09.rtf,P34,ma-nma,1,2,185.9
ma-nma.08.rtf,P33,ma-nma,1,2,0
ma-nma.09.rtf,P36,ma-nma,1,2,176
ma-nma.10.rtf,P01,ma-nma,1,2,186.3
ma-nma.10.rtf,P02,ma-nma,1,2,185.8
ma-nma.10.rtf,P03,ma-nma,1,2,83.1
ma-nma.10.rtf,P04,ma-nma,1,2,224.8
ma-nma.08.rtf,P20,ma-nma,1,2,0
ma-nma.10.rtf,P05,ma-nma,1,2,230
ma-nma.10.rtf,P06,ma-nma,1,2,322.8
ma-nma.10.rtf,P07,ma-nma,1,2,386.3
ma-nma.10.rtf,P08,ma-nma,1,2,97.8
ma-nma.10.rtf,P09,ma-nma,1,2,224.9
ma-nma.10.rtf,P19,ma-nma,1,2,195.6
ma-nma.10.rtf,P21,ma-nma,1,2,474.3
ma-nma.10.rtf,P25,ma-nma,1,2,583.9
ma-nma.08.rtf,P36,ma-nma,1,2,0
ma-nma.10.rtf,P27,ma-nma,1,2,503.7
ma-nma.10.rtf,P29,ma-nma,1,2,195.9
ma-nma.10.rtf,P33,ma-nma,1,2,625.8
ma-nma.09.rtf,P02,ma-nma,1,2,0
ma-nma.10.rtf,P35,ma-nma,1,2,303.2
ma-nma.09.rtf,P35,ma-nma,1,2,0
ma-nma.10.rtf,P37,ma-nma,1,2,283.5
ma-nma.10.rtf,P10,ma-nma,1,2,176.1
ma-nma.10.rtf,P11,ma-nma,1,2,425.3
ma-nma.10.rtf,P12,ma-nma,1,2,298.3
ma-nma.10.rtf,P13,ma-nma,1,2,254.2
ma-nma.10.rtf,P15,ma-nma,1,2,298.2
ma-nma.10.rtf,P16,ma-nma,1,2,288.6
ma-nma.10.rtf,P17,ma-nma,1,2,313
ma-nma.10.rtf,P18,ma-nma,1,2,273.8
ma-nma.10.rtf,P20,ma-nma,1,2,171.1
ma-nma.10.rtf,P22,ma-nma,1,2,241.6
ma-nma.10.rtf,P24,ma-nma,1,2,664.5
ma-nma.10.rtf,P26,ma-nma,1,2,170.4
ma-nma.10.rtf,P28,ma-nma,1,2,645.5
ma-nma.10.rtf,P30,ma-nma,1,2,762.9
ma-nma.10.rtf,P32,ma-nma,1,2,205.3
ma-nma.09.rtf,P13,ma-nma,1,2,0
ma-nma.10.rtf,P23,ma-nma,1,2,0
ma-nma.10.rtf,P31,ma-nma,1,2,68.6
ma-nma.10.rtf,P36,ma-nma,1,2,371.6
ma-nma.11.rtf,P01,ma-nma,1,2,634.3
ma-nma.11.rtf,P03,ma-nma,1,2,234.8
ma-nma.10.rtf,P34,ma-nma,1,2,0
ma-nma.11.rtf,P04,ma-nma,1,2,171
ma-nma.11.rtf,P05,ma-nma,1,2,190.7
ma-nma.11.rtf,P06,ma-nma,1,2,478.1
ma-nma.11.rtf,P07,ma-nma,1,2,371.6
ma-nma.11.rtf,P02,ma-nma,1,2,0
ma-nma.11.rtf,P21,ma-nma,1,2,53.8
ma-nma.11.rtf,P08,ma-nma,1,2,635.8
ma-nma.11.rtf,P09,ma-nma,1,2,430.4
ma-nma.11.rtf,P19,ma-nma,1,2,127.3
ma-nma.11.rtf,P23,ma-nma,1,2,432.9
ma-nma.11.rtf,P27,ma-nma,1,2,171.1
ma-nma.11.rtf,P29,ma-nma,1,2,308.1
ma-nma.11.rtf,P31,ma-nma,1,2,63.7
ma-nma.11.rtf,P12,ma-nma,1,2,0
ma-nma.12.rtf,P02,ma-nma,1,2,0
ma-nma.11.rtf,P33,ma-nma,1,2,410.8
ma-nma.11.rtf,P35,ma-nma,1,2,161.4
ma-nma.11.rtf,P37,ma-nma,1,2,234.7
ma-nma.12.rtf,P13,ma-nma,1,2,0
ma-nma.11.rtf,P10,ma-nma,1,2,268.8
ma-nma.12.rtf,P36,ma-nma,1,2,68.4
ma-nma.11.rtf,P11,ma-nma,1,2,674.8
ma-nma.11.rtf,P13,ma-nma,1,2,347.3
ma-nma.11.rtf,P15,ma-nma,1,2,645.5
nma-ma.01.rtf,P03,nma-ma,1,1,0
nma-ma.01.rtf,P31,nma-ma,1,1,0
nma-ma.01.rtf,P17,nma-ma,1,1,0
ma-nma.11.rtf,P16,ma-nma,1,2,161.3
ma-nma.11.rtf,P17,ma-nma,1,2,171.2
ma-nma.11.rtf,P18,ma-nma,1,2,254.3
ma-nma.11.rtf,P20,ma-nma,1,2,298.3
ma-nma.11.rtf,P22,ma-nma,1,2,402.7
nma-ma.01.rtf,P36,nma-ma,1,1,0
nma-ma.02.rtf,P03,nma-ma,1,1,0
ma-nma.11.rtf,P24,ma-nma,1,2,246.6
ma-nma.11.rtf,P26,ma-nma,1,2,342.3
ma-nma.11.rtf,P28,ma-nma,1,2,332.5
ma-nma.11.rtf,P30,ma-nma,1,2,181
ma-nma.11.rtf,P32,ma-nma,1,2,342.3
nma-ma.02.rtf,P05,nma-ma,1,1,69.7
ma-nma.11.rtf,P34,ma-nma,1,2,117.3
ma-nma.11.rtf,P36,ma-nma,1,2,156.5
ma-nma.12.rtf,P01,ma-nma,1,2,931.6
ma-nma.12.rtf,P03,ma-nma,1,2,215.3
ma-nma.12.rtf,P04,ma-nma,1,2,816.7
ma-nma.12.rtf,P05,ma-nma,1,2,948.6
ma-nma.12.rtf,P06,ma-nma,1,2,337.4
ma-nma.12.rtf,P07,ma-nma,1,2,846
ma-nma.12.rtf,P08,ma-nma,1,2,410.8
nma-ma.02.rtf,P10,nma-ma,1,1,0
ma-nma.12.rtf,P09,ma-nma,1,2,308.4
nma-ma.02.rtf,P13,nma-ma,1,1,0
nma-ma.02.rtf,P16,nma-ma,1,1,0
ma-nma.12.rtf,P19,ma-nma,1,2,288.5
ma-nma.12.rtf,P21,ma-nma,1,2,205.4
ma-nma.12.rtf,P23,ma-nma,1,2,407.7
ma-nma.12.rtf,P27,ma-nma,1,2,562.4
ma-nma.12.rtf,P29,ma-nma,1,2,738.4
ma-nma.12.rtf,P31,ma-nma,1,2,215.2
ma-nma.12.rtf,P33,ma-nma,1,2,342.2
ma-nma.12.rtf,P35,ma-nma,1,2,332.5
ma-nma.12.rtf,P10,ma-nma,1,2,508.5
ma-nma.12.rtf,P11,ma-nma,1,2,1027.7
ma-nma.12.rtf,P12,ma-nma,1,2,523.3
nma-ma.03.rtf,P03,nma-ma,1,1,0
ma-nma.12.rtf,P14,ma-nma,1,2,679.7
ma-nma.12.rtf,P15,ma-nma,1,2,992.7
ma-nma.12.rtf,P16,ma-nma,1,2,493.9
nma-ma.03.rtf,P09,nma-ma,1,1,78.3
ma-nma.12.rtf,P17,ma-nma,1,2,347.2
nma-ma.03.rtf,P12,nma-ma,1,1,0
nma-ma.03.rtf,P34,nma-ma,1,1,0
ma-nma.12.rtf,P18,ma-nma,1,2,596.7
ma-nma.12.rtf,P20,ma-nma,1,2,1135.7
ma-nma.12.rtf,P22,ma-nma,1,2,251.6
nma-ma.04.rtf,P02,nma-ma,1,1,73.4
ma-nma.12.rtf,P24,ma-nma,1,2,709.8
ma-nma.12.rtf,P26,ma-nma,1,2,518.6
ma-nma.12.rtf,P28,ma-nma,1,2,230
ma-nma.12.rtf,P30,ma-nma,1,2,405.9
ma-nma.12.rtf,P32,ma-nma,1,2,572.2
nma-ma.04.rtf,P03,nma-ma,1,1,73.7
ma-nma.12.rtf,P34,ma-nma,1,2,376.5
nma-ma.04.rtf,P28,nma-ma,1,1,0
nma-ma.01.rtf,P01,nma-ma,1,1,332.2
nma-ma.01.rtf,P02,nma-ma,1,1,361.9
nma-ma.01.rtf,P04,nma-ma,1,1,283.6
nma-ma.01.rtf,P05,nma-ma,1,1,601.7
nma-ma.01.rtf,P06,nma-ma,1,1,865.5
nma-ma.05.rtf,P03,nma-ma,1,1,0
nma-ma.06.rtf,P03,nma-ma,1,1,0
nma-ma.01.rtf,P07,nma-ma,1,1,307.9
nma-ma.01.rtf,P08,nma-ma,1,1,357
nma-ma.01.rtf,P09,nma-ma,1,1,772.8
nma-ma.06.rtf,P04,nma-ma,1,1,0
nma-ma.01.rtf,P19,nma-ma,1,1,293.4
nma-ma.01.rtf,P21,nma-ma,1,1,240.3
nma-ma.01.rtf,P23,nma-ma,1,1,196.2
nma-ma.01.rtf,P25,nma-ma,1,1,468.7
nma-ma.01.rtf,P27,nma-ma,1,1,811.8
nma-ma.06.rtf,P31,nma-ma,1,1,0
nma-ma.01.rtf,P29,nma-ma,1,1,586.8
nma-ma.01.rtf,P33,nma-ma,1,1,846
nma-ma.01.rtf,P35,nma-ma,1,1,508.5
nma-ma.01.rtf,P37,nma-ma,1,1,537.4
nma-ma.01.rtf,P10,nma-ma,1,1,337.4
nma-ma.01.rtf,P11,nma-ma,1,1,376.5
nma-ma.01.rtf,P12,nma-ma,1,1,376.5
nma-ma.01.rtf,P13,nma-ma,1,1,136.9
nma-ma.01.rtf,P14,nma-ma,1,1,1046.1
nma-ma.01.rtf,P15,nma-ma,1,1,1139.8
nma-ma.01.rtf,P16,nma-ma,1,1,215
nma-ma.01.rtf,P18,nma-ma,1,1,386.4
nma-ma.01.rtf,P20,nma-ma,1,1,368.1
nma-ma.01.rtf,P22,nma-ma,1,1,357.4
nma-ma.01.rtf,P24,nma-ma,1,1,407.7
nma-ma.01.rtf,P26,nma-ma,1,1,368.1
nma-ma.01.rtf,P28,nma-ma,1,1,92.9
nma-ma.01.rtf,P30,nma-ma,1,1,728.6
nma-ma.01.rtf,P32,nma-ma,1,1,303.2
nma-ma.01.rtf,P34,nma-ma,1,1,176
nma-ma.02.rtf,P01,nma-ma,1,1,524.5
nma-ma.02.rtf,P02,nma-ma,1,1,107.5
nma-ma.02.rtf,P04,nma-ma,1,1,283.5
nma-ma.02.rtf,P06,nma-ma,1,1,855.5
nma-ma.02.rtf,P07,nma-ma,1,1,191.3
nma-ma.06.rtf,P36,nma-ma,1,1,0
nma-ma.02.rtf,P08,nma-ma,1,1,166.2
nma-ma.02.rtf,P09,nma-ma,1,1,175.9
nma-ma.02.rtf,P19,nma-ma,1,1,107.6
nma-ma.02.rtf,P21,nma-ma,1,1,180.9
nma-ma.02.rtf,P23,nma-ma,1,1,1087.1
nma-ma.02.rtf,P25,nma-ma,1,1,1178
nma-ma.02.rtf,P27,nma-ma,1,1,498.8
nma-ma.02.rtf,P29,nma-ma,1,1,180.9
nma-ma.02.rtf,P31,nma-ma,1,1,210.3
nma-ma.02.rtf,P33,nma-ma,1,1,219.9
nma-ma.07.rtf,P10,nma-ma,1,1,73.3
nma-ma.02.rtf,P35,nma-ma,1,1,420.5
nma-ma.02.rtf,P37,nma-ma,1,1,680.2
nma-ma.02.rtf,P11,nma-ma,1,1,454.8
nma-ma.02.rtf,P12,nma-ma,1,1,303.2
nma-ma.02.rtf,P15,nma-ma,1,1,259.3
nma-ma.02.rtf,P17,nma-ma,1,1,265.4
nma-ma.07.rtf,P20,nma-ma,1,1,0
nma-ma.02.rtf,P18,nma-ma,1,1,400.9
nma-ma.02.rtf,P20,nma-ma,1,1,146.7
nma-ma.02.rtf,P22,nma-ma,1,1,206.4
nma-ma.08.rtf,P34,nma-ma,1,1,0
nma-ma.02.rtf,P24,nma-ma,1,1,281.9
nma-ma.02.rtf,P26,nma-ma,1,1,453
nma-ma.02.rtf,P28,nma-ma,1,1,983.1
nma-ma.02.rtf,P30,nma-ma,1,1,503.7
nma-ma.02.rtf,P32,nma-ma,1,1,454.9
nma-ma.02.rtf,P34,nma-ma,1,1,225
nma-ma.02.rtf,P36,nma-ma,1,1,234.7
nma-ma.03.rtf,P01,nma-ma,1,1,598.6
nma-ma.03.rtf,P02,nma-ma,1,1,132
nma-ma.03.rtf,P04,nma-ma,1,1,381.4
nma-ma.03.rtf,P05,nma-ma,1,1,176.2
nma-ma.03.rtf,P06,nma-ma,1,1,533.6
nma-ma.03.rtf,P07,nma-ma,1,1,332.6
nma-ma.03.rtf,P08,nma-ma,1,1,356.9
nma-ma.03.rtf,P19,nma-ma,1,1,743.8
nma-ma.03.rtf,P21,nma-ma,1,1,215
nma-ma.03.rtf,P23,nma-ma,1,1,166.2
nma-ma.03.rtf,P25,nma-ma,1,1,216.5
nma-ma.03.rtf,P27,nma-ma,1,1,738.6
nma-ma.03.rtf,P29,nma-ma,1,1,337.4
nma-ma.03.rtf,P31,nma-ma,1,1,185.7
nma-ma.03.rtf,P33,nma-ma,1,1,308
nma-ma.03.rtf,P35,nma-ma,1,1,293.4
nma-ma.03.rtf,P37,nma-ma,1,1,449.9
nma-ma.03.rtf,P10,nma-ma,1,1,215.1
nma-ma.03.rtf,P11,nma-ma,1,1,317.9
nma-ma.03.rtf,P13,nma-ma,1,1,376.5
nma-ma.03.rtf,P14,nma-ma,1,1,787.2
nma-ma.03.rtf,P15,nma-ma,1,1,547.8
nma-ma.03.rtf,P16,nma-ma,1,1,186.4
nma-ma.09.rtf,P05,nma-ma,1,1,78.4
nma-ma.03.rtf,P17,nma-ma,1,1,803.2
nma-ma.03.rtf,P18,nma-ma,1,1,171.2
nma-ma.03.rtf,P20,nma-ma,1,1,185.9
nma-ma.03.rtf,P22,nma-ma,1,1,246.7
nma-ma.03.rtf,P24,nma-ma,1,1,236.6
nma-ma.03.rtf,P26,nma-ma,1,1,412.9
nma-ma.03.rtf,P28,nma-ma,1,1,762.9
nma-ma.03.rtf,P30,nma-ma,1,1,224.9
nma-ma.03.rtf,P32,nma-ma,1,1,851
nma-ma.03.rtf,P36,nma-ma,1,1,88
nma-ma.04.rtf,P01,nma-ma,1,1,392.8
nma-ma.09.rtf,P21,nma-ma,1,1,0
nma-ma.04.rtf,P04,nma-ma,1,1,356.8
nma-ma.09.rtf,P31,nma-ma,1,1,0
nma-ma.04.rtf,P05,nma-ma,1,1,258.9
nma-ma.04.rtf,P06,nma-ma,1,1,298.3
nma-ma.04.rtf,P07,nma-ma,1,1,547.7
nma-ma.10.rtf,P23,nma-ma,1,1,0
nma-ma.04.rtf,P08,nma-ma,1,1,758.1
nma-ma.04.rtf,P09,nma-ma,1,1,459.6
nma-ma.04.rtf,P19,nma-ma,1,1,249.4
nma-ma.04.rtf,P21,nma-ma,1,1,782.2
nma-ma.04.rtf,P23,nma-ma,1,1,407.8
nma-ma.04.rtf,P27,nma-ma,1,1,850.9
nma-ma.04.rtf,P29,nma-ma,1,1,381.4
nma-ma.04.rtf,P31,nma-ma,1,1,303.3
nma-ma.04.rtf,P33,nma-ma,1,1,562.5
nma-ma.04.rtf,P35,nma-ma,1,1,122.4
nma-ma.04.rtf,P37,nma-ma,1,1,342.3
nma-ma.04.rtf,P10,nma-ma,1,1,391.3
nma-ma.04.rtf,P11,nma-ma,1,1,322.7
nma-ma.11.rtf,P04,nma-ma,1,1,53.8
nma-ma.04.rtf,P12,nma-ma,1,1,597
nma-ma.11.rtf,P21,nma-ma,1,1,0
nma-ma.04.rtf,P13,nma-ma,1,1,293.4
nma-ma.04.rtf,P14,nma-ma,1,1,386.6
nma-ma.04.rtf,P15,nma-ma,1,1,616.4
nma-ma.04.rtf,P16,nma-ma,1,1,738.4
nma-ma.04.rtf,P17,nma-ma,1,1,342.3
nma-ma.11.rtf,P32,nma-ma,1,1,63.6
nma-ma.04.rtf,P18,nma-ma,1,1,303
nma-ma.04.rtf,P20,nma-ma,1,1,327.7
nma-ma.04.rtf,P22,nma-ma,1,1,291.7
nma-ma.04.rtf,P24,nma-ma,1,1,624.2
nma-ma.04.rtf,P26,nma-ma,1,1,382.7
nma-ma.04.rtf,P30,nma-ma,1,1,293.5
nma-ma.04.rtf,P32,nma-ma,1,1,366.9
nma-ma.04.rtf,P34,nma-ma,1,1,166.2
nma-ma.04.rtf,P36,nma-ma,1,1,235
nma-ma.05.rtf,P01,nma-ma,1,1,488.1
nma-ma.05.rtf,P02,nma-ma,1,1,503.7
nma-ma.05.rtf,P04,nma-ma,1,1,435.3
nma-ma.05.rtf,P05,nma-ma,1,1,561.4
nma-ma.05.rtf,P06,nma-ma,1,1,127.1
nma-ma.05.rtf,P07,nma-ma,1,1,97.8
nma-ma.05.rtf,P08,nma-ma,1,1,381.3
nma-ma.05.rtf,P09,nma-ma,1,1,132.1
nma-ma.05.rtf,P19,nma-ma,1,1,508.4
nma-ma.05.rtf,P21,nma-ma,1,1,1041.3
nma-ma.05.rtf,P23,nma-ma,1,1,472.8
nma-ma.05.rtf,P25,nma-ma,1,1,513.7
nma-ma.05.rtf,P27,nma-ma,1,1,396
nma-ma.05.rtf,P29,nma-ma,1,1,519.5
nma-ma.05.rtf,P31,nma-ma,1,1,279
nma-ma.05.rtf,P33,nma-ma,1,1,753
nma-ma.05.rtf,P35,nma-ma,1,1,220.1
nma-ma.05.rtf,P37,nma-ma,1,1,264
nma-ma.05.rtf,P10,nma-ma,1,1,195.5
nma-ma.05.rtf,P11,nma-ma,1,1,841.3
nma-ma.05.rtf,P12,nma-ma,1,1,112.5
nma-ma.05.rtf,P13,nma-ma,1,1,342.4
nma-ma.05.rtf,P14,nma-ma,1,1,909.5
nma-ma.05.rtf,P15,nma-ma,1,1,346.6
nma-ma.05.rtf,P16,nma-ma,1,1,655.4
nma-ma.05.rtf,P17,nma-ma,1,1,723.8
nma-ma.05.rtf,P18,nma-ma,1,1,386.3
nma-ma.05.rtf,P20,nma-ma,1,1,244.5
nma-ma.05.rtf,P22,nma-ma,1,1,941.4
nma-ma.05.rtf,P24,nma-ma,1,1,589.1
nma-ma.05.rtf,P26,nma-ma,1,1,845.7
nma-ma.05.rtf,P28,nma-ma,1,1,381.1
nma-ma.05.rtf,P30,nma-ma,1,1,469.6
nma-ma.05.rtf,P32,nma-ma,1,1,611.2
nma-ma.05.rtf,P34,nma-ma,1,1,528.2
nma-ma.05.rtf,P36,nma-ma,1,1,347.3
nma-ma.06.rtf,P01,nma-ma,1,1,498.5
nma-ma.06.rtf,P02,nma-ma,1,1,117.4
nma-ma.06.rtf,P05,nma-ma,1,1,122.2
nma-ma.06.rtf,P06,nma-ma,1,1,787.5
nma-ma.06.rtf,P07,nma-ma,1,1,107.6
nma-ma.06.rtf,P08,nma-ma,1,1,254.2
nma-ma.06.rtf,P09,nma-ma,1,1,107.6
nma-ma.06.rtf,P19,nma-ma,1,1,289.3
nma-ma.06.rtf,P21,nma-ma,1,1,1198.9
nma-ma.06.rtf,P23,nma-ma,1,1,161.3
nma-ma.06.rtf,P25,nma-ma,1,1,397.7
nma-ma.06.rtf,P27,nma-ma,1,1,376.5
nma-ma.06.rtf,P29,nma-ma,1,1,200.5
nma-ma.12.rtf,P03,nma-ma,1,1,0
nma-ma.06.rtf,P33,nma-ma,1,1,767.6
nma-ma.06.rtf,P35,nma-ma,1,1,244.6
nma-ma.06.rtf,P37,nma-ma,1,1,391.3
nma-ma.06.rtf,P10,nma-ma,1,1,174.8
nma-ma.06.rtf,P11,nma-ma,1,1,503.5
nma-ma.06.rtf,P12,nma-ma,1,1,190.9
nma-ma.06.rtf,P13,nma-ma,1,1,288.4
nma-ma.06.rtf,P14,nma-ma,1,1,689.6
nma-ma.06.rtf,P15,nma-ma,1,1,322.7
nma-ma.06.rtf,P16,nma-ma,1,1,195.5
nma-ma.06.rtf,P17,nma-ma,1,1,127.2
nma-ma.06.rtf,P18,nma-ma,1,1,269.2
nma-ma.06.rtf,P20,nma-ma,1,1,362.1
nma-ma.06.rtf,P22,nma-ma,1,1,512.5
nma-ma.06.rtf,P24,nma-ma,1,1,397.7
nma-ma.06.rtf,P26,nma-ma,1,1,352.4
nma-ma.06.rtf,P28,nma-ma,1,1,278.7
nma-ma.06.rtf,P30,nma-ma,1,1,445
nma-ma.06.rtf,P32,nma-ma,1,1,493.9
nma-ma.06.rtf,P34,nma-ma,1,1,132.1
nma-ma.07.rtf,P01,nma-ma,1,1,604.6
nma-ma.07.rtf,P02,nma-ma,1,1,391
nma-ma.07.rtf,P03,nma-ma,1,1,254.3
nma-ma.07.rtf,P04,nma-ma,1,1,166.2
nma-ma.07.rtf,P05,nma-ma,1,1,185.9
nma-ma.07.rtf,P06,nma-ma,1,1,940.3
nma-ma.07.rtf,P07,nma-ma,1,1,322.7
nma-ma.07.rtf,P08,nma-ma,1,1,542.2
nma-ma.12.rtf,P27,nma-ma,1,1,0
nma-ma.07.rtf,P09,nma-ma,1,1,542.8
nma-ma.07.rtf,P19,nma-ma,1,1,371.7
nma-ma.07.rtf,P21,nma-ma,1,1,283.7
nma-ma.07.rtf,P23,nma-ma,1,1,312.1
nma-ma.07.rtf,P25,nma-ma,1,1,951.3
nma-ma.07.rtf,P27,nma-ma,1,1,444.9
nma-ma.07.rtf,P29,nma-ma,1,1,205.4
nma-ma.07.rtf,P31,nma-ma,1,1,175.1
nma-ma.07.rtf,P33,nma-ma,1,1,347.2
nma-ma.12.rtf,P37,nma-ma,1,1,0
nma-ma.07.rtf,P35,nma-ma,1,1,337.4
nma-ma.07.rtf,P37,nma-ma,1,1,440
nma-ma.07.rtf,P11,nma-ma,1,1,459.7
nma-ma.07.rtf,P12,nma-ma,1,1,215.2
nma-ma.07.rtf,P13,nma-ma,1,1,141.8
nma-ma.07.rtf,P15,nma-ma,1,1,288.4
nma-ma.07.rtf,P16,nma-ma,1,1,176.1
nma-ma.07.rtf,P17,nma-ma,1,1,190.7
nma-ma.07.rtf,P18,nma-ma,1,1,166.2
nma-ma.07.rtf,P22,nma-ma,1,1,236.6
nma-ma.07.rtf,P24,nma-ma,1,1,603.5
nma-ma.07.rtf,P26,nma-ma,1,1,579.2
nma-ma.07.rtf,P28,nma-ma,1,1,298.3
nma-nma.01.rtf,P04,nma-nma,2,2,0
nma-ma.07.rtf,P30,nma-ma,1,1,269
nma-ma.07.rtf,P32,nma-ma,1,1,801.9
nma-ma.07.rtf,P34,nma-ma,1,1,268.9
nma-ma.07.rtf,P36,nma-ma,1,1,151.7
nma-ma.08.rtf,P01,nma-ma,1,1,810.7
nma-ma.08.rtf,P02,nma-ma,1,1,117.4
nma-nma.01.rtf,P05,nma-nma,2,2,0
nma-ma.08.rtf,P03,nma-ma,1,1,439.9
nma-ma.08.rtf,P04,nma-ma,1,1,425.4
nma-ma.08.rtf,P05,nma-ma,1,1,621
nma-nma.01.rtf,P09,nma-nma,2,2,0
nma-ma.08.rtf,P06,nma-ma,1,1,670.1
nma-nma.01.rtf,P29,nma-nma,2,2,0
nma-ma.08.rtf,P07,nma-ma,1,1,968
nma-ma.08.rtf,P08,nma-ma,1,1,332.7
nma-ma.08.rtf,P09,nma-ma,1,1,171.2
nma-nma.01.rtf,P36,nma-nma,2,2,58.9
nma-ma.08.rtf,P19,nma-ma,1,1,836.4
nma-ma.08.rtf,P21,nma-ma,1,1,450
nma-ma.08.rtf,P23,nma-ma,1,1,409.5
nma-ma.08.rtf,P25,nma-ma,1,1,694.7
nma-ma.08.rtf,P27,nma-ma,1,1,1090.8
nma-ma.08.rtf,P29,nma-ma,1,1,861.3
nma-ma.08.rtf,P31,nma-ma,1,1,616
nma-ma.08.rtf,P33,nma-ma,1,1,1051.3
nma-ma.08.rtf,P35,nma-ma,1,1,161.4
nma-ma.08.rtf,P37,nma-ma,1,1,581.5
nma-ma.08.rtf,P10,nma-ma,1,1,102.7
nma-ma.08.rtf,P11,nma-ma,1,1,518.4
nma-ma.08.rtf,P12,nma-ma,1,1,136.9
nma-ma.08.rtf,P13,nma-ma,1,1,185.9
nma-ma.08.rtf,P15,nma-ma,1,1,1115
nma-ma.08.rtf,P16,nma-ma,1,1,440.4
nma-ma.08.rtf,P17,nma-ma,1,1,713.9
nma-ma.08.rtf,P18,nma-ma,1,1,308.1
nma-ma.08.rtf,P20,nma-ma,1,1,210.3
nma-ma.08.rtf,P22,nma-ma,1,1,206.4
nma-ma.08.rtf,P24,nma-ma,1,1,609.3
nma-ma.08.rtf,P26,nma-ma,1,1,503.2
nma-ma.08.rtf,P28,nma-ma,1,1,943.8
nma-ma.08.rtf,P30,nma-ma,1,1,508.5
nma-ma.08.rtf,P32,nma-ma,1,1,415.4
nma-ma.08.rtf,P36,nma-ma,1,1,190.7
nma-ma.09.rtf,P01,nma-ma,1,1,1168
nma-ma.09.rtf,P02,nma-ma,1,1,176
nma-ma.09.rtf,P03,nma-ma,1,1,215.1
nma-ma.09.rtf,P04,nma-ma,1,1,332.4
nma-ma.09.rtf,P06,nma-ma,1,1,523.3
nma-ma.09.rtf,P07,nma-ma,1,1,264.6
nma-ma.09.rtf,P08,nma-ma,1,1,381.3
nma-ma.09.rtf,P09,nma-ma,1,1,347.2
nma-ma.09.rtf,P19,nma-ma,1,1,498.8
nma-ma.09.rtf,P25,nma-ma,1,1,392.6
nma-ma.09.rtf,P27,nma-ma,1,1,420.4
nma-ma.09.rtf,P29,nma-ma,1,1,513.8
nma-nma.02.rtf,P03,nma-nma,2,2,53.8
nma-ma.09.rtf,P33,nma-ma,1,1,224.9
nma-ma.09.rtf,P35,nma-ma,1,1,205.3
nma-ma.09.rtf,P37,nma-ma,1,1,811.8
nma-ma.09.rtf,P10,nma-ma,1,1,1183.3
nma-ma.09.rtf,P11,nma-ma,1,1,469.5
nma-ma.09.rtf,P12,nma-ma,1,1,220.2
nma-ma.09.rtf,P13,nma-ma,1,1,415.7
nma-ma.09.rtf,P14,nma-ma,1,1,586.8
nma-ma.09.rtf,P15,nma-ma,1,1,537.4
nma-ma.09.rtf,P16,nma-ma,1,1,146.7
nma-ma.09.rtf,P17,nma-ma,1,1,338
nma-ma.09.rtf,P18,nma-ma,1,1,405.9
nma-ma.09.rtf,P20,nma-ma,1,1,141.8
nma-ma.09.rtf,P22,nma-ma,1,1,523.5
nma-ma.09.rtf,P24,nma-ma,1,1,991.4
nma-ma.09.rtf,P26,nma-ma,1,1,392.6
nma-ma.09.rtf,P28,nma-ma,1,1,88.1
nma-ma.09.rtf,P30,nma-ma,1,1,425.7
nma-ma.09.rtf,P32,nma-ma,1,1,420.6
nma-ma.09.rtf,P34,nma-ma,1,1,273.8
nma-ma.09.rtf,P36,nma-ma,1,1,361.8
nma-ma.10.rtf,P01,nma-ma,1,1,433.1
nma-ma.10.rtf,P02,nma-ma,1,1,400.9
nma-ma.10.rtf,P03,nma-ma,1,1,195.6
nma-ma.10.rtf,P04,nma-ma,1,1,195.7
nma-ma.10.rtf,P05,nma-ma,1,1,318.8
nma-ma.10.rtf,P06,nma-ma,1,1,665.2
nma-ma.10.rtf,P07,nma-ma,1,1,185.9
nma-ma.10.rtf,P08,nma-ma,1,1,1095.1
nma-ma.10.rtf,P09,nma-ma,1,1,493.8
nma-ma.10.rtf,P19,nma-ma,1,1,278.9
nma-ma.10.rtf,P21,nma-ma,1,1,430.4
nma-ma.10.rtf,P25,nma-ma,1,1,578.9
nma-nma.02.rtf,P04,nma-nma,2,2,0
nma-ma.10.rtf,P27,nma-ma,1,1,141.8
nma-ma.10.rtf,P29,nma-ma,1,1,332.1
nma-ma.10.rtf,P31,nma-ma,1,1,449.9
nma-ma.10.rtf,P33,nma-ma,1,1,201.5
nma-ma.10.rtf,P35,nma-ma,1,1,420.5
nma-ma.10.rtf,P37,nma-ma,1,1,552.6
nma-ma.10.rtf,P10,nma-ma,1,1,259.2
nma-ma.10.rtf,P11,nma-ma,1,1,704.2
nma-nma.02.rtf,P05,nma-nma,2,2,0
nma-ma.10.rtf,P12,nma-ma,1,1,167.5
nma-ma.10.rtf,P13,nma-ma,1,1,430.3
nma-ma.10.rtf,P14,nma-ma,1,1,992.8
nma-ma.10.rtf,P15,nma-ma,1,1,616.2
nma-ma.10.rtf,P16,nma-ma,1,1,313
nma-ma.10.rtf,P17,nma-ma,1,1,607.1
nma-ma.10.rtf,P18,nma-ma,1,1,386.7
nma-ma.10.rtf,P20,nma-ma,1,1,273.9
nma-ma.10.rtf,P22,nma-ma,1,1,750.1
nma-ma.10.rtf,P24,nma-ma,1,1,750.3
nma-ma.10.rtf,P26,nma-ma,1,1,603.6
nma-nma.02.rtf,P09,nma-nma,2,2,0
nma-nma.02.rtf,P21,nma-nma,2,2,0
nma-ma.10.rtf,P28,nma-ma,1,1,332.5
nma-ma.10.rtf,P30,nma-ma,1,1,748.2
nma-ma.10.rtf,P32,nma-ma,1,1,1075.9
nma-ma.10.rtf,P34,nma-ma,1,1,278.7
nma-ma.10.rtf,P36,nma-ma,1,1,714.1
nma-nma.02.rtf,P29,nma-nma,2,2,68.3
nma-nma.02.rtf,P31,nma-nma,2,2,0
nma-ma.11.rtf,P01,nma-ma,1,1,896.3
nma-ma.11.rtf,P02,nma-ma,1,1,117.9
nma-ma.11.rtf,P03,nma-ma,1,1,230.5
nma-ma.11.rtf,P05,nma-ma,1,1,224.9
nma-ma.11.rtf,P06,nma-ma,1,1,1070.8
nma-nma.02.rtf,P33,nma-nma,2,2,0
nma-ma.11.rtf,P07,nma-ma,1,1,156.4
nma-ma.11.rtf,P08,nma-ma,1,1,480
nma-ma.11.rtf,P09,nma-ma,1,1,136.9
nma-ma.11.rtf,P19,nma-ma,1,1,381.4
nma-ma.11.rtf,P23,nma-ma,1,1,800.4
nma-ma.11.rtf,P25,nma-ma,1,1,805.4
nma-ma.11.rtf,P27,nma-ma,1,1,141.9
nma-nma.02.rtf,P18,nma-nma,2,2,0
nma-ma.11.rtf,P29,nma-ma,1,1,459.9
nma-ma.11.rtf,P31,nma-ma,1,1,366.8
nma-ma.11.rtf,P33,nma-ma,1,1,366.8
nma-ma.11.rtf,P35,nma-ma,1,1,215.2
nma-ma.11.rtf,P37,nma-ma,1,1,469.4
nma-ma.11.rtf,P10,nma-ma,1,1,102.6
nma-ma.11.rtf,P11,nma-ma,1,1,464.6
nma-ma.11.rtf,P12,nma-ma,1,1,239.6
nma-ma.11.rtf,P13,nma-ma,1,1,288.3
nma-ma.11.rtf,P14,nma-ma,1,1,577.1
nma-ma.11.rtf,P15,nma-ma,1,1,249.5
nma-ma.11.rtf,P16,nma-ma,1,1,225.2
nma-ma.11.rtf,P17,nma-ma,1,1,97.8
nma-ma.11.rtf,P18,nma-ma,1,1,534.2
nma-nma.02.rtf,P34,nma-nma,2,2,0
nma-ma.11.rtf,P20,nma-ma,1,1,430.3
nma-ma.11.rtf,P22,nma-ma,1,1,241.7
nma-ma.11.rtf,P24,nma-ma,1,1,417.8
nma-ma.11.rtf,P26,nma-ma,1,1,352.4
nma-ma.11.rtf,P28,nma-ma,1,1,718.8
nma-ma.11.rtf,P30,nma-ma,1,1,273.8
nma-ma.11.rtf,P34,nma-ma,1,1,141.7
nma-ma.11.rtf,P36,nma-ma,1,1,171.2
nma-ma.12.rtf,P01,nma-ma,1,1,880.8
nma-ma.12.rtf,P02,nma-ma,1,1,298.3
nma-ma.12.rtf,P04,nma-ma,1,1,181.3
nma-ma.12.rtf,P05,nma-ma,1,1,449.5
nma-ma.12.rtf,P06,nma-ma,1,1,581.9
nma-ma.12.rtf,P07,nma-ma,1,1,709
nma-ma.12.rtf,P08,nma-ma,1,1,342.3
nma-ma.12.rtf,P09,nma-ma,1,1,83.1
nma-ma.12.rtf,P19,nma-ma,1,1,376.7
nma-ma.12.rtf,P21,nma-ma,1,1,528.3
nma-ma.12.rtf,P23,nma-ma,1,1,634.7
nma-ma.12.rtf,P25,nma-ma,1,1,755.1
nma-ma.12.rtf,P29,nma-ma,1,1,503.7
nma-nma.02.rtf,P36,nma-nma,2,2,0
nma-ma.12.rtf,P31,nma-ma,1,1,264.3
nma-ma.12.rtf,P33,nma-ma,1,1,440.2
nma-ma.12.rtf,P35,nma-ma,1,1,122.3
nma-ma.12.rtf,P10,nma-ma,1,1,474.2
nma-ma.12.rtf,P11,nma-ma,1,1,337.4
nma-ma.12.rtf,P12,nma-ma,1,1,229.9
nma-ma.12.rtf,P13,nma-ma,1,1,156.6
nma-ma.12.rtf,P14,nma-ma,1,1,860.9
nma-ma.12.rtf,P15,nma-ma,1,1,415.7
nma-nma.03.rtf,P09,nma-nma,2,2,73.3
nma-ma.12.rtf,P16,nma-ma,1,1,288.6
nma-ma.12.rtf,P17,nma-ma,1,1,205.4
nma-ma.12.rtf,P18,nma-ma,1,1,655.3
nma-nma.04.rtf,P03,nma-nma,2,2,0
nma-ma.12.rtf,P20,nma-ma,1,1,630.8
nma-ma.12.rtf,P22,nma-ma,1,1,604
nma-ma.12.rtf,P26,nma-ma,1,1,926.3
nma-nma.04.rtf,P06,nma-nma,2,2,0
nma-ma.12.rtf,P28,nma-ma,1,1,401
nma-ma.12.rtf,P30,nma-ma,1,1,435.2
nma-ma.12.rtf,P32,nma-ma,1,1,366.9
nma-ma.12.rtf,P34,nma-ma,1,1,464.6
nma-ma.12.rtf,P36,nma-ma,1,1,200.4
nma-nma.01.rtf,P01,nma-nma,2,2,750.4
nma-nma.01.rtf,P02,nma-nma,2,2,337.4
nma-nma.01.rtf,P03,nma-nma,2,2,195.6
nma-nma.01.rtf,P06,nma-nma,2,2,225
nma-nma.04.rtf,P31,nma-nma,2,2,0
nma-nma.01.rtf,P07,nma-nma,2,2,166.2
nma-nma.01.rtf,P08,nma-nma,2,2,181
nma-nma.01.rtf,P19,nma-nma,2,2,435.5
nma-nma.01.rtf,P21,nma-nma,2,2,127.2
nma-nma.01.rtf,P23,nma-nma,2,2,422.7
nma-nma.01.rtf,P25,nma-nma,2,2,341.3
nma-nma.04.rtf,P35,nma-nma,2,2,0
nma-nma.01.rtf,P27,nma-nma,2,2,489.1
nma-nma.01.rtf,P31,nma-nma,2,2,102.7
nma-nma.01.rtf,P33,nma-nma,2,2,97.8
nma-nma.01.rtf,P35,nma-nma,2,2,288.4
nma-nma.01.rtf,P37,nma-nma,2,2,210.3
nma-nma.01.rtf,P10,nma-nma,2,2,117.3
nma-nma.01.rtf,P11,nma-nma,2,2,386.3
nma-nma.04.rtf,P13,nma-nma,2,2,58.6
nma-nma.04.rtf,P34,nma-nma,2,2,0
nma-nma.05.rtf,P02,nma-nma,2,2,0
nma-nma.01.rtf,P12,nma-nma,2,2,352.1
nma-nma.01.rtf,P13,nma-nma,2,2,156.4
nma-nma.05.rtf,P03,nma-nma,2,2,0
nma-nma.01.rtf,P14,nma-nma,2,2,811.8
nma-nma.01.rtf,P15,nma-nma,2,2,244.6
nma-nma.01.rtf,P16,nma-nma,2,2,92.9
nma-nma.01.rtf,P17,nma-nma,2,2,142
nma-nma.01.rtf,P18,nma-nma,2,2,161.4
nma-nma.01.rtf,P20,nma-nma,2,2,210.3
nma-nma.01.rtf,P22,nma-nma,2,2,100.7
nma-nma.01.rtf,P24,nma-nma,2,2,191.5
nma-nma.01.rtf,P26,nma-nma,2,2,261.8
nma-nma.01.rtf,P28,nma-nma,2,2,401
nma-nma.01.rtf,P30,nma-nma,2,2,278.6
nma-nma.01.rtf,P32,nma-nma,2,2,401.1
nma-nma.01.rtf,P34,nma-nma,2,2,171.1
nma-nma.02.rtf,P01,nma-nma,2,2,468.5
nma-nma.02.rtf,P02,nma-nma,2,2,205.4
nma-nma.05.rtf,P04,nma-nma,2,2,0
nma-nma.02.rtf,P06,nma-nma,2,2,601.2
nma-nma.02.rtf,P07,nma-nma,2,2,420.7
nma-nma.05.rtf,P23,nma-nma,2,2,0
nma-nma.02.rtf,P08,nma-nma,2,2,127.2
nma-nma.02.rtf,P19,nma-nma,2,2,376.6
nma-nma.02.rtf,P23,nma-nma,2,2,352.3
nma-nma.02.rtf,P25,nma-nma,2,2,523.5
nma-nma.02.rtf,P27,nma-nma,2,2,141.8
nma-nma.02.rtf,P35,nma-nma,2,2,342.3
nma-nma.02.rtf,P37,nma-nma,2,2,210.4
nma-nma.02.rtf,P10,nma-nma,2,2,190.6
nma-nma.02.rtf,P11,nma-nma,2,2,919.6
nma-nma.02.rtf,P12,nma-nma,2,2,366.9
nma-nma.02.rtf,P13,nma-nma,2,2,225
nma-nma.05.rtf,P31,nma-nma,2,2,0
nma-nma.05.rtf,P12,nma-nma,2,2,0
nma-nma.05.rtf,P13,nma-nma,2,2,0
nma-nma.02.rtf,P15,nma-nma,2,2,362
nma-nma.02.rtf,P16,nma-nma,2,2,283.6
nma-nma.02.rtf,P17,nma-nma,2,2,259.1
nma-nma.02.rtf,P20,nma-nma,2,2,127.1
nma-nma.02.rtf,P22,nma-nma,2,2,115.8
nma-nma.02.rtf,P24,nma-nma,2,2,579
nma-nma.02.rtf,P26,nma-nma,2,2,191.4
nma-nma.05.rtf,P20,nma-nma,2,2,0
nma-nma.02.rtf,P28,nma-nma,2,2,474.4
nma-nma.02.rtf,P30,nma-nma,2,2,176
nma-nma.02.rtf,P32,nma-nma,2,2,190.7
nma-nma.03.rtf,P01,nma-nma,2,2,589
nma-nma.03.rtf,P02,nma-nma,2,2,386.3
nma-nma.03.rtf,P03,nma-nma,2,2,278.8
nma-nma.03.rtf,P04,nma-nma,2,2,498.9
nma-nma.03.rtf,P05,nma-nma,2,2,146.9
nma-nma.03.rtf,P06,nma-nma,2,2,743.3
nma-nma.03.rtf,P07,nma-nma,2,2,518.4
nma-nma.03.rtf,P08,nma-nma,2,2,396
nma-nma.05.rtf,P22,nma-nma,2,2,0
nma-nma.03.rtf,P19,nma-nma,2,2,714.5
nma-nma.03.rtf,P21,nma-nma,2,2,185.9
nma-nma.03.rtf,P23,nma-nma,2,2,347.3
nma-nma.03.rtf,P25,nma-nma,2,2,990.7
nma-nma.03.rtf,P27,nma-nma,2,2,361.6
nma-nma.03.rtf,P29,nma-nma,2,2,254.1
nma-nma.03.rtf,P31,nma-nma,2,2,317.8
nma-nma.03.rtf,P33,nma-nma,2,2,528.1
nma-nma.03.rtf,P35,nma-nma,2,2,151.4
nma-nma.03.rtf,P37,nma-nma,2,2,601.5
nma-nma.03.rtf,P10,nma-nma,2,2,259.2
nma-nma.05.rtf,P34,nma-nma,2,2,0
nma-nma.03.rtf,P11,nma-nma,2,2,514.3
nma-nma.03.rtf,P12,nma-nma,2,2,229.9
nma-nma.03.rtf,P13,nma-nma,2,2,195.6
nma-nma.06.rtf,P02,nma-nma,2,2,0
nma-nma.03.rtf,P15,nma-nma,2,2,269
nma-nma.03.rtf,P16,nma-nma,2,2,567.2
nma-nma.03.rtf,P17,nma-nma,2,2,299.1
nma-nma.03.rtf,P18,nma-nma,2,2,259.2
nma-nma.03.rtf,P20,nma-nma,2,2,216
nma-nma.03.rtf,P22,nma-nma,2,2,644.4
nma-nma.03.rtf,P24,nma-nma,2,2,473.1
nma-nma.03.rtf,P26,nma-nma,2,2,800.3
nma-nma.03.rtf,P28,nma-nma,2,2,811.7
nma-nma.03.rtf,P30,nma-nma,2,2,405.7
nma-nma.03.rtf,P32,nma-nma,2,2,352.1
nma-nma.03.rtf,P34,nma-nma,2,2,215.2
nma-nma.03.rtf,P36,nma-nma,2,2,224.9
nma-nma.06.rtf,P12,nma-nma,2,2,0
nma-nma.04.rtf,P01,nma-nma,2,2,518.5
nma-nma.04.rtf,P02,nma-nma,2,2,376.5
nma-nma.04.rtf,P04,nma-nma,2,2,332.2
nma-nma.04.rtf,P05,nma-nma,2,2,278.8
nma-nma.04.rtf,P07,nma-nma,2,2,361.9
nma-nma.04.rtf,P08,nma-nma,2,2,679.5
nma-nma.04.rtf,P09,nma-nma,2,2,171.1
nma-nma.04.rtf,P19,nma-nma,2,2,180.9
nma-nma.04.rtf,P21,nma-nma,2,2,841.1
nma-nma.04.rtf,P23,nma-nma,2,2,368.1
nma-nma.04.rtf,P25,nma-nma,2,2,427.9
nma-nma.04.rtf,P27,nma-nma,2,2,176
nma-nma.04.rtf,P29,nma-nma,2,2,361.9
nma-nma.04.rtf,P33,nma-nma,2,2,654.8
nma-nma.04.rtf,P37,nma-nma,2,2,322.7
nma-nma.04.rtf,P10,nma-nma,2,2,102.8
nma-nma.04.rtf,P11,nma-nma,2,2,259.3
nma-nma.06.rtf,P36,nma-nma,2,2,0
nma-nma.04.rtf,P12,nma-nma,2,2,230
nma-nma.04.rtf,P15,nma-nma,2,2,533.2
nma-nma.04.rtf,P16,nma-nma,2,2,562.4
nma-nma.04.rtf,P17,nma-nma,2,2,274.1
nma-nma.04.rtf,P18,nma-nma,2,2,224.8
nma-nma.04.rtf,P20,nma-nma,2,2,273.9
nma-nma.04.rtf,P22,nma-nma,2,2,418.6
nma-nma.04.rtf,P24,nma-nma,2,2,231.6
nma-nma.04.rtf,P26,nma-nma,2,2,543.7
nma-nma.04.rtf,P28,nma-nma,2,2,327.9
nma-nma.04.rtf,P30,nma-nma,2,2,200.5
nma-nma.04.rtf,P32,nma-nma,2,2,273.9
nma-nma.04.rtf,P36,nma-nma,2,2,180.5
nma-nma.05.rtf,P01,nma-nma,2,2,519.1
nma-nma.05.rtf,P05,nma-nma,2,2,185.8
nma-nma.07.rtf,P03,nma-nma,2,2,0
nma-nma.05.rtf,P06,nma-nma,2,2,440
nma-nma.05.rtf,P07,nma-nma,2,2,821.5
nma-nma.05.rtf,P08,nma-nma,2,2,249.3
nma-nma.07.rtf,P23,nma-nma,2,2,0
nma-nma.05.rtf,P09,nma-nma,2,2,117.5
nma-nma.05.rtf,P19,nma-nma,2,2,195.6
nma-nma.05.rtf,P21,nma-nma,2,2,484
nma-nma.05.rtf,P25,nma-nma,2,2,417.8
nma-nma.05.rtf,P27,nma-nma,2,2,484.1
nma-nma.05.rtf,P29,nma-nma,2,2,322
nma-nma.05.rtf,P33,nma-nma,2,2,474.6
nma-nma.05.rtf,P35,nma-nma,2,2,166.4
nma-nma.05.rtf,P37,nma-nma,2,2,401
nma-nma.05.rtf,P10,nma-nma,2,2,200.5
nma-nma.05.rtf,P11,nma-nma,2,2,503.8
nma-nma.05.rtf,P14,nma-nma,2,2,582
nma-nma.05.rtf,P15,nma-nma,2,2,185.6
nma-nma.05.rtf,P16,nma-nma,2,2,161.4
nma-nma.05.rtf,P17,nma-nma,2,2,225
nma-nma.05.rtf,P18,nma-nma,2,2,122.2
nma-nma.07.rtf,P11,nma-nma,2,2,0
nma-nma.05.rtf,P24,nma-nma,2,2,251.6
nma-nma.05.rtf,P26,nma-nma,2,2,372.4
nma-nma.05.rtf,P28,nma-nma,2,2,758.5
nma-nma.05.rtf,P30,nma-nma,2,2,220
nma-nma.05.rtf,P32,nma-nma,2,2,332.8
nma-nma.07.rtf,P17,nma-nma,2,2,0
nma-nma.05.rtf,P36,nma-nma,2,2,195.5
nma-nma.06.rtf,P01,nma-nma,2,2,785.6
nma-nma.06.rtf,P03,nma-nma,2,2,234.7
nma-nma.06.rtf,P04,nma-nma,2,2,269
nma-nma.06.rtf,P05,nma-nma,2,2,131.2
nma-nma.06.rtf,P06,nma-nma,2,2,332.3
nma-nma.08.rtf,P02,nma-nma,2,2,0
nma-nma.06.rtf,P07,nma-nma,2,2,274.5
nma-nma.06.rtf,P08,nma-nma,2,2,704.2
nma-nma.06.rtf,P09,nma-nma,2,2,157.8
nma-nma.06.rtf,P19,nma-nma,2,2,395.9
nma-nma.06.rtf,P21,nma-nma,2,2,205.6
nma-nma.06.rtf,P23,nma-nma,2,2,297
nma-nma.06.rtf,P25,nma-nma,2,2,679.3
nma-nma.06.rtf,P27,nma-nma,2,2,508.6
nma-nma.06.rtf,P29,nma-nma,2,2,229.8
nma-nma.06.rtf,P31,nma-nma,2,2,171.1
nma-nma.06.rtf,P33,nma-nma,2,2,319.1
nma-nma.06.rtf,P35,nma-nma,2,2,92.9
nma-nma.06.rtf,P37,nma-nma,2,2,493.9
nma-nma.06.rtf,P10,nma-nma,2,2,132.1
nma-nma.06.rtf,P11,nma-nma,2,2,518.3
nma-nma.06.rtf,P13,nma-nma,2,2,352.1
nma-nma.08.rtf,P23,nma-nma,2,2,0
nma-nma.06.rtf,P14,nma-nma,2,2,1016.8
nma-nma.06.rtf,P15,nma-nma,2,2,474.2
nma-nma.06.rtf,P16,nma-nma,2,2,387.8
nma-nma.06.rtf,P17,nma-nma,2,2,180.7
nma-nma.08.rtf,P13,nma-nma,2,2,0
nma-nma.06.rtf,P18,nma-nma,2,2,92.9
nma-nma.06.rtf,P20,nma-nma,2,2,367.2
nma-nma.06.rtf,P22,nma-nma,2,2,181.2
nma-nma.06.rtf,P24,nma-nma,2,2,241.6
nma-nma.06.rtf,P26,nma-nma,2,2,332.2
nma-nma.06.rtf,P28,nma-nma,2,2,161.3
nma-nma.06.rtf,P30,nma-nma,2,2,484.2
nma-nma.06.rtf,P32,nma-nma,2,2,171.1
nma-nma.06.rtf,P34,nma-nma,2,2,102.7
nma-nma.07.rtf,P01,nma-nma,2,2,428
nma-nma.07.rtf,P02,nma-nma,2,2,361.8
nma-nma.07.rtf,P04,nma-nma,2,2,303.4
nma-nma.07.rtf,P05,nma-nma,2,2,371.7
nma-nma.07.rtf,P06,nma-nma,2,2,938.9
nma-nma.08.rtf,P32,nma-nma,2,2,63.6
nma-nma.07.rtf,P07,nma-nma,2,2,601.2
nma-nma.07.rtf,P08,nma-nma,2,2,176
nma-nma.08.rtf,P36,nma-nma,2,2,0
nma-nma.07.rtf,P09,nma-nma,2,2,195.6
nma-nma.07.rtf,P19,nma-nma,2,2,107.6
nma-nma.07.rtf,P21,nma-nma,2,2,171.2
nma-nma.07.rtf,P25,nma-nma,2,2,589.8
nma-nma.07.rtf,P27,nma-nma,2,2,435.1
nma-nma.07.rtf,P29,nma-nma,2,2,352.1
nma-nma.07.rtf,P31,nma-nma,2,2,268.9
nma-nma.09.rtf,P03,nma-nma,2,2,0
nma-nma.07.rtf,P33,nma-nma,2,2,709
nma-nma.07.rtf,P35,nma-nma,2,2,181
nma-nma.07.rtf,P37,nma-nma,2,2,1007.6
nma-nma.09.rtf,P09,nma-nma,2,2,0
nma-nma.07.rtf,P10,nma-nma,2,2,381.4
nma-nma.09.rtf,P19,nma-nma,2,2,58.6
nma-nma.09.rtf,P17,nma-nma,2,2,0
nma-nma.07.rtf,P12,nma-nma,2,2,220.1
nma-nma.07.rtf,P13,nma-nma,2,2,206.5
nma-nma.07.rtf,P14,nma-nma,2,2,352.1
nma-nma.07.rtf,P15,nma-nma,2,2,234.7
nma-nma.07.rtf,P16,nma-nma,2,2,347.2
nma-nma.07.rtf,P18,nma-nma,2,2,185.8
nma-nma.07.rtf,P20,nma-nma,2,2,151.5
nma-nma.07.rtf,P22,nma-nma,2,2,261.8
nma-nma.07.rtf,P24,nma-nma,2,2,211.4
nma-nma.07.rtf,P26,nma-nma,2,2,115.8
nma-nma.07.rtf,P28,nma-nma,2,2,303.2
nma-nma.07.rtf,P30,nma-nma,2,2,332.5
nma-nma.07.rtf,P32,nma-nma,2,2,288.5
nma-nma.07.rtf,P34,nma-nma,2,2,317.8
nma-nma.07.rtf,P36,nma-nma,2,2,88
nma-nma.09.rtf,P32,nma-nma,2,2,0
nma-nma.08.rtf,P01,nma-nma,2,2,382.6
nma-nma.08.rtf,P03,nma-nma,2,2,132
nma-nma.08.rtf,P04,nma-nma,2,2,601.4
nma-nma.08.rtf,P05,nma-nma,2,2,410.8
nma-nma.08.rtf,P06,nma-nma,2,2,176
nma-nma.08.rtf,P07,nma-nma,2,2,513.4
nma-nma.08.rtf,P08,nma-nma,2,2,273.8
nma-nma.08.rtf,P09,nma-nma,2,2,312.8
nma-nma.08.rtf,P19,nma-nma,2,2,381.4
nma-nma.08.rtf,P21,nma-nma,2,2,474.4
nma-nma.08.rtf,P25,nma-nma,2,2,387.6
nma-nma.08.rtf,P27,nma-nma,2,2,288.4
nma-nma.08.rtf,P29,nma-nma,2,2,548.7
nma-nma.08.rtf,P31,nma-nma,2,2,709
nma-nma.08.rtf,P33,nma-nma,2,2,518.4
nma-nma.08.rtf,P35,nma-nma,2,2,586.6
nma-nma.09.rtf,P34,nma-nma,2,2,0
nma-nma.08.rtf,P37,nma-nma,2,2,366.7
nma-nma.09.rtf,P36,nma-nma,2,2,0
nma-nma.08.rtf,P10,nma-nma,2,2,704.1
nma-nma.08.rtf,P11,nma-nma,2,2,474.3
nma-nma.10.rtf,P04,nma-nma,2,2,0
nma-nma.08.rtf,P12,nma-nma,2,2,386.4
nma-nma.08.rtf,P14,nma-nma,2,2,787.5
nma-nma.08.rtf,P15,nma-nma,2,2,117.4
nma-nma.10.rtf,P05,nma-nma,2,2,0
nma-nma.08.rtf,P16,nma-nma,2,2,352
nma-nma.08.rtf,P17,nma-nma,2,2,278.8
nma-nma.08.rtf,P18,nma-nma,2,2,503.4
nma-nma.08.rtf,P20,nma-nma,2,2,200.5
nma-nma.08.rtf,P22,nma-nma,2,2,372.3
nma-nma.08.rtf,P24,nma-nma,2,2,871
nma-nma.08.rtf,P26,nma-nma,2,2,901
nma-nma.08.rtf,P28,nma-nma,2,2,254.2
nma-nma.08.rtf,P30,nma-nma,2,2,596.6
nma-nma.08.rtf,P34,nma-nma,2,2,259.1
nma-nma.10.rtf,P21,nma-nma,2,2,0
nma-nma.09.rtf,P01,nma-nma,2,2,891.3
nma-nma.09.rtf,P02,nma-nma,2,2,83.1
nma-nma.10.rtf,P32,nma-nma,2,2,0
nma-nma.09.rtf,P04,nma-nma,2,2,386.8
nma-nma.11.rtf,P02,nma-nma,2,2,0
nma-nma.09.rtf,P05,nma-nma,2,2,176
nma-nma.09.rtf,P06,nma-nma,2,2,220.1
nma-nma.09.rtf,P07,nma-nma,2,2,547.8
nma-nma.09.rtf,P08,nma-nma,2,2,278.7
nma-nma.09.rtf,P21,nma-nma,2,2,880.3
nma-nma.09.rtf,P23,nma-nma,2,2,598.9
nma-nma.09.rtf,P25,nma-nma,2,2,533.5
nma-nma.09.rtf,P27,nma-nma,2,2,88
nma-nma.09.rtf,P29,nma-nma,2,2,122.3
nma-nma.09.rtf,P31,nma-nma,2,2,92.9
nma-nma.09.rtf,P33,nma-nma,2,2,190.6
nma-nma.09.rtf,P35,nma-nma,2,2,357
nma-nma.09.rtf,P37,nma-nma,2,2,396.3
nma-nma.09.rtf,P10,nma-nma,2,2,185.8
nma-nma.09.rtf,P11,nma-nma,2,2,430.3
nma-nma.09.rtf,P12,nma-nma,2,2,347.2
nma-nma.09.rtf,P13,nma-nma,2,2,137.1
nma-nma.09.rtf,P15,nma-nma,2,2,528.2
nma-nma.09.rtf,P16,nma-nma,2,2,498.8
nma-nma.09.rtf,P18,nma-nma,2,2,185.8
nma-nma.09.rtf,P20,nma-nma,2,2,234.7
nma-nma.09.rtf,P22,nma-nma,2,2,216.3
nma-nma.09.rtf,P24,nma-nma,2,2,946.4
nma-nma.09.rtf,P26,nma-nma,2,2,684.9
nma-nma.09.rtf,P28,nma-nma,2,2,958.5
nma-nma.09.rtf,P30,nma-nma,2,2,479.2
nma-nma.10.rtf,P01,nma-nma,2,2,256.8
nma-nma.11.rtf,P03,nma-nma,2,2,0
nma-nma.10.rtf,P02,nma-nma,2,2,157.2
nma-nma.10.rtf,P03,nma-nma,2,2,259.1
nma-nma.10.rtf,P06,nma-nma,2,2,195.6
nma-nma.10.rtf,P07,nma-nma,2,2,210.3
nma-nma.10.rtf,P08,nma-nma,2,2,621.2
nma-nma.10.rtf,P09,nma-nma,2,2,137
nma-nma.10.rtf,P19,nma-nma,2,2,352.2
nma-nma.11.rtf,P23,nma-nma,2,2,0
nma-nma.10.rtf,P23,nma-nma,2,2,644.4
nma-nma.10.rtf,P25,nma-nma,2,2,357.7
nma-nma.10.rtf,P27,nma-nma,2,2,459.5
nma-nma.10.rtf,P29,nma-nma,2,2,317.8
nma-nma.10.rtf,P31,nma-nma,2,2,215.1
nma-nma.10.rtf,P33,nma-nma,2,2,166.3
nma-nma.10.rtf,P35,nma-nma,2,2,303.2
nma-nma.11.rtf,P29,nma-nma,2,2,0
nma-nma.11.rtf,P33,nma-nma,2,2,0
nma-nma.10.rtf,P37,nma-nma,2,2,161.5
nma-nma.10.rtf,P10,nma-nma,2,2,234.7
nma-nma.10.rtf,P11,nma-nma,2,2,308.1
nma-nma.10.rtf,P12,nma-nma,2,2,376.6
nma-nma.10.rtf,P13,nma-nma,2,2,166.2
nma-nma.10.rtf,P14,nma-nma,2,2,821.6
nma-nma.10.rtf,P15,nma-nma,2,2,185.8
nma-nma.10.rtf,P16,nma-nma,2,2,234.8
nma-nma.10.rtf,P17,nma-nma,2,2,141.8
nma-nma.10.rtf,P18,nma-nma,2,2,386.2
nma-nma.10.rtf,P20,nma-nma,2,2,518.4
nma-nma.10.rtf,P22,nma-nma,2,2,226.4
nma-nma.10.rtf,P24,nma-nma,2,2,387.6
nma-nma.10.rtf,P26,nma-nma,2,2,417.8
nma-nma.10.rtf,P28,nma-nma,2,2,327.7
nma-nma.11.rtf,P37,nma-nma,2,2,0
nma-nma.10.rtf,P30,nma-nma,2,2,415.5
nma-nma.10.rtf,P34,nma-nma,2,2,200.5
nma-nma.11.rtf,P13,nma-nma,2,2,0
nma-nma.10.rtf,P36,nma-nma,2,2,117.4
nma-nma.11.rtf,P01,nma-nma,2,2,483.3
nma-nma.11.rtf,P04,nma-nma,2,2,88
nma-nma.11.rtf,P05,nma-nma,2,2,162.2
nma-nma.11.rtf,P17,nma-nma,2,2,78.2
nma-nma.11.rtf,P06,nma-nma,2,2,410.8
nma-nma.11.rtf,P07,nma-nma,2,2,220.2
nma-nma.11.rtf,P08,nma-nma,2,2,533
nma-nma.11.rtf,P09,nma-nma,2,2,191.2
nma-nma.11.rtf,P19,nma-nma,2,2,264.1
nma-nma.11.rtf,P21,nma-nma,2,2,161.4
nma-nma.11.rtf,P25,nma-nma,2,2,191.3
nma-nma.11.rtf,P27,nma-nma,2,2,303.1
nma-nma.11.rtf,P31,nma-nma,2,2,185.8
nma-nma.11.rtf,P35,nma-nma,2,2,112.4
nma-nma.11.rtf,P10,nma-nma,2,2,176.1
nma-nma.11.rtf,P11,nma-nma,2,2,200.5
nma-nma.11.rtf,P12,nma-nma,2,2,308.1
nma-nma.11.rtf,P14,nma-nma,2,2,508.6
nma-nma.11.rtf,P15,nma-nma,2,2,362.1
nma-nma.11.rtf,P16,nma-nma,2,2,244.5
nma-nma.11.rtf,P18,nma-nma,2,2,341
nma-nma.11.rtf,P20,nma-nma,2,2,195.4
nma-nma.11.rtf,P22,nma-nma,2,2,885.9
nma-nma.12.rtf,P02,nma-nma,2,2,0
nma-nma.11.rtf,P24,nma-nma,2,2,362.5
nma-nma.11.rtf,P26,nma-nma,2,2,412.7
nma-nma.11.rtf,P28,nma-nma,2,2,180.3
nma-nma.11.rtf,P30,nma-nma,2,2,136.9
nma-nma.11.rtf,P32,nma-nma,2,2,342.2
nma-nma.11.rtf,P34,nma-nma,2,2,283.7
nma-nma.11.rtf,P36,nma-nma,2,2,303.1
nma-nma.12.rtf,P03,nma-nma,2,2,0
nma-nma.12.rtf,P01,nma-nma,2,2,206.4
nma-nma.12.rtf,P04,nma-nma,2,2,127.2
nma-nma.12.rtf,P05,nma-nma,2,2,195.6
nma-nma.12.rtf,P06,nma-nma,2,2,303
nma-nma.12.rtf,P07,nma-nma,2,2,381.4
nma-nma.12.rtf,P08,nma-nma,2,2,583.1
nma-nma.12.rtf,P09,nma-nma,2,2,264.1
nma-nma.12.rtf,P19,nma-nma,2,2,376.6
nma-nma.12.rtf,P21,nma-nma,2,2,513.5
nma-nma.12.rtf,P23,nma-nma,2,2,589
nma-nma.12.rtf,P25,nma-nma,2,2,1103
nma-nma.12.rtf,P27,nma-nma,2,2,533
nma-nma.12.rtf,P29,nma-nma,2,2,298.3
nma-nma.12.rtf,P31,nma-nma,2,2,210.2
nma-nma.12.rtf,P33,nma-nma,2,2,616.2
nma-nma.12.rtf,P35,nma-nma,2,2,352.2
nma-nma.12.rtf,P37,nma-nma,2,2,488.9
nma-nma.12.rtf,P17,nma-nma,2,2,0
nma-nma.12.rtf,P10,nma-nma,2,2,210.2
nma-nma.12.rtf,P11,nma-nma,2,2,547.6
nma-nma.12.rtf,P12,nma-nma,2,2,342.3
nma-nma.12.rtf,P13,nma-nma,2,2,181
nma-nma.12.rtf,P14,nma-nma,2,2,958.5
nma-nma.12.rtf,P15,nma-nma,2,2,386.3
nma-nma.12.rtf,P16,nma-nma,2,2,181
nma-nma.12.rtf,P18,nma-nma,2,2,132
nma-nma.12.rtf,P20,nma-nma,2,2,141.8
nma-nma.12.rtf,P22,nma-nma,2,2,297
nma-nma.12.rtf,P24,nma-nma,2,2,271.8
nma-nma.12.rtf,P26,nma-nma,2,2,266.8
nma-nma.12.rtf,P36,nma-nma,2,2,0
nma-nma.12.rtf,P28,nma-nma,2,2,293.2
nma-nma.12.rtf,P30,nma-nma,2,2,166.1
nma-nma.12.rtf,P32,nma-nma,2,2,381.4
nma-nma.12.rtf,P34,nma-nma,2,2,170.8
