subjects,items,condition,parallel,semantic,RT
P17,ma-ma.01.rtf,ma-ma,2,1,2973
P14,ma-ma.01.rtf,ma-ma,2,1,2806
P24,ma-ma.01.rtf,ma-ma,2,1,2333
P01,ma-ma.01.rtf,ma-ma,2,1,2260
P32,ma-ma.01.rtf,ma-ma,2,1,1980
P21,ma-ma.01.rtf,ma-ma,2,1,1950
P15,ma-ma.01.rtf,ma-ma,2,1,1858
P37,ma-ma.01.rtf,ma-ma,2,1,1770
P11,ma-ma.01.rtf,ma-ma,2,1,1696
P04,ma-ma.01.rtf,ma-ma,2,1,1511
P27,ma-ma.01.rtf,ma-ma,2,1,1501
P26,ma-ma.01.rtf,ma-ma,2,1,1429
P12,ma-ma.01.rtf,ma-ma,2,1,1296
P08,ma-ma.01.rtf,ma-ma,2,1,1286
P23,ma-ma.01.rtf,ma-ma,2,1,1173
P20,ma-ma.01.rtf,ma-ma,2,1,1105
P29,ma-ma.01.rtf,ma-ma,2,1,1091
P19,ma-ma.01.rtf,ma-ma,2,1,1051
P13,ma-ma.01.rtf,ma-ma,2,1,1022
P28,ma-ma.01.rtf,ma-ma,2,1,1016
P33,ma-ma.01.rtf,ma-ma,2,1,1008
P25,ma-ma.01.rtf,ma-ma,2,1,1002
P16,ma-ma.01.rtf,ma-ma,2,1,958
P31,ma-ma.01.rtf,ma-ma,2,1,919
P10,ma-ma.01.rtf,ma-ma,2,1,914
P18,ma-ma.01.rtf,ma-ma,2,1,895
P30,ma-ma.01.rtf,ma-ma,2,1,831
P02,ma-ma.01.rtf,ma-ma,2,1,801
P05,ma-ma.01.rtf,ma-ma,2,1,714
P07,ma-ma.01.rtf,ma-ma,2,1,704
P34,ma-ma.01.rtf,ma-ma,2,1,660
P09,ma-ma.01.rtf,ma-ma,2,1,601
P03,ma-ma.01.rtf,ma-ma,2,1,547
P22,ma-ma.01.rtf,ma-ma,2,1,503
P36,ma-ma.01.rtf,ma-ma,2,1,365
P35,ma-ma.01.rtf,ma-ma,2,1,307
P11,ma-ma.02.rtf,ma-ma,2,1,1980
P13,ma-ma.02.rtf,ma-ma,2,1,1921
P08,ma-ma.02.rtf,ma-ma,2,1,1897
P29,ma-ma.02.rtf,ma-ma,2,1,1848
P24,ma-ma.02.rtf,ma-ma,2,1,1786
P37,ma-ma.02.rtf,ma-ma,2,1,1697
P32,ma-ma.02.rtf,ma-ma,2,1,1672
P25,ma-ma.02.rtf,ma-ma,2,1,1626
P34,ma-ma.02.rtf,ma-ma,2,1,1619
P20,ma-ma.02.rtf,ma-ma,2,1,1614
P09,ma-ma.02.rtf,ma-ma,2,1,1604
P26,ma-ma.02.rtf,ma-ma,2,1,1601
P22,ma-ma.02.rtf,ma-ma,2,1,1535
P31,ma-ma.02.rtf,ma-ma,2,1,1486
P12,ma-ma.02.rtf,ma-ma,2,1,1472
P27,ma-ma.02.rtf,ma-ma,2,1,1457
P16,ma-ma.02.rtf,ma-ma,2,1,1369
P01,ma-ma.02.rtf,ma-ma,2,1,1218
P05,ma-ma.02.rtf,ma-ma,2,1,1183
P33,ma-ma.02.rtf,ma-ma,2,1,1183
P10,ma-ma.02.rtf,ma-ma,2,1,953
P36,ma-ma.02.rtf,ma-ma,2,1,914
P18,ma-ma.02.rtf,ma-ma,2,1,904
P14,ma-ma.02.rtf,ma-ma,2,1,880
P21,ma-ma.02.rtf,ma-ma,2,1,835
P07,ma-ma.02.rtf,ma-ma,2,1,753
P03,ma-ma.02.rtf,ma-ma,2,1,743
P30,ma-ma.02.rtf,ma-ma,2,1,616
P28,ma-ma.02.rtf,ma-ma,2,1,592
P04,ma-ma.02.rtf,ma-ma,2,1,464
P17,ma-ma.02.rtf,ma-ma,2,1,459
P35,ma-ma.02.rtf,ma-ma,2,1,401
P19,ma-ma.02.rtf,ma-ma,2,1,341
P23,ma-ma.02.rtf,ma-ma,2,1,337
P15,ma-ma.02.rtf,ma-ma,2,1,278
P32,ma-ma.03.rtf,ma-ma,2,1,2753
P11,ma-ma.03.rtf,ma-ma,2,1,2298
P02,ma-ma.03.rtf,ma-ma,2,1,2005
P12,ma-ma.03.rtf,ma-ma,2,1,1985
P24,ma-ma.03.rtf,ma-ma,2,1,1912
P08,ma-ma.03.rtf,ma-ma,2,1,1652
P16,ma-ma.03.rtf,ma-ma,2,1,1638
P15,ma-ma.03.rtf,ma-ma,2,1,1442
P33,ma-ma.03.rtf,ma-ma,2,1,1417
P27,ma-ma.03.rtf,ma-ma,2,1,1315
P31,ma-ma.03.rtf,ma-ma,2,1,1270
P07,ma-ma.03.rtf,ma-ma,2,1,1212
P37,ma-ma.03.rtf,ma-ma,2,1,1169
P06,ma-ma.03.rtf,ma-ma,2,1,1148
P29,ma-ma.03.rtf,ma-ma,2,1,1126
P26,ma-ma.03.rtf,ma-ma,2,1,1062
P05,ma-ma.03.rtf,ma-ma,2,1,1056
P22,ma-ma.03.rtf,ma-ma,2,1,1041
P10,ma-ma.03.rtf,ma-ma,2,1,968
P18,ma-ma.03.rtf,ma-ma,2,1,894
P09,ma-ma.03.rtf,ma-ma,2,1,885
P34,ma-ma.03.rtf,ma-ma,2,1,807
P14,ma-ma.03.rtf,ma-ma,2,1,762
P01,ma-ma.03.rtf,ma-ma,2,1,729
P35,ma-ma.03.rtf,ma-ma,2,1,572
P36,ma-ma.03.rtf,ma-ma,2,1,528
P25,ma-ma.03.rtf,ma-ma,2,1,478
P13,ma-ma.03.rtf,ma-ma,2,1,420
P17,ma-ma.03.rtf,ma-ma,2,1,395
P21,ma-ma.03.rtf,ma-ma,2,1,292
P03,ma-ma.03.rtf,ma-ma,2,1,288
P04,ma-ma.03.rtf,ma-ma,2,1,259
P28,ma-ma.03.rtf,ma-ma,2,1,210
P19,ma-ma.03.rtf,ma-ma,2,1,161
P20,ma-ma.03.rtf,ma-ma,2,1,136
P30,ma-ma.03.rtf,ma-ma,2,1,136
P23,ma-ma.03.rtf,ma-ma,2,1,65
P23,ma-ma.04.rtf,ma-ma,2,1,2780
P24,ma-ma.04.rtf,ma-ma,2,1,2069
P21,ma-ma.04.rtf,ma-ma,2,1,2067
P14,ma-ma.04.rtf,ma-ma,2,1,1902
P22,ma-ma.04.rtf,ma-ma,2,1,1887
P12,ma-ma.04.rtf,ma-ma,2,1,1643
P13,ma-ma.04.rtf,ma-ma,2,1,1477
P32,ma-ma.04.rtf,ma-ma,2,1,1427
P07,ma-ma.04.rtf,ma-ma,2,1,1388
P04,ma-ma.04.rtf,ma-ma,2,1,1359
P01,ma-ma.04.rtf,ma-ma,2,1,1348
P16,ma-ma.04.rtf,ma-ma,2,1,1316
P08,ma-ma.04.rtf,ma-ma,2,1,1296
P06,ma-ma.04.rtf,ma-ma,2,1,1236.1
P27,ma-ma.04.rtf,ma-ma,2,1,1227
P20,ma-ma.04.rtf,ma-ma,2,1,1202
P18,ma-ma.04.rtf,ma-ma,2,1,1139
P29,ma-ma.04.rtf,ma-ma,2,1,1090
P19,ma-ma.04.rtf,ma-ma,2,1,1070
P31,ma-ma.04.rtf,ma-ma,2,1,958
P17,ma-ma.04.rtf,ma-ma,2,1,943
P37,ma-ma.04.rtf,ma-ma,2,1,929
P25,ma-ma.04.rtf,ma-ma,2,1,901
P35,ma-ma.04.rtf,ma-ma,2,1,900
P28,ma-ma.04.rtf,ma-ma,2,1,860
P33,ma-ma.04.rtf,ma-ma,2,1,837
P10,ma-ma.04.rtf,ma-ma,2,1,836
P30,ma-ma.04.rtf,ma-ma,2,1,802
P26,ma-ma.04.rtf,ma-ma,2,1,729
P34,ma-ma.04.rtf,ma-ma,2,1,650
P11,ma-ma.04.rtf,ma-ma,2,1,595
P05,ma-ma.04.rtf,ma-ma,2,1,533
P09,ma-ma.04.rtf,ma-ma,2,1,518
P36,ma-ma.04.rtf,ma-ma,2,1,489
P15,ma-ma.04.rtf,ma-ma,2,1,415
P02,ma-ma.04.rtf,ma-ma,2,1,401
P16,ma-ma.05.rtf,ma-ma,2,1,2552
P25,ma-ma.05.rtf,ma-ma,2,1,2400
P21,ma-ma.05.rtf,ma-ma,2,1,2244
P18,ma-ma.05.rtf,ma-ma,2,1,2219
P34,ma-ma.05.rtf,ma-ma,2,1,2151
P17,ma-ma.05.rtf,ma-ma,2,1,1750
P20,ma-ma.05.rtf,ma-ma,2,1,1740
P36,ma-ma.05.rtf,ma-ma,2,1,1711
P15,ma-ma.05.rtf,ma-ma,2,1,1604
P11,ma-ma.05.rtf,ma-ma,2,1,1589
P35,ma-ma.05.rtf,ma-ma,2,1,1569
P37,ma-ma.05.rtf,ma-ma,2,1,1555
P04,ma-ma.05.rtf,ma-ma,2,1,1535
P10,ma-ma.05.rtf,ma-ma,2,1,1295
P01,ma-ma.05.rtf,ma-ma,2,1,1287
P31,ma-ma.05.rtf,ma-ma,2,1,1124
P09,ma-ma.05.rtf,ma-ma,2,1,1096
P22,ma-ma.05.rtf,ma-ma,2,1,1067
P32,ma-ma.05.rtf,ma-ma,2,1,1022
P29,ma-ma.05.rtf,ma-ma,2,1,914
P05,ma-ma.05.rtf,ma-ma,2,1,905
P07,ma-ma.05.rtf,ma-ma,2,1,870
P33,ma-ma.05.rtf,ma-ma,2,1,865
P26,ma-ma.05.rtf,ma-ma,2,1,856
P02,ma-ma.05.rtf,ma-ma,2,1,850
P13,ma-ma.05.rtf,ma-ma,2,1,845
P24,ma-ma.05.rtf,ma-ma,2,1,730
P08,ma-ma.05.rtf,ma-ma,2,1,655
P19,ma-ma.05.rtf,ma-ma,2,1,630
P27,ma-ma.05.rtf,ma-ma,2,1,606
P28,ma-ma.05.rtf,ma-ma,2,1,586
P12,ma-ma.05.rtf,ma-ma,2,1,410
P06,ma-ma.05.rtf,ma-ma,2,1,357
P14,ma-ma.05.rtf,ma-ma,2,1,313
P23,ma-ma.05.rtf,ma-ma,2,1,271
P03,ma-ma.05.rtf,ma-ma,2,1,264
P30,ma-ma.05.rtf,ma-ma,2,1,180
P25,ma-ma.06.rtf,ma-ma,2,1,2270
P08,ma-ma.06.rtf,ma-ma,2,1,1682
P37,ma-ma.06.rtf,ma-ma,2,1,1466
P04,ma-ma.06.rtf,ma-ma,2,1,1198
P06,ma-ma.06.rtf,ma-ma,2,1,1139
P33,ma-ma.06.rtf,ma-ma,2,1,1114
P31,ma-ma.06.rtf,ma-ma,2,1,1095
P35,ma-ma.06.rtf,ma-ma,2,1,1027
P19,ma-ma.06.rtf,ma-ma,2,1,870
P27,ma-ma.06.rtf,ma-ma,2,1,855
P09,ma-ma.06.rtf,ma-ma,2,1,841
P05,ma-ma.06.rtf,ma-ma,2,1,762
P07,ma-ma.06.rtf,ma-ma,2,1,718
P21,ma-ma.06.rtf,ma-ma,2,1,683
P01,ma-ma.06.rtf,ma-ma,2,1,644
P02,ma-ma.06.rtf,ma-ma,2,1,572
P29,ma-ma.06.rtf,ma-ma,2,1,259
P23,ma-ma.06.rtf,ma-ma,2,1,60
P14,ma-ma.07.rtf,ma-ma,2,1,2665
P26,ma-ma.07.rtf,ma-ma,2,1,2647
P32,ma-ma.07.rtf,ma-ma,2,1,2459
P16,ma-ma.07.rtf,ma-ma,2,1,2248
P06,ma-ma.07.rtf,ma-ma,2,1,2229
P11,ma-ma.07.rtf,ma-ma,2,1,2014
P02,ma-ma.07.rtf,ma-ma,2,1,1760
P12,ma-ma.07.rtf,ma-ma,2,1,1721
P04,ma-ma.07.rtf,ma-ma,2,1,1608
P23,ma-ma.07.rtf,ma-ma,2,1,1590
P34,ma-ma.07.rtf,ma-ma,2,1,1589
P18,ma-ma.07.rtf,ma-ma,2,1,1545
P36,ma-ma.07.rtf,ma-ma,2,1,1510
P15,ma-ma.07.rtf,ma-ma,2,1,1452
P24,ma-ma.07.rtf,ma-ma,2,1,1450
P08,ma-ma.07.rtf,ma-ma,2,1,1335
P22,ma-ma.07.rtf,ma-ma,2,1,1293
P21,ma-ma.07.rtf,ma-ma,2,1,1291
P20,ma-ma.07.rtf,ma-ma,2,1,1217
P37,ma-ma.07.rtf,ma-ma,2,1,919
P31,ma-ma.07.rtf,ma-ma,2,1,918
P29,ma-ma.07.rtf,ma-ma,2,1,900
P05,ma-ma.07.rtf,ma-ma,2,1,880
P10,ma-ma.07.rtf,ma-ma,2,1,870
P27,ma-ma.07.rtf,ma-ma,2,1,855
P17,ma-ma.07.rtf,ma-ma,2,1,777
P33,ma-ma.07.rtf,ma-ma,2,1,753
P28,ma-ma.07.rtf,ma-ma,2,1,709
P25,ma-ma.07.rtf,ma-ma,2,1,689
P13,ma-ma.07.rtf,ma-ma,2,1,674
P03,ma-ma.07.rtf,ma-ma,2,1,670
P01,ma-ma.07.rtf,ma-ma,2,1,664
P07,ma-ma.07.rtf,ma-ma,2,1,415
P35,ma-ma.07.rtf,ma-ma,2,1,410
P09,ma-ma.07.rtf,ma-ma,2,1,244
P30,ma-ma.07.rtf,ma-ma,2,1,210
P19,ma-ma.07.rtf,ma-ma,2,1,166
P32,ma-ma.08.rtf,ma-ma,2,1,2704
P06,ma-ma.08.rtf,ma-ma,2,1,2684
P01,ma-ma.08.rtf,ma-ma,2,1,2425
P25,ma-ma.08.rtf,ma-ma,2,1,2355
P22,ma-ma.08.rtf,ma-ma,2,1,2099
P23,ma-ma.08.rtf,ma-ma,2,1,2030
P27,ma-ma.08.rtf,ma-ma,2,1,1916
P16,ma-ma.08.rtf,ma-ma,2,1,1784
P08,ma-ma.08.rtf,ma-ma,2,1,1628
P33,ma-ma.08.rtf,ma-ma,2,1,1603
P10,ma-ma.08.rtf,ma-ma,2,1,1579
P24,ma-ma.08.rtf,ma-ma,2,1,1510
P15,ma-ma.08.rtf,ma-ma,2,1,1496
P31,ma-ma.08.rtf,ma-ma,2,1,1408
P34,ma-ma.08.rtf,ma-ma,2,1,1290
P11,ma-ma.08.rtf,ma-ma,2,1,1286
P28,ma-ma.08.rtf,ma-ma,2,1,1251
P07,ma-ma.08.rtf,ma-ma,2,1,1116
P17,ma-ma.08.rtf,ma-ma,2,1,1090
P04,ma-ma.08.rtf,ma-ma,2,1,1081
P21,ma-ma.08.rtf,ma-ma,2,1,1036
P29,ma-ma.08.rtf,ma-ma,2,1,997
P36,ma-ma.08.rtf,ma-ma,2,1,968
P19,ma-ma.08.rtf,ma-ma,2,1,934
P20,ma-ma.08.rtf,ma-ma,2,1,844
P05,ma-ma.08.rtf,ma-ma,2,1,807
P26,ma-ma.08.rtf,ma-ma,2,1,801
P12,ma-ma.08.rtf,ma-ma,2,1,792
P13,ma-ma.08.rtf,ma-ma,2,1,762
P35,ma-ma.08.rtf,ma-ma,2,1,753
P02,ma-ma.08.rtf,ma-ma,2,1,581
P09,ma-ma.08.rtf,ma-ma,2,1,552
P37,ma-ma.08.rtf,ma-ma,2,1,357
P14,ma-ma.08.rtf,ma-ma,2,1,180
P30,ma-ma.08.rtf,ma-ma,2,1,170
P18,ma-ma.08.rtf,ma-ma,2,1,161
P03,ma-ma.08.rtf,ma-ma,2,1,58
P23,ma-ma.09.rtf,ma-ma,2,1,1953
P27,ma-ma.09.rtf,ma-ma,2,1,1946
P14,ma-ma.09.rtf,ma-ma,2,1,1935
P06,ma-ma.09.rtf,ma-ma,2,1,1780
P12,ma-ma.09.rtf,ma-ma,2,1,1706
P18,ma-ma.09.rtf,ma-ma,2,1,1706
P08,ma-ma.09.rtf,ma-ma,2,1,1599
P29,ma-ma.09.rtf,ma-ma,2,1,1545
P07,ma-ma.09.rtf,ma-ma,2,1,1482
P20,ma-ma.09.rtf,ma-ma,2,1,1428
P22,ma-ma.09.rtf,ma-ma,2,1,1394
P32,ma-ma.09.rtf,ma-ma,2,1,1393
P25,ma-ma.09.rtf,ma-ma,2,1,1385
P04,ma-ma.09.rtf,ma-ma,2,1,1325
P11,ma-ma.09.rtf,ma-ma,2,1,1227
P13,ma-ma.09.rtf,ma-ma,2,1,1227
P30,ma-ma.09.rtf,ma-ma,2,1,1198
P01,ma-ma.09.rtf,ma-ma,2,1,1188
P21,ma-ma.09.rtf,ma-ma,2,1,1110
P19,ma-ma.09.rtf,ma-ma,2,1,1105
P35,ma-ma.09.rtf,ma-ma,2,1,1081
P34,ma-ma.09.rtf,ma-ma,2,1,1046
P02,ma-ma.09.rtf,ma-ma,2,1,968
P24,ma-ma.09.rtf,ma-ma,2,1,966
P37,ma-ma.09.rtf,ma-ma,2,1,934
P16,ma-ma.09.rtf,ma-ma,2,1,904
P31,ma-ma.09.rtf,ma-ma,2,1,885
P10,ma-ma.09.rtf,ma-ma,2,1,860
P17,ma-ma.09.rtf,ma-ma,2,1,840
P33,ma-ma.09.rtf,ma-ma,2,1,800
P05,ma-ma.09.rtf,ma-ma,2,1,645
P26,ma-ma.09.rtf,ma-ma,2,1,422
P36,ma-ma.09.rtf,ma-ma,2,1,420
P15,ma-ma.09.rtf,ma-ma,2,1,151
P09,ma-ma.09.rtf,ma-ma,2,1,146
P28,ma-ma.09.rtf,ma-ma,2,1,141
P03,ma-ma.09.rtf,ma-ma,2,1,68
P25,ma-ma.10.rtf,ma-ma,2,1,2582
P01,ma-ma.10.rtf,ma-ma,2,1,2457
P08,ma-ma.10.rtf,ma-ma,2,1,2420
P07,ma-ma.10.rtf,ma-ma,2,1,2368
P32,ma-ma.10.rtf,ma-ma,2,1,2318
P21,ma-ma.10.rtf,ma-ma,2,1,2206
P27,ma-ma.10.rtf,ma-ma,2,1,2151
P06,ma-ma.10.rtf,ma-ma,2,1,2024
P37,ma-ma.10.rtf,ma-ma,2,1,2004
P29,ma-ma.10.rtf,ma-ma,2,1,1970
P24,ma-ma.10.rtf,ma-ma,2,1,1928
P23,ma-ma.10.rtf,ma-ma,2,1,1817
P33,ma-ma.10.rtf,ma-ma,2,1,1750
P31,ma-ma.10.rtf,ma-ma,2,1,1642
P14,ma-ma.10.rtf,ma-ma,2,1,1594
P30,ma-ma.10.rtf,ma-ma,2,1,1452
P22,ma-ma.10.rtf,ma-ma,2,1,1308
P18,ma-ma.10.rtf,ma-ma,2,1,1242
P35,ma-ma.10.rtf,ma-ma,2,1,1222
P20,ma-ma.10.rtf,ma-ma,2,1,1207
P26,ma-ma.10.rtf,ma-ma,2,1,1177
P11,ma-ma.10.rtf,ma-ma,2,1,1124
P12,ma-ma.10.rtf,ma-ma,2,1,1031
P05,ma-ma.10.rtf,ma-ma,2,1,1012
P02,ma-ma.10.rtf,ma-ma,2,1,987
P34,ma-ma.10.rtf,ma-ma,2,1,968
P16,ma-ma.10.rtf,ma-ma,2,1,919
P15,ma-ma.10.rtf,ma-ma,2,1,855
P36,ma-ma.10.rtf,ma-ma,2,1,831
P13,ma-ma.10.rtf,ma-ma,2,1,738
P04,ma-ma.10.rtf,ma-ma,2,1,699
P10,ma-ma.10.rtf,ma-ma,2,1,689
P17,ma-ma.10.rtf,ma-ma,2,1,504
P19,ma-ma.10.rtf,ma-ma,2,1,493
P03,ma-ma.10.rtf,ma-ma,2,1,278
P09,ma-ma.10.rtf,ma-ma,2,1,137
P28,ma-ma.10.rtf,ma-ma,2,1,102
P06,ma-ma.11.rtf,ma-ma,2,1,3129
P19,ma-ma.11.rtf,ma-ma,2,1,2606
P01,ma-ma.11.rtf,ma-ma,2,1,2395
P21,ma-ma.11.rtf,ma-ma,2,1,1883
P20,ma-ma.11.rtf,ma-ma,2,1,1779
P31,ma-ma.11.rtf,ma-ma,2,1,1706
P08,ma-ma.11.rtf,ma-ma,2,1,1676
P32,ma-ma.11.rtf,ma-ma,2,1,1662
P15,ma-ma.11.rtf,ma-ma,2,1,1599
P11,ma-ma.11.rtf,ma-ma,2,1,1428
P18,ma-ma.11.rtf,ma-ma,2,1,1344
P28,ma-ma.11.rtf,ma-ma,2,1,1329
P04,ma-ma.11.rtf,ma-ma,2,1,1300
P10,ma-ma.11.rtf,ma-ma,2,1,1261
P24,ma-ma.11.rtf,ma-ma,2,1,1188
P37,ma-ma.11.rtf,ma-ma,2,1,1173
P02,ma-ma.11.rtf,ma-ma,2,1,1168
P34,ma-ma.11.rtf,ma-ma,2,1,1124
P27,ma-ma.11.rtf,ma-ma,2,1,1119
P29,ma-ma.11.rtf,ma-ma,2,1,1032
P16,ma-ma.11.rtf,ma-ma,2,1,934
P14,ma-ma.11.rtf,ma-ma,2,1,933
P25,ma-ma.11.rtf,ma-ma,2,1,915
P07,ma-ma.11.rtf,ma-ma,2,1,890
P36,ma-ma.11.rtf,ma-ma,2,1,875
P26,ma-ma.11.rtf,ma-ma,2,1,846
P22,ma-ma.11.rtf,ma-ma,2,1,840
P23,ma-ma.11.rtf,ma-ma,2,1,840
P05,ma-ma.11.rtf,ma-ma,2,1,811
P17,ma-ma.11.rtf,ma-ma,2,1,743
P33,ma-ma.11.rtf,ma-ma,2,1,743
P12,ma-ma.11.rtf,ma-ma,2,1,591
P09,ma-ma.11.rtf,ma-ma,2,1,454
P13,ma-ma.11.rtf,ma-ma,2,1,410
P03,ma-ma.11.rtf,ma-ma,2,1,396
P35,ma-ma.11.rtf,ma-ma,2,1,234
P30,ma-ma.11.rtf,ma-ma,2,1,73
P25,ma-ma.12.rtf,ma-ma,2,1,2879
P06,ma-ma.12.rtf,ma-ma,2,1,2201
P33,ma-ma.12.rtf,ma-ma,2,1,1897
P20,ma-ma.12.rtf,ma-ma,2,1,1516
P32,ma-ma.12.rtf,ma-ma,2,1,1452
P27,ma-ma.12.rtf,ma-ma,2,1,1398
P26,ma-ma.12.rtf,ma-ma,2,1,1374
P04,ma-ma.12.rtf,ma-ma,2,1,1336
P02,ma-ma.12.rtf,ma-ma,2,1,1321
P13,ma-ma.12.rtf,ma-ma,2,1,1261
P37,ma-ma.12.rtf,ma-ma,2,1,1232
P23,ma-ma.12.rtf,ma-ma,2,1,1223
P24,ma-ma.12.rtf,ma-ma,2,1,1187
P10,ma-ma.12.rtf,ma-ma,2,1,1178
P08,ma-ma.12.rtf,ma-ma,2,1,1163
P18,ma-ma.12.rtf,ma-ma,2,1,1120
P30,ma-ma.12.rtf,ma-ma,2,1,1064
P14,ma-ma.12.rtf,ma-ma,2,1,987
P16,ma-ma.12.rtf,ma-ma,2,1,958
P21,ma-ma.12.rtf,ma-ma,2,1,958
P34,ma-ma.12.rtf,ma-ma,2,1,856
P05,ma-ma.12.rtf,ma-ma,2,1,851
P09,ma-ma.12.rtf,ma-ma,2,1,761
P29,ma-ma.12.rtf,ma-ma,2,1,709
P12,ma-ma.12.rtf,ma-ma,2,1,567
P31,ma-ma.12.rtf,ma-ma,2,1,552
P22,ma-ma.12.rtf,ma-ma,2,1,533
P28,ma-ma.12.rtf,ma-ma,2,1,509
P07,ma-ma.12.rtf,ma-ma,2,1,440
P36,ma-ma.12.rtf,ma-ma,2,1,410
P35,ma-ma.12.rtf,ma-ma,2,1,381
P11,ma-ma.12.rtf,ma-ma,2,1,156
P15,ma-ma.12.rtf,ma-ma,2,1,156
P03,ma-ma.12.rtf,ma-ma,2,1,141
P19,ma-ma.12.rtf,ma-ma,2,1,92
P01,ma-ma.12.rtf,ma-ma,2,1,85
P23,ma-nma.01.rtf,ma-nma,1,2,2355
P15,ma-nma.01.rtf,ma-nma,1,2,2166
P35,ma-nma.01.rtf,ma-nma,1,2,2039
P32,ma-nma.01.rtf,ma-nma,1,2,1814
P07,ma-nma.01.rtf,ma-nma,1,2,1662
P14,ma-nma.01.rtf,ma-nma,1,2,1559
P11,ma-nma.01.rtf,ma-nma,1,2,1554
P12,ma-nma.01.rtf,ma-nma,1,2,1496
P28,ma-nma.01.rtf,ma-nma,1,2,1324
P08,ma-nma.01.rtf,ma-nma,1,2,1295
P24,ma-nma.01.rtf,ma-nma,1,2,1047
P27,ma-nma.01.rtf,ma-nma,1,2,1046
P18,ma-nma.01.rtf,ma-nma,1,2,1022
P06,ma-nma.01.rtf,ma-nma,1,2,1017
P10,ma-nma.01.rtf,ma-nma,1,2,997
P33,ma-nma.01.rtf,ma-nma,1,2,948
P01,ma-nma.01.rtf,ma-nma,1,2,940
P22,ma-nma.01.rtf,ma-nma,1,2,931
P19,ma-nma.01.rtf,ma-nma,1,2,919
P13,ma-nma.01.rtf,ma-nma,1,2,857
P37,ma-nma.01.rtf,ma-nma,1,2,831
P16,ma-nma.01.rtf,ma-nma,1,2,811
P34,ma-nma.01.rtf,ma-nma,1,2,768
P21,ma-nma.01.rtf,ma-nma,1,2,739
P05,ma-nma.01.rtf,ma-nma,1,2,733
P17,ma-nma.01.rtf,ma-nma,1,2,733
P20,ma-nma.01.rtf,ma-nma,1,2,694
P29,ma-nma.01.rtf,ma-nma,1,2,581
P02,ma-nma.01.rtf,ma-nma,1,2,513
P09,ma-nma.01.rtf,ma-nma,1,2,440
P30,ma-nma.01.rtf,ma-nma,1,2,435
P31,ma-nma.01.rtf,ma-nma,1,2,430
P36,ma-nma.01.rtf,ma-nma,1,2,425
P04,ma-nma.01.rtf,ma-nma,1,2,361
P26,ma-nma.01.rtf,ma-nma,1,2,317
P25,ma-nma.01.rtf,ma-nma,1,2,140
P03,ma-nma.01.rtf,ma-nma,1,2,68
P06,ma-nma.02.rtf,ma-nma,1,2,2322
P01,ma-nma.02.rtf,ma-nma,1,2,2315
P32,ma-nma.02.rtf,ma-nma,1,2,2224
P15,ma-nma.02.rtf,ma-nma,1,2,2029
P04,ma-nma.02.rtf,ma-nma,1,2,1911
P24,ma-nma.02.rtf,ma-nma,1,2,1887
P23,ma-nma.02.rtf,ma-nma,1,2,1877
P14,ma-nma.02.rtf,ma-nma,1,2,1785
P28,ma-nma.02.rtf,ma-nma,1,2,1575
P12,ma-nma.02.rtf,ma-nma,1,2,1520
P21,ma-nma.02.rtf,ma-nma,1,2,1432
P07,ma-nma.02.rtf,ma-nma,1,2,1281
P13,ma-nma.02.rtf,ma-nma,1,2,1144
P27,ma-nma.02.rtf,ma-nma,1,2,1130
P11,ma-nma.02.rtf,ma-nma,1,2,1124
P33,ma-nma.02.rtf,ma-nma,1,2,1061
P31,ma-nma.02.rtf,ma-nma,1,2,958
P19,ma-nma.02.rtf,ma-nma,1,2,933
P22,ma-nma.02.rtf,ma-nma,1,2,931
P16,ma-nma.02.rtf,ma-nma,1,2,909
P08,ma-nma.02.rtf,ma-nma,1,2,860
P34,ma-nma.02.rtf,ma-nma,1,2,753
P20,ma-nma.02.rtf,ma-nma,1,2,729
P17,ma-nma.02.rtf,ma-nma,1,2,718
P02,ma-nma.02.rtf,ma-nma,1,2,581
P10,ma-nma.02.rtf,ma-nma,1,2,576
P36,ma-nma.02.rtf,ma-nma,1,2,557
P18,ma-nma.02.rtf,ma-nma,1,2,542
P30,ma-nma.02.rtf,ma-nma,1,2,459
P05,ma-nma.02.rtf,ma-nma,1,2,454
P09,ma-nma.02.rtf,ma-nma,1,2,444
P37,ma-nma.02.rtf,ma-nma,1,2,391
P03,ma-nma.02.rtf,ma-nma,1,2,381
P26,ma-nma.02.rtf,ma-nma,1,2,271
P25,ma-nma.02.rtf,ma-nma,1,2,251
P35,ma-nma.02.rtf,ma-nma,1,2,249
P29,ma-nma.02.rtf,ma-nma,1,2,229
P25,ma-nma.03.rtf,ma-nma,1,2,2441
P01,ma-nma.03.rtf,ma-nma,1,2,2098
P08,ma-nma.03.rtf,ma-nma,1,2,1985
P06,ma-nma.03.rtf,ma-nma,1,2,1882
P14,ma-nma.03.rtf,ma-nma,1,2,1711
P11,ma-nma.03.rtf,ma-nma,1,2,1677
P32,ma-nma.03.rtf,ma-nma,1,2,1628
P28,ma-nma.03.rtf,ma-nma,1,2,1291
P30,ma-nma.03.rtf,ma-nma,1,2,1159
P18,ma-nma.03.rtf,ma-nma,1,2,1119
P03,ma-nma.03.rtf,ma-nma,1,2,1080
P19,ma-nma.03.rtf,ma-nma,1,2,1065
P27,ma-nma.03.rtf,ma-nma,1,2,993
P37,ma-nma.03.rtf,ma-nma,1,2,992
P33,ma-nma.03.rtf,ma-nma,1,2,959
P17,ma-nma.03.rtf,ma-nma,1,2,958
P12,ma-nma.03.rtf,ma-nma,1,2,855
P16,ma-nma.03.rtf,ma-nma,1,2,841
P22,ma-nma.03.rtf,ma-nma,1,2,790
P09,ma-nma.03.rtf,ma-nma,1,2,787
P10,ma-nma.03.rtf,ma-nma,1,2,744
P15,ma-nma.03.rtf,ma-nma,1,2,743
P04,ma-nma.03.rtf,ma-nma,1,2,700
P02,ma-nma.03.rtf,ma-nma,1,2,680
P24,ma-nma.03.rtf,ma-nma,1,2,674
P26,ma-nma.03.rtf,ma-nma,1,2,674
P21,ma-nma.03.rtf,ma-nma,1,2,655
P13,ma-nma.03.rtf,ma-nma,1,2,645
P29,ma-nma.03.rtf,ma-nma,1,2,630
P36,ma-nma.03.rtf,ma-nma,1,2,601
P07,ma-nma.03.rtf,ma-nma,1,2,557
P05,ma-nma.03.rtf,ma-nma,1,2,508
P34,ma-nma.03.rtf,ma-nma,1,2,493
P31,ma-nma.03.rtf,ma-nma,1,2,455
P20,ma-nma.03.rtf,ma-nma,1,2,366
P35,ma-nma.03.rtf,ma-nma,1,2,357
P23,ma-nma.03.rtf,ma-nma,1,2,156
P24,ma-nma.04.rtf,ma-nma,1,2,3061
P25,ma-nma.04.rtf,ma-nma,1,2,2682
P20,ma-nma.04.rtf,ma-nma,1,2,2264
P16,ma-nma.04.rtf,ma-nma,1,2,2243
P15,ma-nma.04.rtf,ma-nma,1,2,2102
P07,ma-nma.04.rtf,ma-nma,1,2,1921
P18,ma-nma.04.rtf,ma-nma,1,2,1888
P06,ma-nma.04.rtf,ma-nma,1,2,1872
P32,ma-nma.04.rtf,ma-nma,1,2,1819
P09,ma-nma.04.rtf,ma-nma,1,2,1785
P13,ma-nma.04.rtf,ma-nma,1,2,1780
P04,ma-nma.04.rtf,ma-nma,1,2,1731
P23,ma-nma.04.rtf,ma-nma,1,2,1726
P22,ma-nma.04.rtf,ma-nma,1,2,1600
P26,ma-nma.04.rtf,ma-nma,1,2,1460
P14,ma-nma.04.rtf,ma-nma,1,2,1364
P34,ma-nma.04.rtf,ma-nma,1,2,1350
P02,ma-nma.04.rtf,ma-nma,1,2,1325
P01,ma-nma.04.rtf,ma-nma,1,2,1258
P08,ma-nma.04.rtf,ma-nma,1,2,1208
P35,ma-nma.04.rtf,ma-nma,1,2,1153
P12,ma-nma.04.rtf,ma-nma,1,2,988
P37,ma-nma.04.rtf,ma-nma,1,2,983
P10,ma-nma.04.rtf,ma-nma,1,2,904
P29,ma-nma.04.rtf,ma-nma,1,2,777
P05,ma-nma.04.rtf,ma-nma,1,2,753
P28,ma-nma.04.rtf,ma-nma,1,2,709
P27,ma-nma.04.rtf,ma-nma,1,2,703
P31,ma-nma.04.rtf,ma-nma,1,2,675
P17,ma-nma.04.rtf,ma-nma,1,2,655
P36,ma-nma.04.rtf,ma-nma,1,2,655
P19,ma-nma.04.rtf,ma-nma,1,2,537
P30,ma-nma.04.rtf,ma-nma,1,2,401
P33,ma-nma.04.rtf,ma-nma,1,2,366
P21,ma-nma.04.rtf,ma-nma,1,2,156
P23,ma-nma.05.rtf,ma-nma,1,2,2328
P27,ma-nma.05.rtf,ma-nma,1,2,1692
P06,ma-nma.05.rtf,ma-nma,1,2,1643
P11,ma-nma.05.rtf,ma-nma,1,2,1564
P08,ma-nma.05.rtf,ma-nma,1,2,1427
P28,ma-nma.05.rtf,ma-nma,1,2,1388
P19,ma-nma.05.rtf,ma-nma,1,2,1369
P01,ma-nma.05.rtf,ma-nma,1,2,1213
P33,ma-nma.05.rtf,ma-nma,1,2,1203
P35,ma-nma.05.rtf,ma-nma,1,2,1198
P15,ma-nma.05.rtf,ma-nma,1,2,1179
P31,ma-nma.05.rtf,ma-nma,1,2,1148
P22,ma-nma.05.rtf,ma-nma,1,2,1147
P29,ma-nma.05.rtf,ma-nma,1,2,1114
P32,ma-nma.05.rtf,ma-nma,1,2,1080
P25,ma-nma.05.rtf,ma-nma,1,2,1063
P21,ma-nma.05.rtf,ma-nma,1,2,1031
P13,ma-nma.05.rtf,ma-nma,1,2,987
P30,ma-nma.05.rtf,ma-nma,1,2,973
P18,ma-nma.05.rtf,ma-nma,1,2,949
P12,ma-nma.05.rtf,ma-nma,1,2,938
P02,ma-nma.05.rtf,ma-nma,1,2,899
P07,ma-nma.05.rtf,ma-nma,1,2,870
P37,ma-nma.05.rtf,ma-nma,1,2,870
P24,ma-nma.05.rtf,ma-nma,1,2,829
P04,ma-nma.05.rtf,ma-nma,1,2,820
P10,ma-nma.05.rtf,ma-nma,1,2,810
P17,ma-nma.05.rtf,ma-nma,1,2,792
P16,ma-nma.05.rtf,ma-nma,1,2,757
P26,ma-nma.05.rtf,ma-nma,1,2,704
P14,ma-nma.05.rtf,ma-nma,1,2,694
P20,ma-nma.05.rtf,ma-nma,1,2,612
P05,ma-nma.05.rtf,ma-nma,1,2,552
P34,ma-nma.05.rtf,ma-nma,1,2,547
P36,ma-nma.05.rtf,ma-nma,1,2,376
P09,ma-nma.05.rtf,ma-nma,1,2,215
P03,ma-nma.05.rtf,ma-nma,1,2,171
P15,ma-nma.06.rtf,ma-nma,1,2,1833
P14,ma-nma.06.rtf,ma-nma,1,2,1599
P11,ma-nma.06.rtf,ma-nma,1,2,1584
P32,ma-nma.06.rtf,ma-nma,1,2,1554
P08,ma-nma.06.rtf,ma-nma,1,2,1387
P04,ma-nma.06.rtf,ma-nma,1,2,1354
P12,ma-nma.06.rtf,ma-nma,1,2,1281
P06,ma-nma.06.rtf,ma-nma,1,2,1241
P31,ma-nma.06.rtf,ma-nma,1,2,1228
P21,ma-nma.06.rtf,ma-nma,1,2,1183
P25,ma-nma.06.rtf,ma-nma,1,2,1177
P13,ma-nma.06.rtf,ma-nma,1,2,1159
P28,ma-nma.06.rtf,ma-nma,1,2,1071
P24,ma-nma.06.rtf,ma-nma,1,2,1067
P22,ma-nma.06.rtf,ma-nma,1,2,1052
P27,ma-nma.06.rtf,ma-nma,1,2,959
P01,ma-nma.06.rtf,ma-nma,1,2,956
P30,ma-nma.06.rtf,ma-nma,1,2,866
P34,ma-nma.06.rtf,ma-nma,1,2,821
P20,ma-nma.06.rtf,ma-nma,1,2,802
P29,ma-nma.06.rtf,ma-nma,1,2,801
P07,ma-nma.06.rtf,ma-nma,1,2,787
P35,ma-nma.06.rtf,ma-nma,1,2,772
P37,ma-nma.06.rtf,ma-nma,1,2,761
P09,ma-nma.06.rtf,ma-nma,1,2,738
P16,ma-nma.06.rtf,ma-nma,1,2,733
P10,ma-nma.06.rtf,ma-nma,1,2,714
P18,ma-nma.06.rtf,ma-nma,1,2,679
P33,ma-nma.06.rtf,ma-nma,1,2,630
P36,ma-nma.06.rtf,ma-nma,1,2,552
P02,ma-nma.06.rtf,ma-nma,1,2,533
P05,ma-nma.06.rtf,ma-nma,1,2,371
P19,ma-nma.06.rtf,ma-nma,1,2,352
P17,ma-nma.06.rtf,ma-nma,1,2,337
P26,ma-nma.06.rtf,ma-nma,1,2,256
P03,ma-nma.06.rtf,ma-nma,1,2,170
P23,ma-nma.06.rtf,ma-nma,1,2,75
P19,ma-nma.07.rtf,ma-nma,1,2,3076
P25,ma-nma.07.rtf,ma-nma,1,2,1958
P17,ma-nma.07.rtf,ma-nma,1,2,1472
P18,ma-nma.07.rtf,ma-nma,1,2,1354
P28,ma-nma.07.rtf,ma-nma,1,2,1339
P37,ma-nma.07.rtf,ma-nma,1,2,1339
P24,ma-nma.07.rtf,ma-nma,1,2,1318
P32,ma-nma.07.rtf,ma-nma,1,2,1305
P14,ma-nma.07.rtf,ma-nma,1,2,1300
P33,ma-nma.07.rtf,ma-nma,1,2,1237
P30,ma-nma.07.rtf,ma-nma,1,2,1232
P31,ma-nma.07.rtf,ma-nma,1,2,1222
P11,ma-nma.07.rtf,ma-nma,1,2,1163
P36,ma-nma.07.rtf,ma-nma,1,2,1154
P27,ma-nma.07.rtf,ma-nma,1,2,1129
P15,ma-nma.07.rtf,ma-nma,1,2,1105
P21,ma-nma.07.rtf,ma-nma,1,2,1043
P23,ma-nma.07.rtf,ma-nma,1,2,1031
P12,ma-nma.07.rtf,ma-nma,1,2,1027
P22,ma-nma.07.rtf,ma-nma,1,2,977
P02,ma-nma.07.rtf,ma-nma,1,2,943
P08,ma-nma.07.rtf,ma-nma,1,2,933
P29,ma-nma.07.rtf,ma-nma,1,2,904
P13,ma-nma.07.rtf,ma-nma,1,2,895
P06,ma-nma.07.rtf,ma-nma,1,2,836
P07,ma-nma.07.rtf,ma-nma,1,2,811
P01,ma-nma.07.rtf,ma-nma,1,2,810
P16,ma-nma.07.rtf,ma-nma,1,2,807
P34,ma-nma.07.rtf,ma-nma,1,2,669
P09,ma-nma.07.rtf,ma-nma,1,2,660
P04,ma-nma.07.rtf,ma-nma,1,2,639
P05,ma-nma.07.rtf,ma-nma,1,2,631
P10,ma-nma.07.rtf,ma-nma,1,2,572
P20,ma-nma.07.rtf,ma-nma,1,2,552
P26,ma-nma.07.rtf,ma-nma,1,2,468
P35,ma-nma.07.rtf,ma-nma,1,2,171
P28,ma-nma.08.rtf,ma-nma,1,2,1926
P06,ma-nma.08.rtf,ma-nma,1,2,1879
P01,ma-nma.08.rtf,ma-nma,1,2,1816
P08,ma-nma.08.rtf,ma-nma,1,2,1809
P25,ma-nma.08.rtf,ma-nma,1,2,1586
P18,ma-nma.08.rtf,ma-nma,1,2,1457
P12,ma-nma.08.rtf,ma-nma,1,2,1100
P32,ma-nma.08.rtf,ma-nma,1,2,1090
P24,ma-nma.08.rtf,ma-nma,1,2,1067
P31,ma-nma.08.rtf,ma-nma,1,2,1061
P23,ma-nma.08.rtf,ma-nma,1,2,1057
P35,ma-nma.08.rtf,ma-nma,1,2,1046
P11,ma-nma.08.rtf,ma-nma,1,2,1027
P21,ma-nma.08.rtf,ma-nma,1,2,1022
P27,ma-nma.08.rtf,ma-nma,1,2,933
P04,ma-nma.08.rtf,ma-nma,1,2,855
P16,ma-nma.08.rtf,ma-nma,1,2,797
P22,ma-nma.08.rtf,ma-nma,1,2,779
P37,ma-nma.08.rtf,ma-nma,1,2,758
P13,ma-nma.08.rtf,ma-nma,1,2,757
P20,ma-nma.08.rtf,ma-nma,1,2,724
P07,ma-nma.08.rtf,ma-nma,1,2,723
P17,ma-nma.08.rtf,ma-nma,1,2,723
P26,ma-nma.08.rtf,ma-nma,1,2,674
P03,ma-nma.08.rtf,ma-nma,1,2,650
P09,ma-nma.08.rtf,ma-nma,1,2,645
P30,ma-nma.08.rtf,ma-nma,1,2,645
P02,ma-nma.08.rtf,ma-nma,1,2,611
P34,ma-nma.08.rtf,ma-nma,1,2,610
P33,ma-nma.08.rtf,ma-nma,1,2,601
P29,ma-nma.08.rtf,ma-nma,1,2,567
P10,ma-nma.08.rtf,ma-nma,1,2,552
P36,ma-nma.08.rtf,ma-nma,1,2,518
P14,ma-nma.08.rtf,ma-nma,1,2,464.2
P05,ma-nma.08.rtf,ma-nma,1,2,410
P19,ma-nma.08.rtf,ma-nma,1,2,283
P15,ma-nma.08.rtf,ma-nma,1,2,166
P14,ma-nma.09.rtf,ma-nma,1,2,3246
P32,ma-nma.09.rtf,ma-nma,1,2,1893
P29,ma-nma.09.rtf,ma-nma,1,2,1850
P20,ma-nma.09.rtf,ma-nma,1,2,1789
P37,ma-nma.09.rtf,ma-nma,1,2,1662
P06,ma-nma.09.rtf,ma-nma,1,2,1624
P21,ma-nma.09.rtf,ma-nma,1,2,1623
P01,ma-nma.09.rtf,ma-nma,1,2,1546
P22,ma-nma.09.rtf,ma-nma,1,2,1545
P12,ma-nma.09.rtf,ma-nma,1,2,1461
P31,ma-nma.09.rtf,ma-nma,1,2,1378
P24,ma-nma.09.rtf,ma-nma,1,2,1308
P30,ma-nma.09.rtf,ma-nma,1,2,1286
P11,ma-nma.09.rtf,ma-nma,1,2,1256
P04,ma-nma.09.rtf,ma-nma,1,2,1203
P27,ma-nma.09.rtf,ma-nma,1,2,1159
P16,ma-nma.09.rtf,ma-nma,1,2,1158
P13,ma-nma.09.rtf,ma-nma,1,2,1115
P26,ma-nma.09.rtf,ma-nma,1,2,1062
P18,ma-nma.09.rtf,ma-nma,1,2,1046
P25,ma-nma.09.rtf,ma-nma,1,2,966
P19,ma-nma.09.rtf,ma-nma,1,2,948
P09,ma-nma.09.rtf,ma-nma,1,2,915
P02,ma-nma.09.rtf,ma-nma,1,2,875
P34,ma-nma.09.rtf,ma-nma,1,2,811
P28,ma-nma.09.rtf,ma-nma,1,2,782
P10,ma-nma.09.rtf,ma-nma,1,2,758
P07,ma-nma.09.rtf,ma-nma,1,2,669
P15,ma-nma.09.rtf,ma-nma,1,2,650
P17,ma-nma.09.rtf,ma-nma,1,2,646
P03,ma-nma.09.rtf,ma-nma,1,2,631
P05,ma-nma.09.rtf,ma-nma,1,2,621
P33,ma-nma.09.rtf,ma-nma,1,2,616
P08,ma-nma.09.rtf,ma-nma,1,2,586.5
P36,ma-nma.09.rtf,ma-nma,1,2,371
P23,ma-nma.09.rtf,ma-nma,1,2,241
P35,ma-nma.09.rtf,ma-nma,1,2,239
P11,ma-nma.10.rtf,ma-nma,1,2,2210
P28,ma-nma.10.rtf,ma-nma,1,2,1872
P32,ma-nma.10.rtf,ma-nma,1,2,1745
P26,ma-nma.10.rtf,ma-nma,1,2,1705
P21,ma-nma.10.rtf,ma-nma,1,2,1697
P30,ma-nma.10.rtf,ma-nma,1,2,1501
P24,ma-nma.10.rtf,ma-nma,1,2,1490
P20,ma-nma.10.rtf,ma-nma,1,2,1471
P14,ma-nma.10.rtf,ma-nma,1,2,1378
P08,ma-nma.10.rtf,ma-nma,1,2,1335
P17,ma-nma.10.rtf,ma-nma,1,2,1330
P18,ma-nma.10.rtf,ma-nma,1,2,1306
P25,ma-nma.10.rtf,ma-nma,1,2,1218
P37,ma-nma.10.rtf,ma-nma,1,2,1217
P33,ma-nma.10.rtf,ma-nma,1,2,1163
P15,ma-nma.10.rtf,ma-nma,1,2,1110
P22,ma-nma.10.rtf,ma-nma,1,2,1103
P23,ma-nma.10.rtf,ma-nma,1,2,1102
P27,ma-nma.10.rtf,ma-nma,1,2,1061
P35,ma-nma.10.rtf,ma-nma,1,2,1046
P12,ma-nma.10.rtf,ma-nma,1,2,973
P36,ma-nma.10.rtf,ma-nma,1,2,924
P29,ma-nma.10.rtf,ma-nma,1,2,909
P01,ma-nma.10.rtf,ma-nma,1,2,886
P09,ma-nma.10.rtf,ma-nma,1,2,855
P10,ma-nma.10.rtf,ma-nma,1,2,850
P13,ma-nma.10.rtf,ma-nma,1,2,821
P02,ma-nma.10.rtf,ma-nma,1,2,787
P04,ma-nma.10.rtf,ma-nma,1,2,782
P16,ma-nma.10.rtf,ma-nma,1,2,782
P07,ma-nma.10.rtf,ma-nma,1,2,728
P05,ma-nma.10.rtf,ma-nma,1,2,650
P06,ma-nma.10.rtf,ma-nma,1,2,582
P34,ma-nma.10.rtf,ma-nma,1,2,542
P03,ma-nma.10.rtf,ma-nma,1,2,517
P31,ma-nma.10.rtf,ma-nma,1,2,342
P19,ma-nma.10.rtf,ma-nma,1,2,88
P27,ma-nma.11.rtf,ma-nma,1,2,3080
P06,ma-nma.11.rtf,ma-nma,1,2,2282
P15,ma-nma.11.rtf,ma-nma,1,2,2274
P01,ma-nma.11.rtf,ma-nma,1,2,1923
P32,ma-nma.11.rtf,ma-nma,1,2,1887
P23,ma-nma.11.rtf,ma-nma,1,2,1747
P08,ma-nma.11.rtf,ma-nma,1,2,1662
P37,ma-nma.11.rtf,ma-nma,1,2,1653
P20,ma-nma.11.rtf,ma-nma,1,2,1594
P10,ma-nma.11.rtf,ma-nma,1,2,1569
P18,ma-nma.11.rtf,ma-nma,1,2,1535
P11,ma-nma.11.rtf,ma-nma,1,2,1452
P22,ma-nma.11.rtf,ma-nma,1,2,1389
P33,ma-nma.11.rtf,ma-nma,1,2,1345
P12,ma-nma.11.rtf,ma-nma,1,2,1227
P16,ma-nma.11.rtf,ma-nma,1,2,1159
P28,ma-nma.11.rtf,ma-nma,1,2,1124
P09,ma-nma.11.rtf,ma-nma,1,2,1066
P13,ma-nma.11.rtf,ma-nma,1,2,1066
P30,ma-nma.11.rtf,ma-nma,1,2,1031
P35,ma-nma.11.rtf,ma-nma,1,2,1017
P21,ma-nma.11.rtf,ma-nma,1,2,1002
P24,ma-nma.11.rtf,ma-nma,1,2,951
P07,ma-nma.11.rtf,ma-nma,1,2,948
P29,ma-nma.11.rtf,ma-nma,1,2,904
P04,ma-nma.11.rtf,ma-nma,1,2,816
P26,ma-nma.11.rtf,ma-nma,1,2,810
P05,ma-nma.11.rtf,ma-nma,1,2,767
P19,ma-nma.11.rtf,ma-nma,1,2,733
P02,ma-nma.11.rtf,ma-nma,1,2,581
P34,ma-nma.11.rtf,ma-nma,1,2,547
P36,ma-nma.11.rtf,ma-nma,1,2,528
P31,ma-nma.11.rtf,ma-nma,1,2,499
P03,ma-nma.11.rtf,ma-nma,1,2,430
P17,ma-nma.11.rtf,ma-nma,1,2,342
P14,ma-nma.11.rtf,ma-nma,1,2,283
P25,ma-nma.11.rtf,ma-nma,1,2,251
P22,ma-nma.12.rtf,ma-nma,1,2,3438
P11,ma-nma.12.rtf,ma-nma,1,2,3154
P37,ma-nma.12.rtf,ma-nma,1,2,3116
P32,ma-nma.12.rtf,ma-nma,1,2,2938
P14,ma-nma.12.rtf,ma-nma,1,2,2797
P26,ma-nma.12.rtf,ma-nma,1,2,2632
P20,ma-nma.12.rtf,ma-nma,1,2,2503
P24,ma-nma.12.rtf,ma-nma,1,2,2260
P27,ma-nma.12.rtf,ma-nma,1,2,2249
P13,ma-nma.12.rtf,ma-nma,1,2,1912
P12,ma-nma.12.rtf,ma-nma,1,2,1887
P34,ma-nma.12.rtf,ma-nma,1,2,1809
P01,ma-nma.12.rtf,ma-nma,1,2,1725
P16,ma-nma.12.rtf,ma-nma,1,2,1609
P18,ma-nma.12.rtf,ma-nma,1,2,1452
P09,ma-nma.12.rtf,ma-nma,1,2,1433
P07,ma-nma.12.rtf,ma-nma,1,2,1427
P06,ma-nma.12.rtf,ma-nma,1,2,1364
P08,ma-nma.12.rtf,ma-nma,1,2,1364
P25,ma-nma.12.rtf,ma-nma,1,2,1328
P31,ma-nma.12.rtf,ma-nma,1,2,1300
P17,ma-nma.12.rtf,ma-nma,1,2,1291
P04,ma-nma.12.rtf,ma-nma,1,2,1183
P10,ma-nma.12.rtf,ma-nma,1,2,1163
P05,ma-nma.12.rtf,ma-nma,1,2,1100
P36,ma-nma.12.rtf,ma-nma,1,2,1056
P15,ma-nma.12.rtf,ma-nma,1,2,1026
P21,ma-nma.12.rtf,ma-nma,1,2,997
P28,ma-nma.12.rtf,ma-nma,1,2,993
P23,ma-nma.12.rtf,ma-nma,1,2,872
P29,ma-nma.12.rtf,ma-nma,1,2,855
P30,ma-nma.12.rtf,ma-nma,1,2,684
P35,ma-nma.12.rtf,ma-nma,1,2,591
P19,ma-nma.12.rtf,ma-nma,1,2,523
P02,ma-nma.12.rtf,ma-nma,1,2,469
P03,ma-nma.12.rtf,ma-nma,1,2,308
P33,ma-nma.12.rtf,ma-nma,1,2,185
P14,nma-ma.01.rtf,nma-ma,1,1,2523
P37,nma-ma.01.rtf,nma-ma,1,1,2307
P06,nma-ma.01.rtf,nma-ma,1,1,2171
P32,nma-ma.01.rtf,nma-ma,1,1,1710
P11,nma-ma.01.rtf,nma-ma,1,1,1677
P20,nma-ma.01.rtf,nma-ma,1,1,1497
P18,nma-ma.01.rtf,nma-ma,1,1,1414
P21,nma-ma.01.rtf,nma-ma,1,1,1374
P05,nma-ma.01.rtf,nma-ma,1,1,1359
P25,nma-ma.01.rtf,nma-ma,1,1,1329
P35,nma-ma.01.rtf,nma-ma,1,1,1266
P24,nma-ma.01.rtf,nma-ma,1,1,1187
P01,nma-ma.01.rtf,nma-ma,1,1,1182
P16,nma-ma.01.rtf,nma-ma,1,1,1159
P33,nma-ma.01.rtf,nma-ma,1,1,1134
P12,nma-ma.01.rtf,nma-ma,1,1,1120
P23,nma-ma.01.rtf,nma-ma,1,1,1106
P15,nma-ma.01.rtf,nma-ma,1,1,1042
P10,nma-ma.01.rtf,nma-ma,1,1,1016
P31,nma-ma.01.rtf,nma-ma,1,1,1012
P19,nma-ma.01.rtf,nma-ma,1,1,899
P22,nma-ma.01.rtf,nma-ma,1,1,890
P29,nma-ma.01.rtf,nma-ma,1,1,836
P34,nma-ma.01.rtf,nma-ma,1,1,821
P08,nma-ma.01.rtf,nma-ma,1,1,797
P30,nma-ma.01.rtf,nma-ma,1,1,773
P13,nma-ma.01.rtf,nma-ma,1,1,679
P04,nma-ma.01.rtf,nma-ma,1,1,434
P09,nma-ma.01.rtf,nma-ma,1,1,425
P27,nma-ma.01.rtf,nma-ma,1,1,376
P36,nma-ma.01.rtf,nma-ma,1,1,376
P02,nma-ma.01.rtf,nma-ma,1,1,347
P17,nma-ma.01.rtf,nma-ma,1,1,318
P03,nma-ma.01.rtf,nma-ma,1,1,298
P28,nma-ma.01.rtf,nma-ma,1,1,224
P26,nma-ma.01.rtf,nma-ma,1,1,105
P07,nma-ma.01.rtf,nma-ma,1,1,58
P14,nma-ma.02.rtf,nma-ma,1,1,2680
P23,nma-ma.02.rtf,nma-ma,1,1,2601
P32,nma-ma.02.rtf,nma-ma,1,1,2508
P21,nma-ma.02.rtf,nma-ma,1,1,2331
P25,nma-ma.02.rtf,nma-ma,1,1,2270
P06,nma-ma.02.rtf,nma-ma,1,1,2247
P31,nma-ma.02.rtf,nma-ma,1,1,1936
P12,nma-ma.02.rtf,nma-ma,1,1,1859
P27,nma-ma.02.rtf,nma-ma,1,1,1848
P17,nma-ma.02.rtf,nma-ma,1,1,1738
P15,nma-ma.02.rtf,nma-ma,1,1,1677
P20,nma-ma.02.rtf,nma-ma,1,1,1638
P01,nma-ma.02.rtf,nma-ma,1,1,1617
P28,nma-ma.02.rtf,nma-ma,1,1,1525
P29,nma-ma.02.rtf,nma-ma,1,1,1525
P37,nma-ma.02.rtf,nma-ma,1,1,1511
P35,nma-ma.02.rtf,nma-ma,1,1,1418
P24,nma-ma.02.rtf,nma-ma,1,1,1399
P34,nma-ma.02.rtf,nma-ma,1,1,1286
P26,nma-ma.02.rtf,nma-ma,1,1,1233
P11,nma-ma.02.rtf,nma-ma,1,1,1188
P13,nma-ma.02.rtf,nma-ma,1,1,1188
P18,nma-ma.02.rtf,nma-ma,1,1,1178
P30,nma-ma.02.rtf,nma-ma,1,1,1124
P04,nma-ma.02.rtf,nma-ma,1,1,1109
P22,nma-ma.02.rtf,nma-ma,1,1,1041
P02,nma-ma.02.rtf,nma-ma,1,1,997
P08,nma-ma.02.rtf,nma-ma,1,1,992
P16,nma-ma.02.rtf,nma-ma,1,1,977
P07,nma-ma.02.rtf,nma-ma,1,1,738
P03,nma-ma.02.rtf,nma-ma,1,1,714
P33,nma-ma.02.rtf,nma-ma,1,1,586
P05,nma-ma.02.rtf,nma-ma,1,1,573
P09,nma-ma.02.rtf,nma-ma,1,1,572
P10,nma-ma.02.rtf,nma-ma,1,1,547
P36,nma-ma.02.rtf,nma-ma,1,1,489
P19,nma-ma.02.rtf,nma-ma,1,1,352
P32,nma-ma.03.rtf,nma-ma,1,1,2885
P12,nma-ma.03.rtf,nma-ma,1,1,2102
P15,nma-ma.03.rtf,nma-ma,1,1,2093
P01,nma-ma.03.rtf,nma-ma,1,1,2003
P35,nma-ma.03.rtf,nma-ma,1,1,1716
P22,nma-ma.03.rtf,nma-ma,1,1,1651
P13,nma-ma.03.rtf,nma-ma,1,1,1594
P27,nma-ma.03.rtf,nma-ma,1,1,1525
P26,nma-ma.03.rtf,nma-ma,1,1,1455
P24,nma-ma.03.rtf,nma-ma,1,1,1374
P18,nma-ma.03.rtf,nma-ma,1,1,1364
P23,nma-ma.03.rtf,nma-ma,1,1,1339
P37,nma-ma.03.rtf,nma-ma,1,1,1329
P19,nma-ma.03.rtf,nma-ma,1,1,1315
P06,nma-ma.03.rtf,nma-ma,1,1,1285
P02,nma-ma.03.rtf,nma-ma,1,1,1281
P25,nma-ma.03.rtf,nma-ma,1,1,1208
P33,nma-ma.03.rtf,nma-ma,1,1,1203
P10,nma-ma.03.rtf,nma-ma,1,1,1183
P31,nma-ma.03.rtf,nma-ma,1,1,1183
P21,nma-ma.03.rtf,nma-ma,1,1,1134
P04,nma-ma.03.rtf,nma-ma,1,1,1076
P08,nma-ma.03.rtf,nma-ma,1,1,1061
P14,nma-ma.03.rtf,nma-ma,1,1,1017
P16,nma-ma.03.rtf,nma-ma,1,1,1012
P29,nma-ma.03.rtf,nma-ma,1,1,993
P34,nma-ma.03.rtf,nma-ma,1,1,968
P11,nma-ma.03.rtf,nma-ma,1,1,938
P17,nma-ma.03.rtf,nma-ma,1,1,866
P07,nma-ma.03.rtf,nma-ma,1,1,777
P28,nma-ma.03.rtf,nma-ma,1,1,762
P30,nma-ma.03.rtf,nma-ma,1,1,685
P20,nma-ma.03.rtf,nma-ma,1,1,670
P05,nma-ma.03.rtf,nma-ma,1,1,562
P36,nma-ma.03.rtf,nma-ma,1,1,484
P09,nma-ma.03.rtf,nma-ma,1,1,322
P03,nma-ma.03.rtf,nma-ma,1,1,53
P27,nma-ma.04.rtf,nma-ma,1,1,3325
P11,nma-ma.04.rtf,nma-ma,1,1,2771
P25,nma-ma.04.rtf,nma-ma,1,1,2506
P32,nma-ma.04.rtf,nma-ma,1,1,2366
P08,nma-ma.04.rtf,nma-ma,1,1,2352
P24,nma-ma.04.rtf,nma-ma,1,1,1872
P31,nma-ma.04.rtf,nma-ma,1,1,1648
P06,nma-ma.04.rtf,nma-ma,1,1,1545
P16,nma-ma.04.rtf,nma-ma,1,1,1486
P04,nma-ma.04.rtf,nma-ma,1,1,1476
P33,nma-ma.04.rtf,nma-ma,1,1,1476
P09,nma-ma.04.rtf,nma-ma,1,1,1422
P20,nma-ma.04.rtf,nma-ma,1,1,1408
P13,nma-ma.04.rtf,nma-ma,1,1,1252
P21,nma-ma.04.rtf,nma-ma,1,1,1198
P01,nma-ma.04.rtf,nma-ma,1,1,1177
P37,nma-ma.04.rtf,nma-ma,1,1,1154
P07,nma-ma.04.rtf,nma-ma,1,1,1144
P15,nma-ma.04.rtf,nma-ma,1,1,1124
P35,nma-ma.04.rtf,nma-ma,1,1,1100
P05,nma-ma.04.rtf,nma-ma,1,1,1080
P26,nma-ma.04.rtf,nma-ma,1,1,1026
P17,nma-ma.04.rtf,nma-ma,1,1,934
P14,nma-ma.04.rtf,nma-ma,1,1,899
P22,nma-ma.04.rtf,nma-ma,1,1,895
P34,nma-ma.04.rtf,nma-ma,1,1,880
P19,nma-ma.04.rtf,nma-ma,1,1,860
P36,nma-ma.04.rtf,nma-ma,1,1,684
P12,nma-ma.04.rtf,nma-ma,1,1,615
P30,nma-ma.04.rtf,nma-ma,1,1,610
P28,nma-ma.04.rtf,nma-ma,1,1,558
P10,nma-ma.04.rtf,nma-ma,1,1,547
P29,nma-ma.04.rtf,nma-ma,1,1,381
P02,nma-ma.04.rtf,nma-ma,1,1,269
P23,nma-ma.04.rtf,nma-ma,1,1,241
P03,nma-ma.04.rtf,nma-ma,1,1,191
P18,nma-ma.04.rtf,nma-ma,1,1,176
P12,nma-ma.05.rtf,nma-ma,1,1,3226
P16,nma-ma.05.rtf,nma-ma,1,1,2098
P20,nma-ma.05.rtf,nma-ma,1,1,1730
P26,nma-ma.05.rtf,nma-ma,1,1,1711
P34,nma-ma.05.rtf,nma-ma,1,1,1643
P27,nma-ma.05.rtf,nma-ma,1,1,1589
P02,nma-ma.05.rtf,nma-ma,1,1,1511
P36,nma-ma.05.rtf,nma-ma,1,1,1481
P21,nma-ma.05.rtf,nma-ma,1,1,1472
P05,nma-ma.05.rtf,nma-ma,1,1,1290
P11,nma-ma.05.rtf,nma-ma,1,1,1198
P18,nma-ma.05.rtf,nma-ma,1,1,1193
P14,nma-ma.05.rtf,nma-ma,1,1,1178
P29,nma-ma.05.rtf,nma-ma,1,1,1129
P01,nma-ma.05.rtf,nma-ma,1,1,1072
P28,nma-ma.05.rtf,nma-ma,1,1,1055
P10,nma-ma.05.rtf,nma-ma,1,1,1046
P06,nma-ma.05.rtf,nma-ma,1,1,1031
P22,nma-ma.05.rtf,nma-ma,1,1,1001
P23,nma-ma.05.rtf,nma-ma,1,1,925
P33,nma-ma.05.rtf,nma-ma,1,1,870
P04,nma-ma.05.rtf,nma-ma,1,1,842
P09,nma-ma.05.rtf,nma-ma,1,1,821
P08,nma-ma.05.rtf,nma-ma,1,1,811
P30,nma-ma.05.rtf,nma-ma,1,1,772
P24,nma-ma.05.rtf,nma-ma,1,1,760
P35,nma-ma.05.rtf,nma-ma,1,1,694
P07,nma-ma.05.rtf,nma-ma,1,1,508
P13,nma-ma.05.rtf,nma-ma,1,1,420
P31,nma-ma.05.rtf,nma-ma,1,1,415
P17,nma-ma.05.rtf,nma-ma,1,1,342
P25,nma-ma.05.rtf,nma-ma,1,1,266
P37,nma-ma.05.rtf,nma-ma,1,1,229
P03,nma-ma.05.rtf,nma-ma,1,1,190
P15,nma-ma.05.rtf,nma-ma,1,1,176
P19,nma-ma.05.rtf,nma-ma,1,1,87
P21,nma-ma.06.rtf,nma-ma,1,1,3149
P32,nma-ma.06.rtf,nma-ma,1,1,2997
P06,nma-ma.06.rtf,nma-ma,1,1,2132
P08,nma-ma.06.rtf,nma-ma,1,1,1784
P15,nma-ma.06.rtf,nma-ma,1,1,1721
P24,nma-ma.06.rtf,nma-ma,1,1,1666
P11,nma-ma.06.rtf,nma-ma,1,1,1584
P22,nma-ma.06.rtf,nma-ma,1,1,1553
P28,nma-ma.06.rtf,nma-ma,1,1,1511
P18,nma-ma.06.rtf,nma-ma,1,1,1506
P33,nma-ma.06.rtf,nma-ma,1,1,1457
P27,nma-ma.06.rtf,nma-ma,1,1,1408
P20,nma-ma.06.rtf,nma-ma,1,1,1393
P30,nma-ma.06.rtf,nma-ma,1,1,1374
P12,nma-ma.06.rtf,nma-ma,1,1,1359
P13,nma-ma.06.rtf,nma-ma,1,1,1349
P19,nma-ma.06.rtf,nma-ma,1,1,1320
P23,nma-ma.06.rtf,nma-ma,1,1,1278
P16,nma-ma.06.rtf,nma-ma,1,1,1242
P35,nma-ma.06.rtf,nma-ma,1,1,1173
P01,nma-ma.06.rtf,nma-ma,1,1,1107
P05,nma-ma.06.rtf,nma-ma,1,1,948
P10,nma-ma.06.rtf,nma-ma,1,1,932
P29,nma-ma.06.rtf,nma-ma,1,1,928
P34,nma-ma.06.rtf,nma-ma,1,1,812
P02,nma-ma.06.rtf,nma-ma,1,1,782
P09,nma-ma.06.rtf,nma-ma,1,1,766
P17,nma-ma.06.rtf,nma-ma,1,1,753
P36,nma-ma.06.rtf,nma-ma,1,1,616
P37,nma-ma.06.rtf,nma-ma,1,1,538
P14,nma-ma.06.rtf,nma-ma,1,1,381
P31,nma-ma.06.rtf,nma-ma,1,1,352
P07,nma-ma.06.rtf,nma-ma,1,1,283
P25,nma-ma.06.rtf,nma-ma,1,1,251
P04,nma-ma.06.rtf,nma-ma,1,1,161
P26,nma-ma.06.rtf,nma-ma,1,1,90
P32,nma-ma.07.rtf,nma-ma,1,1,3222
P01,nma-ma.07.rtf,nma-ma,1,1,2286
P25,nma-ma.07.rtf,nma-ma,1,1,2069
P12,nma-ma.07.rtf,nma-ma,1,1,1995
P33,nma-ma.07.rtf,nma-ma,1,1,1741
P27,nma-ma.07.rtf,nma-ma,1,1,1608
P24,nma-ma.07.rtf,nma-ma,1,1,1474
P37,nma-ma.07.rtf,nma-ma,1,1,1472
P35,nma-ma.07.rtf,nma-ma,1,1,1428
P14,nma-ma.07.rtf,nma-ma,1,1,1350
P09,nma-ma.07.rtf,nma-ma,1,1,1334
P23,nma-ma.07.rtf,nma-ma,1,1,1323
P22,nma-ma.07.rtf,nma-ma,1,1,1273
P15,nma-ma.07.rtf,nma-ma,1,1,1183
P07,nma-ma.07.rtf,nma-ma,1,1,1119
P08,nma-ma.07.rtf,nma-ma,1,1,1085
P29,nma-ma.07.rtf,nma-ma,1,1,1056
P28,nma-ma.07.rtf,nma-ma,1,1,992
P20,nma-ma.07.rtf,nma-ma,1,1,985
P30,nma-ma.07.rtf,nma-ma,1,1,827
P31,nma-ma.07.rtf,nma-ma,1,1,796
P36,nma-ma.07.rtf,nma-ma,1,1,733
P02,nma-ma.07.rtf,nma-ma,1,1,679
P13,nma-ma.07.rtf,nma-ma,1,1,669
P18,nma-ma.07.rtf,nma-ma,1,1,616
P05,nma-ma.07.rtf,nma-ma,1,1,596
P17,nma-ma.07.rtf,nma-ma,1,1,572
P10,nma-ma.07.rtf,nma-ma,1,1,542
P16,nma-ma.07.rtf,nma-ma,1,1,533
P19,nma-ma.07.rtf,nma-ma,1,1,498
P26,nma-ma.07.rtf,nma-ma,1,1,397
P21,nma-ma.07.rtf,nma-ma,1,1,396
P04,nma-ma.07.rtf,nma-ma,1,1,291
P03,nma-ma.07.rtf,nma-ma,1,1,283
P34,nma-ma.07.rtf,nma-ma,1,1,205
P06,nma-ma.07.rtf,nma-ma,1,1,171
P11,nma-ma.07.rtf,nma-ma,1,1,171
P15,nma-ma.08.rtf,nma-ma,1,1,3408
P14,nma-ma.08.rtf,nma-ma,1,1,3207
P27,nma-ma.08.rtf,nma-ma,1,1,2679
P28,nma-ma.08.rtf,nma-ma,1,1,2459
P06,nma-ma.08.rtf,nma-ma,1,1,2000
P05,nma-ma.08.rtf,nma-ma,1,1,1887
P33,nma-ma.08.rtf,nma-ma,1,1,1877
P31,nma-ma.08.rtf,nma-ma,1,1,1872
P04,nma-ma.08.rtf,nma-ma,1,1,1794
P21,nma-ma.08.rtf,nma-ma,1,1,1726
P01,nma-ma.08.rtf,nma-ma,1,1,1722
P12,nma-ma.08.rtf,nma-ma,1,1,1706
P20,nma-ma.08.rtf,nma-ma,1,1,1701
P37,nma-ma.08.rtf,nma-ma,1,1,1657
P25,nma-ma.08.rtf,nma-ma,1,1,1650
P17,nma-ma.08.rtf,nma-ma,1,1,1584
P07,nma-ma.08.rtf,nma-ma,1,1,1540
P08,nma-ma.08.rtf,nma-ma,1,1,1540
P24,nma-ma.08.rtf,nma-ma,1,1,1495
P32,nma-ma.08.rtf,nma-ma,1,1,1413
P30,nma-ma.08.rtf,nma-ma,1,1,1409
P10,nma-ma.08.rtf,nma-ma,1,1,1388
P22,nma-ma.08.rtf,nma-ma,1,1,1375
P26,nma-ma.08.rtf,nma-ma,1,1,1338
P11,nma-ma.08.rtf,nma-ma,1,1,1315
P13,nma-ma.08.rtf,nma-ma,1,1,1242
P19,nma-ma.08.rtf,nma-ma,1,1,1046
P29,nma-ma.08.rtf,nma-ma,1,1,968
P09,nma-ma.08.rtf,nma-ma,1,1,802
P36,nma-ma.08.rtf,nma-ma,1,1,753
P03,nma-ma.08.rtf,nma-ma,1,1,717
P18,nma-ma.08.rtf,nma-ma,1,1,704
P35,nma-ma.08.rtf,nma-ma,1,1,571
P16,nma-ma.08.rtf,nma-ma,1,1,557
P34,nma-ma.08.rtf,nma-ma,1,1,533
P02,nma-ma.08.rtf,nma-ma,1,1,420
P23,nma-ma.08.rtf,nma-ma,1,1,297
P22,nma-ma.09.rtf,nma-ma,1,1,3045
P10,nma-ma.09.rtf,nma-ma,1,1,2919
P06,nma-ma.09.rtf,nma-ma,1,1,2327
P14,nma-ma.09.rtf,nma-ma,1,1,2117
P27,nma-ma.09.rtf,nma-ma,1,1,2019
P19,nma-ma.09.rtf,nma-ma,1,1,1765
P18,nma-ma.09.rtf,nma-ma,1,1,1721
P15,nma-ma.09.rtf,nma-ma,1,1,1691
P29,nma-ma.09.rtf,nma-ma,1,1,1681
P36,nma-ma.09.rtf,nma-ma,1,1,1613
P16,nma-ma.09.rtf,nma-ma,1,1,1609
P37,nma-ma.09.rtf,nma-ma,1,1,1584
P26,nma-ma.09.rtf,nma-ma,1,1,1555
P11,nma-ma.09.rtf,nma-ma,1,1,1549
P12,nma-ma.09.rtf,nma-ma,1,1,1409
P21,nma-ma.09.rtf,nma-ma,1,1,1344
P25,nma-ma.09.rtf,nma-ma,1,1,1328
P13,nma-ma.09.rtf,nma-ma,1,1,1188
P07,nma-ma.09.rtf,nma-ma,1,1,1086
P02,nma-ma.09.rtf,nma-ma,1,1,997
P32,nma-ma.09.rtf,nma-ma,1,1,968
P33,nma-ma.09.rtf,nma-ma,1,1,908
P09,nma-ma.09.rtf,nma-ma,1,1,889
P23,nma-ma.09.rtf,nma-ma,1,1,881
P08,nma-ma.09.rtf,nma-ma,1,1,855
P04,nma-ma.09.rtf,nma-ma,1,1,846
P35,nma-ma.09.rtf,nma-ma,1,1,844
P34,nma-ma.09.rtf,nma-ma,1,1,812
P20,nma-ma.09.rtf,nma-ma,1,1,787
P30,nma-ma.09.rtf,nma-ma,1,1,606
P03,nma-ma.09.rtf,nma-ma,1,1,582
P05,nma-ma.09.rtf,nma-ma,1,1,567
P28,nma-ma.09.rtf,nma-ma,1,1,332
P24,nma-ma.09.rtf,nma-ma,1,1,322
P17,nma-ma.09.rtf,nma-ma,1,1,127
P31,nma-ma.09.rtf,nma-ma,1,1,68
P32,nma-ma.10.rtf,nma-ma,1,1,3276
P22,nma-ma.10.rtf,nma-ma,1,1,2924
P06,nma-ma.10.rtf,nma-ma,1,1,2513
P15,nma-ma.10.rtf,nma-ma,1,1,1990
P11,nma-ma.10.rtf,nma-ma,1,1,1956
P27,nma-ma.10.rtf,nma-ma,1,1,1946
P20,nma-ma.10.rtf,nma-ma,1,1,1775
P28,nma-ma.10.rtf,nma-ma,1,1,1647
P24,nma-ma.10.rtf,nma-ma,1,1,1585
P26,nma-ma.10.rtf,nma-ma,1,1,1524
P37,nma-ma.10.rtf,nma-ma,1,1,1520
P31,nma-ma.10.rtf,nma-ma,1,1,1496
P23,nma-ma.10.rtf,nma-ma,1,1,1419
P04,nma-ma.10.rtf,nma-ma,1,1,1413
P35,nma-ma.10.rtf,nma-ma,1,1,1354
P19,nma-ma.10.rtf,nma-ma,1,1,1340
P08,nma-ma.10.rtf,nma-ma,1,1,1246
P29,nma-ma.10.rtf,nma-ma,1,1,1173
P17,nma-ma.10.rtf,nma-ma,1,1,1144
P16,nma-ma.10.rtf,nma-ma,1,1,1139
P21,nma-ma.10.rtf,nma-ma,1,1,1124
P36,nma-ma.10.rtf,nma-ma,1,1,1076
P13,nma-ma.10.rtf,nma-ma,1,1,1071
P12,nma-ma.10.rtf,nma-ma,1,1,1067
P33,nma-ma.10.rtf,nma-ma,1,1,1051
P07,nma-ma.10.rtf,nma-ma,1,1,919
P01,nma-ma.10.rtf,nma-ma,1,1,910
P30,nma-ma.10.rtf,nma-ma,1,1,890
P18,nma-ma.10.rtf,nma-ma,1,1,870
P09,nma-ma.10.rtf,nma-ma,1,1,865
P05,nma-ma.10.rtf,nma-ma,1,1,856
P10,nma-ma.10.rtf,nma-ma,1,1,831
P34,nma-ma.10.rtf,nma-ma,1,1,811
P02,nma-ma.10.rtf,nma-ma,1,1,762
P03,nma-ma.10.rtf,nma-ma,1,1,308
P25,nma-ma.10.rtf,nma-ma,1,1,231
P14,nma-ma.10.rtf,nma-ma,1,1,146
P25,nma-ma.11.rtf,nma-ma,1,1,3196
P06,nma-ma.11.rtf,nma-ma,1,1,2855
P14,nma-ma.11.rtf,nma-ma,1,1,1980
P01,nma-ma.11.rtf,nma-ma,1,1,1882
P11,nma-ma.11.rtf,nma-ma,1,1,1809
P24,nma-ma.11.rtf,nma-ma,1,1,1751
P32,nma-ma.11.rtf,nma-ma,1,1,1623
P15,nma-ma.11.rtf,nma-ma,1,1,1413
P33,nma-ma.11.rtf,nma-ma,1,1,1388
P08,nma-ma.11.rtf,nma-ma,1,1,1379
P20,nma-ma.11.rtf,nma-ma,1,1,1354
P29,nma-ma.11.rtf,nma-ma,1,1,1344
P22,nma-ma.11.rtf,nma-ma,1,1,1339
P19,nma-ma.11.rtf,nma-ma,1,1,1333
P28,nma-ma.11.rtf,nma-ma,1,1,1319
P37,nma-ma.11.rtf,nma-ma,1,1,1261
P18,nma-ma.11.rtf,nma-ma,1,1,1253
P12,nma-ma.11.rtf,nma-ma,1,1,1228
P27,nma-ma.11.rtf,nma-ma,1,1,1149
P07,nma-ma.11.rtf,nma-ma,1,1,1139
P30,nma-ma.11.rtf,nma-ma,1,1,1134
P04,nma-ma.11.rtf,nma-ma,1,1,1114
P31,nma-ma.11.rtf,nma-ma,1,1,1061
P16,nma-ma.11.rtf,nma-ma,1,1,1022
P17,nma-ma.11.rtf,nma-ma,1,1,1006
P23,nma-ma.11.rtf,nma-ma,1,1,1006
P21,nma-ma.11.rtf,nma-ma,1,1,983
P02,nma-ma.11.rtf,nma-ma,1,1,851
P26,nma-ma.11.rtf,nma-ma,1,1,805
P36,nma-ma.11.rtf,nma-ma,1,1,792
P35,nma-ma.11.rtf,nma-ma,1,1,767
P10,nma-ma.11.rtf,nma-ma,1,1,733
P34,nma-ma.11.rtf,nma-ma,1,1,674
P05,nma-ma.11.rtf,nma-ma,1,1,561
P03,nma-ma.11.rtf,nma-ma,1,1,489
P13,nma-ma.11.rtf,nma-ma,1,1,400
P09,nma-ma.11.rtf,nma-ma,1,1,234
P25,nma-ma.12.rtf,nma-ma,1,1,2491
P22,nma-ma.12.rtf,nma-ma,1,1,2220
P01,nma-ma.12.rtf,nma-ma,1,1,2144
P21,nma-ma.12.rtf,nma-ma,1,1,1770
P04,nma-ma.12.rtf,nma-ma,1,1,1731
P20,nma-ma.12.rtf,nma-ma,1,1,1687
P32,nma-ma.12.rtf,nma-ma,1,1,1569
P05,nma-ma.12.rtf,nma-ma,1,1,1452
P16,nma-ma.12.rtf,nma-ma,1,1,1398
P29,nma-ma.12.rtf,nma-ma,1,1,1393
P34,nma-ma.12.rtf,nma-ma,1,1,1383
P31,nma-ma.12.rtf,nma-ma,1,1,1334
P18,nma-ma.12.rtf,nma-ma,1,1,1232
P11,nma-ma.12.rtf,nma-ma,1,1,1198
P02,nma-ma.12.rtf,nma-ma,1,1,1178
P30,nma-ma.12.rtf,nma-ma,1,1,1158
P10,nma-ma.12.rtf,nma-ma,1,1,1143
P37,nma-ma.12.rtf,nma-ma,1,1,1066
P26,nma-ma.12.rtf,nma-ma,1,1,1057
P33,nma-ma.12.rtf,nma-ma,1,1,934
P13,nma-ma.12.rtf,nma-ma,1,1,904
P36,nma-ma.12.rtf,nma-ma,1,1,899
P28,nma-ma.12.rtf,nma-ma,1,1,782
P14,nma-ma.12.rtf,nma-ma,1,1,655
P09,nma-ma.12.rtf,nma-ma,1,1,635
P17,nma-ma.12.rtf,nma-ma,1,1,616
P12,nma-ma.12.rtf,nma-ma,1,1,567
P35,nma-ma.12.rtf,nma-ma,1,1,557
P24,nma-ma.12.rtf,nma-ma,1,1,533
P19,nma-ma.12.rtf,nma-ma,1,1,474
P07,nma-ma.12.rtf,nma-ma,1,1,445
P08,nma-ma.12.rtf,nma-ma,1,1,381
P27,nma-ma.12.rtf,nma-ma,1,1,210
P03,nma-ma.12.rtf,nma-ma,1,1,195
P15,nma-ma.12.rtf,nma-ma,1,1,151
P23,nma-ma.12.rtf,nma-ma,1,1,120
P01,nma-nma.01.rtf,nma-nma,2,2,2587
P14,nma-nma.01.rtf,nma-nma,2,2,1452
P11,nma-nma.01.rtf,nma-nma,2,2,1364
P12,nma-nma.01.rtf,nma-nma,2,2,1247
P25,nma-nma.01.rtf,nma-nma,2,2,1141
P31,nma-nma.01.rtf,nma-nma,2,2,1061
P04,nma-nma.01.rtf,nma-nma,2,2,1037
P24,nma-nma.01.rtf,nma-nma,2,2,1032
P06,nma-nma.01.rtf,nma-nma,2,2,1017
P18,nma-nma.01.rtf,nma-nma,2,2,978
P02,nma-nma.01.rtf,nma-nma,2,2,948
P15,nma-nma.01.rtf,nma-nma,2,2,929
P37,nma-nma.01.rtf,nma-nma,2,2,904
P22,nma-nma.01.rtf,nma-nma,2,2,886
P27,nma-nma.01.rtf,nma-nma,2,2,885
P23,nma-nma.01.rtf,nma-nma,2,2,829
P08,nma-nma.01.rtf,nma-nma,2,2,821
P35,nma-nma.01.rtf,nma-nma,2,2,801
P13,nma-nma.01.rtf,nma-nma,2,2,762
P26,nma-nma.01.rtf,nma-nma,2,2,734
P16,nma-nma.01.rtf,nma-nma,2,2,703
P33,nma-nma.01.rtf,nma-nma,2,2,684
P21,nma-nma.01.rtf,nma-nma,2,2,679
P20,nma-nma.01.rtf,nma-nma,2,2,650
P34,nma-nma.01.rtf,nma-nma,2,2,626
P36,nma-nma.01.rtf,nma-nma,2,2,606
P05,nma-nma.01.rtf,nma-nma,2,2,600
P30,nma-nma.01.rtf,nma-nma,2,2,523
P19,nma-nma.01.rtf,nma-nma,2,2,514
P28,nma-nma.01.rtf,nma-nma,2,2,513
P07,nma-nma.01.rtf,nma-nma,2,2,488
P10,nma-nma.01.rtf,nma-nma,2,2,464
P17,nma-nma.01.rtf,nma-nma,2,2,445
P29,nma-nma.01.rtf,nma-nma,2,2,444
P03,nma-nma.01.rtf,nma-nma,2,2,127
P32,nma-nma.01.rtf,nma-nma,2,2,127
P32,nma-nma.02.rtf,nma-nma,2,2,1859
P19,nma-nma.02.rtf,nma-nma,2,2,1809
P27,nma-nma.02.rtf,nma-nma,2,2,1790
P24,nma-nma.02.rtf,nma-nma,2,2,1671
P02,nma-nma.02.rtf,nma-nma,2,2,1574
P06,nma-nma.02.rtf,nma-nma,2,2,1491
P17,nma-nma.02.rtf,nma-nma,2,2,1321
P25,nma-nma.02.rtf,nma-nma,2,2,1289
P12,nma-nma.02.rtf,nma-nma,2,2,1178
P28,nma-nma.02.rtf,nma-nma,2,2,1154
P35,nma-nma.02.rtf,nma-nma,2,2,1056
P20,nma-nma.02.rtf,nma-nma,2,2,1007
P31,nma-nma.02.rtf,nma-nma,2,2,904
P13,nma-nma.02.rtf,nma-nma,2,2,870
P22,nma-nma.02.rtf,nma-nma,2,2,728
P15,nma-nma.02.rtf,nma-nma,2,2,704
P29,nma-nma.02.rtf,nma-nma,2,2,694
P09,nma-nma.02.rtf,nma-nma,2,2,651
P16,nma-nma.02.rtf,nma-nma,2,2,640
P10,nma-nma.02.rtf,nma-nma,2,2,591
P30,nma-nma.02.rtf,nma-nma,2,2,581
P04,nma-nma.02.rtf,nma-nma,2,2,567
P21,nma-nma.02.rtf,nma-nma,2,2,547
P33,nma-nma.02.rtf,nma-nma,2,2,533
P34,nma-nma.02.rtf,nma-nma,2,2,445
P18,nma-nma.02.rtf,nma-nma,2,2,415
P07,nma-nma.02.rtf,nma-nma,2,2,352
P05,nma-nma.02.rtf,nma-nma,2,2,337
P01,nma-nma.02.rtf,nma-nma,2,2,317
P36,nma-nma.02.rtf,nma-nma,2,2,298
P23,nma-nma.02.rtf,nma-nma,2,2,286
P37,nma-nma.02.rtf,nma-nma,2,2,278
P14,nma-nma.02.rtf,nma-nma,2,2,234
P08,nma-nma.02.rtf,nma-nma,2,2,180
P26,nma-nma.02.rtf,nma-nma,2,2,110
P03,nma-nma.02.rtf,nma-nma,2,2,63
P06,nma-nma.03.rtf,nma-nma,2,2,2528
P25,nma-nma.03.rtf,nma-nma,2,2,2314
P02,nma-nma.03.rtf,nma-nma,2,2,1804
P22,nma-nma.03.rtf,nma-nma,2,2,1671
P23,nma-nma.03.rtf,nma-nma,2,2,1641
P19,nma-nma.03.rtf,nma-nma,2,2,1608
P11,nma-nma.03.rtf,nma-nma,2,2,1585
P37,nma-nma.03.rtf,nma-nma,2,2,1564
P20,nma-nma.03.rtf,nma-nma,2,2,1551
P27,nma-nma.03.rtf,nma-nma,2,2,1550
P24,nma-nma.03.rtf,nma-nma,2,2,1449
P16,nma-nma.03.rtf,nma-nma,2,2,1418
P04,nma-nma.03.rtf,nma-nma,2,2,1315
P32,nma-nma.03.rtf,nma-nma,2,2,1310
P28,nma-nma.03.rtf,nma-nma,2,2,1290
P12,nma-nma.03.rtf,nma-nma,2,2,1252
P33,nma-nma.03.rtf,nma-nma,2,2,1217
P18,nma-nma.03.rtf,nma-nma,2,2,1164
P14,nma-nma.03.rtf,nma-nma,2,2,1134
P08,nma-nma.03.rtf,nma-nma,2,2,1075
P15,nma-nma.03.rtf,nma-nma,2,2,1031
P30,nma-nma.03.rtf,nma-nma,2,2,1002
P29,nma-nma.03.rtf,nma-nma,2,2,982
P35,nma-nma.03.rtf,nma-nma,2,2,968
P10,nma-nma.03.rtf,nma-nma,2,2,909
P07,nma-nma.03.rtf,nma-nma,2,2,850
P21,nma-nma.03.rtf,nma-nma,2,2,807
P36,nma-nma.03.rtf,nma-nma,2,2,802
P13,nma-nma.03.rtf,nma-nma,2,2,743
P31,nma-nma.03.rtf,nma-nma,2,2,709
P17,nma-nma.03.rtf,nma-nma,2,2,586
P34,nma-nma.03.rtf,nma-nma,2,2,557
P09,nma-nma.03.rtf,nma-nma,2,2,484
P05,nma-nma.03.rtf,nma-nma,2,2,425
P03,nma-nma.03.rtf,nma-nma,2,2,278
P26,nma-nma.03.rtf,nma-nma,2,2,130
P01,nma-nma.03.rtf,nma-nma,2,2,95
P08,nma-nma.04.rtf,nma-nma,2,2,2176
P02,nma-nma.04.rtf,nma-nma,2,2,1814
P01,nma-nma.04.rtf,nma-nma,2,2,1751
P24,nma-nma.04.rtf,nma-nma,2,2,1650
P37,nma-nma.04.rtf,nma-nma,2,2,1515
P04,nma-nma.04.rtf,nma-nma,2,2,1442
P26,nma-nma.04.rtf,nma-nma,2,2,1439
P35,nma-nma.04.rtf,nma-nma,2,2,1393
P27,nma-nma.04.rtf,nma-nma,2,2,1384
P33,nma-nma.04.rtf,nma-nma,2,2,1329
P25,nma-nma.04.rtf,nma-nma,2,2,1318
P23,nma-nma.04.rtf,nma-nma,2,2,1278
P15,nma-nma.04.rtf,nma-nma,2,2,1266
P32,nma-nma.04.rtf,nma-nma,2,2,1237
P07,nma-nma.04.rtf,nma-nma,2,2,1178
P16,nma-nma.04.rtf,nma-nma,2,2,1154
P28,nma-nma.04.rtf,nma-nma,2,2,1115
P05,nma-nma.04.rtf,nma-nma,2,2,1071
P09,nma-nma.04.rtf,nma-nma,2,2,1065
P22,nma-nma.04.rtf,nma-nma,2,2,1052
P12,nma-nma.04.rtf,nma-nma,2,2,1031
P14,nma-nma.04.rtf,nma-nma,2,2,958
P13,nma-nma.04.rtf,nma-nma,2,2,899
P17,nma-nma.04.rtf,nma-nma,2,2,817
P11,nma-nma.04.rtf,nma-nma,2,2,816
P34,nma-nma.04.rtf,nma-nma,2,2,723
P06,nma-nma.04.rtf,nma-nma,2,2,694
P18,nma-nma.04.rtf,nma-nma,2,2,651
P19,nma-nma.04.rtf,nma-nma,2,2,621
P10,nma-nma.04.rtf,nma-nma,2,2,518
P30,nma-nma.04.rtf,nma-nma,2,2,503
P31,nma-nma.04.rtf,nma-nma,2,2,391
P36,nma-nma.04.rtf,nma-nma,2,2,351
P20,nma-nma.04.rtf,nma-nma,2,2,283
P29,nma-nma.04.rtf,nma-nma,2,2,200
P01,nma-nma.05.rtf,nma-nma,2,2,2270
P28,nma-nma.05.rtf,nma-nma,2,2,2015
P24,nma-nma.05.rtf,nma-nma,2,2,1918
P25,nma-nma.05.rtf,nma-nma,2,2,1535
P11,nma-nma.05.rtf,nma-nma,2,2,1374
P33,nma-nma.05.rtf,nma-nma,2,2,1374
P29,nma-nma.05.rtf,nma-nma,2,2,1290
P37,nma-nma.05.rtf,nma-nma,2,2,1261
P07,nma-nma.05.rtf,nma-nma,2,2,1159
P08,nma-nma.05.rtf,nma-nma,2,2,1154
P27,nma-nma.05.rtf,nma-nma,2,2,1056
P26,nma-nma.05.rtf,nma-nma,2,2,1042
P22,nma-nma.05.rtf,nma-nma,2,2,1030
P12,nma-nma.05.rtf,nma-nma,2,2,1017
P04,nma-nma.05.rtf,nma-nma,2,2,977
P21,nma-nma.05.rtf,nma-nma,2,2,933
P36,nma-nma.05.rtf,nma-nma,2,2,899
P16,nma-nma.05.rtf,nma-nma,2,2,880
P09,nma-nma.05.rtf,nma-nma,2,2,855
P18,nma-nma.05.rtf,nma-nma,2,2,855
P20,nma-nma.05.rtf,nma-nma,2,2,811
P35,nma-nma.05.rtf,nma-nma,2,2,718
P05,nma-nma.05.rtf,nma-nma,2,2,709
P10,nma-nma.05.rtf,nma-nma,2,2,582
P34,nma-nma.05.rtf,nma-nma,2,2,557
P30,nma-nma.05.rtf,nma-nma,2,2,459
P13,nma-nma.05.rtf,nma-nma,2,2,411
P31,nma-nma.05.rtf,nma-nma,2,2,312
P15,nma-nma.05.rtf,nma-nma,2,2,298
P23,nma-nma.05.rtf,nma-nma,2,2,286
P17,nma-nma.05.rtf,nma-nma,2,2,244
P14,nma-nma.05.rtf,nma-nma,2,2,239
P02,nma-nma.05.rtf,nma-nma,2,2,220
P19,nma-nma.05.rtf,nma-nma,2,2,205
P32,nma-nma.06.rtf,nma-nma,2,2,2650
P14,nma-nma.06.rtf,nma-nma,2,2,2381
P01,nma-nma.06.rtf,nma-nma,2,2,2215
P19,nma-nma.06.rtf,nma-nma,2,2,1927
P06,nma-nma.06.rtf,nma-nma,2,2,1872
P27,nma-nma.06.rtf,nma-nma,2,2,1872
P28,nma-nma.06.rtf,nma-nma,2,2,1804
P30,nma-nma.06.rtf,nma-nma,2,2,1643
P08,nma-nma.06.rtf,nma-nma,2,2,1608
P35,nma-nma.06.rtf,nma-nma,2,2,1599
P20,nma-nma.06.rtf,nma-nma,2,2,1560
P15,nma-nma.06.rtf,nma-nma,2,2,1359
P37,nma-nma.06.rtf,nma-nma,2,2,1330
P23,nma-nma.06.rtf,nma-nma,2,2,1318
P31,nma-nma.06.rtf,nma-nma,2,2,1315
P13,nma-nma.06.rtf,nma-nma,2,2,1300
P25,nma-nma.06.rtf,nma-nma,2,2,1278
P04,nma-nma.06.rtf,nma-nma,2,2,1266
P33,nma-nma.06.rtf,nma-nma,2,2,1135
P24,nma-nma.06.rtf,nma-nma,2,2,1127
P09,nma-nma.06.rtf,nma-nma,2,2,1102
P18,nma-nma.06.rtf,nma-nma,2,2,1090
P21,nma-nma.06.rtf,nma-nma,2,2,1056
P02,nma-nma.06.rtf,nma-nma,2,2,1051
P12,nma-nma.06.rtf,nma-nma,2,2,1046
P17,nma-nma.06.rtf,nma-nma,2,2,1031
P16,nma-nma.06.rtf,nma-nma,2,2,999
P29,nma-nma.06.rtf,nma-nma,2,2,881
P26,nma-nma.06.rtf,nma-nma,2,2,875
P10,nma-nma.06.rtf,nma-nma,2,2,734
P11,nma-nma.06.rtf,nma-nma,2,2,606
P05,nma-nma.06.rtf,nma-nma,2,2,586
P07,nma-nma.06.rtf,nma-nma,2,2,528
P34,nma-nma.06.rtf,nma-nma,2,2,420
P03,nma-nma.06.rtf,nma-nma,2,2,401
P36,nma-nma.06.rtf,nma-nma,2,2,352
P22,nma-nma.06.rtf,nma-nma,2,2,241
P32,nma-nma.07.rtf,nma-nma,2,2,2312
P27,nma-nma.07.rtf,nma-nma,2,2,2166
P01,nma-nma.07.rtf,nma-nma,2,2,1595
P06,nma-nma.07.rtf,nma-nma,2,2,1497
P14,nma-nma.07.rtf,nma-nma,2,2,1418
P24,nma-nma.07.rtf,nma-nma,2,2,1353
P16,nma-nma.07.rtf,nma-nma,2,2,1349
P35,nma-nma.07.rtf,nma-nma,2,2,1295
P08,nma-nma.07.rtf,nma-nma,2,2,1251
P09,nma-nma.07.rtf,nma-nma,2,2,1251
P29,nma-nma.07.rtf,nma-nma,2,2,1218
P10,nma-nma.07.rtf,nma-nma,2,2,1120
P18,nma-nma.07.rtf,nma-nma,2,2,1114
P12,nma-nma.07.rtf,nma-nma,2,2,1071
P20,nma-nma.07.rtf,nma-nma,2,2,1066
P02,nma-nma.07.rtf,nma-nma,2,2,1046
P34,nma-nma.07.rtf,nma-nma,2,2,1021
P23,nma-nma.07.rtf,nma-nma,2,2,996
P22,nma-nma.07.rtf,nma-nma,2,2,971
P33,nma-nma.07.rtf,nma-nma,2,2,816
P31,nma-nma.07.rtf,nma-nma,2,2,777
P07,nma-nma.07.rtf,nma-nma,2,2,776
P15,nma-nma.07.rtf,nma-nma,2,2,684
P04,nma-nma.07.rtf,nma-nma,2,2,645
P28,nma-nma.07.rtf,nma-nma,2,2,635
P36,nma-nma.07.rtf,nma-nma,2,2,606
P26,nma-nma.07.rtf,nma-nma,2,2,578
P17,nma-nma.07.rtf,nma-nma,2,2,567
P13,nma-nma.07.rtf,nma-nma,2,2,542
P19,nma-nma.07.rtf,nma-nma,2,2,493
P11,nma-nma.07.rtf,nma-nma,2,2,464
P21,nma-nma.07.rtf,nma-nma,2,2,253
P03,nma-nma.07.rtf,nma-nma,2,2,215
P05,nma-nma.07.rtf,nma-nma,2,2,205
P37,nma-nma.07.rtf,nma-nma,2,2,181
P25,nma-nma.07.rtf,nma-nma,2,2,146
P30,nma-nma.07.rtf,nma-nma,2,2,107
P32,nma-nma.08.rtf,nma-nma,2,2,2480
P24,nma-nma.08.rtf,nma-nma,2,2,2356
P26,nma-nma.08.rtf,nma-nma,2,2,2275
P31,nma-nma.08.rtf,nma-nma,2,2,1811
P25,nma-nma.08.rtf,nma-nma,2,2,1777
P10,nma-nma.08.rtf,nma-nma,2,2,1760
P18,nma-nma.08.rtf,nma-nma,2,2,1701
P07,nma-nma.08.rtf,nma-nma,2,2,1559
P20,nma-nma.08.rtf,nma-nma,2,2,1481
P16,nma-nma.08.rtf,nma-nma,2,2,1418
P30,nma-nma.08.rtf,nma-nma,2,2,1398
P36,nma-nma.08.rtf,nma-nma,2,2,1398
P14,nma-nma.08.rtf,nma-nma,2,2,1339
P34,nma-nma.08.rtf,nma-nma,2,2,1315
P19,nma-nma.08.rtf,nma-nma,2,2,1281
P11,nma-nma.08.rtf,nma-nma,2,2,1168
P33,nma-nma.08.rtf,nma-nma,2,2,1163
P04,nma-nma.08.rtf,nma-nma,2,2,1129
P22,nma-nma.08.rtf,nma-nma,2,2,1072
P17,nma-nma.08.rtf,nma-nma,2,2,1061
P21,nma-nma.08.rtf,nma-nma,2,2,1056
P27,nma-nma.08.rtf,nma-nma,2,2,1032
P01,nma-nma.08.rtf,nma-nma,2,2,941
P09,nma-nma.08.rtf,nma-nma,2,2,938
P15,nma-nma.08.rtf,nma-nma,2,2,860
P28,nma-nma.08.rtf,nma-nma,2,2,826
P06,nma-nma.08.rtf,nma-nma,2,2,738
P08,nma-nma.08.rtf,nma-nma,2,2,733
P05,nma-nma.08.rtf,nma-nma,2,2,699
P23,nma-nma.08.rtf,nma-nma,2,2,639
P35,nma-nma.08.rtf,nma-nma,2,2,616
P29,nma-nma.08.rtf,nma-nma,2,2,562
P13,nma-nma.08.rtf,nma-nma,2,2,493
P03,nma-nma.08.rtf,nma-nma,2,2,185
P37,nma-nma.08.rtf,nma-nma,2,2,176
P02,nma-nma.08.rtf,nma-nma,2,2,137
P24,nma-nma.09.rtf,nma-nma,2,2,3302
P01,nma-nma.09.rtf,nma-nma,2,2,3202
P23,nma-nma.09.rtf,nma-nma,2,2,2295
P25,nma-nma.09.rtf,nma-nma,2,2,1691
P07,nma-nma.09.rtf,nma-nma,2,2,1663
P06,nma-nma.09.rtf,nma-nma,2,2,1603
P21,nma-nma.09.rtf,nma-nma,2,2,1570
P28,nma-nma.09.rtf,nma-nma,2,2,1559
P09,nma-nma.09.rtf,nma-nma,2,2,1360
P20,nma-nma.09.rtf,nma-nma,2,2,1188
P12,nma-nma.09.rtf,nma-nma,2,2,1183
P27,nma-nma.09.rtf,nma-nma,2,2,1183
P02,nma-nma.09.rtf,nma-nma,2,2,1158
P32,nma-nma.09.rtf,nma-nma,2,2,1129
P22,nma-nma.09.rtf,nma-nma,2,2,1066
P33,nma-nma.09.rtf,nma-nma,2,2,1065
P16,nma-nma.09.rtf,nma-nma,2,2,1012
P30,nma-nma.09.rtf,nma-nma,2,2,968
P31,nma-nma.09.rtf,nma-nma,2,2,964
P04,nma-nma.09.rtf,nma-nma,2,2,958
P11,nma-nma.09.rtf,nma-nma,2,2,953
P29,nma-nma.09.rtf,nma-nma,2,2,895
P08,nma-nma.09.rtf,nma-nma,2,2,811
P10,nma-nma.09.rtf,nma-nma,2,2,787
P34,nma-nma.09.rtf,nma-nma,2,2,787
P19,nma-nma.09.rtf,nma-nma,2,2,742
P15,nma-nma.09.rtf,nma-nma,2,2,728
P05,nma-nma.09.rtf,nma-nma,2,2,660
P26,nma-nma.09.rtf,nma-nma,2,2,659
P35,nma-nma.09.rtf,nma-nma,2,2,547
P18,nma-nma.09.rtf,nma-nma,2,2,474
P13,nma-nma.09.rtf,nma-nma,2,2,430
P36,nma-nma.09.rtf,nma-nma,2,2,313
P37,nma-nma.09.rtf,nma-nma,2,2,288
P17,nma-nma.09.rtf,nma-nma,2,2,265
P03,nma-nma.09.rtf,nma-nma,2,2,181
P08,nma-nma.10.rtf,nma-nma,2,2,2308
P14,nma-nma.10.rtf,nma-nma,2,2,2117
P27,nma-nma.10.rtf,nma-nma,2,2,1696
P32,nma-nma.10.rtf,nma-nma,2,2,1619
P11,nma-nma.10.rtf,nma-nma,2,2,1471
P30,nma-nma.10.rtf,nma-nma,2,2,1378
P06,nma-nma.10.rtf,nma-nma,2,2,1368
P12,nma-nma.10.rtf,nma-nma,2,2,1330
P18,nma-nma.10.rtf,nma-nma,2,2,1285
P10,nma-nma.10.rtf,nma-nma,2,2,1271
P19,nma-nma.10.rtf,nma-nma,2,2,1242
P15,nma-nma.10.rtf,nma-nma,2,2,1227
P20,nma-nma.10.rtf,nma-nma,2,2,1114
P31,nma-nma.10.rtf,nma-nma,2,2,1090
P28,nma-nma.10.rtf,nma-nma,2,2,1046
P29,nma-nma.10.rtf,nma-nma,2,2,1046
P13,nma-nma.10.rtf,nma-nma,2,2,1041
P04,nma-nma.10.rtf,nma-nma,2,2,1021
P26,nma-nma.10.rtf,nma-nma,2,2,1006
P03,nma-nma.10.rtf,nma-nma,2,2,987
P35,nma-nma.10.rtf,nma-nma,2,2,982
P21,nma-nma.10.rtf,nma-nma,2,2,953
P01,nma-nma.10.rtf,nma-nma,2,2,941
P22,nma-nma.10.rtf,nma-nma,2,2,880
P25,nma-nma.10.rtf,nma-nma,2,2,800
P07,nma-nma.10.rtf,nma-nma,2,2,777
P05,nma-nma.10.rtf,nma-nma,2,2,723
P36,nma-nma.10.rtf,nma-nma,2,2,586
P33,nma-nma.10.rtf,nma-nma,2,2,581
P34,nma-nma.10.rtf,nma-nma,2,2,469
P02,nma-nma.10.rtf,nma-nma,2,2,460
P09,nma-nma.10.rtf,nma-nma,2,2,332
P37,nma-nma.10.rtf,nma-nma,2,2,327
P24,nma-nma.10.rtf,nma-nma,2,2,307
P16,nma-nma.10.rtf,nma-nma,2,2,195
P17,nma-nma.10.rtf,nma-nma,2,2,195
P32,nma-nma.11.rtf,nma-nma,2,2,3003
P01,nma-nma.11.rtf,nma-nma,2,2,3000
P06,nma-nma.11.rtf,nma-nma,2,2,2973
P25,nma-nma.11.rtf,nma-nma,2,2,1994
P22,nma-nma.11.rtf,nma-nma,2,2,1776
P24,nma-nma.11.rtf,nma-nma,2,2,1712
P11,nma-nma.11.rtf,nma-nma,2,2,1682
P07,nma-nma.11.rtf,nma-nma,2,2,1560
P36,nma-nma.11.rtf,nma-nma,2,2,1545
P18,nma-nma.11.rtf,nma-nma,2,2,1544
P37,nma-nma.11.rtf,nma-nma,2,2,1481
P34,nma-nma.11.rtf,nma-nma,2,2,1471
P20,nma-nma.11.rtf,nma-nma,2,2,1344
P04,nma-nma.11.rtf,nma-nma,2,2,1281
P08,nma-nma.11.rtf,nma-nma,2,2,1242
P23,nma-nma.11.rtf,nma-nma,2,2,1228
P15,nma-nma.11.rtf,nma-nma,2,2,1119
P12,nma-nma.11.rtf,nma-nma,2,2,1105
P26,nma-nma.11.rtf,nma-nma,2,2,1077
P16,nma-nma.11.rtf,nma-nma,2,2,1061
P27,nma-nma.11.rtf,nma-nma,2,2,1046
P21,nma-nma.11.rtf,nma-nma,2,2,1022
P14,nma-nma.11.rtf,nma-nma,2,2,904
P02,nma-nma.11.rtf,nma-nma,2,2,894
P13,nma-nma.11.rtf,nma-nma,2,2,782
P33,nma-nma.11.rtf,nma-nma,2,2,772
P28,nma-nma.11.rtf,nma-nma,2,2,707
P35,nma-nma.11.rtf,nma-nma,2,2,694
P05,nma-nma.11.rtf,nma-nma,2,2,685
P31,nma-nma.11.rtf,nma-nma,2,2,670
P29,nma-nma.11.rtf,nma-nma,2,2,553
P10,nma-nma.11.rtf,nma-nma,2,2,542
P09,nma-nma.11.rtf,nma-nma,2,2,499
P30,nma-nma.11.rtf,nma-nma,2,2,440
P17,nma-nma.11.rtf,nma-nma,2,2,420
P19,nma-nma.11.rtf,nma-nma,2,2,97
P03,nma-nma.11.rtf,nma-nma,2,2,58
P14,nma-nma.12.rtf,nma-nma,2,2,2020
P07,nma-nma.12.rtf,nma-nma,2,2,1921
P32,nma-nma.12.rtf,nma-nma,2,2,1765
P15,nma-nma.12.rtf,nma-nma,2,2,1681
P37,nma-nma.12.rtf,nma-nma,2,2,1677
P20,nma-nma.12.rtf,nma-nma,2,2,1652
P11,nma-nma.12.rtf,nma-nma,2,2,1633
P31,nma-nma.12.rtf,nma-nma,2,2,1623
P33,nma-nma.12.rtf,nma-nma,2,2,1442
P18,nma-nma.12.rtf,nma-nma,2,2,1428
P35,nma-nma.12.rtf,nma-nma,2,2,1330
P22,nma-nma.12.rtf,nma-nma,2,2,1313
P26,nma-nma.12.rtf,nma-nma,2,2,1299
P12,nma-nma.12.rtf,nma-nma,2,2,1222
P28,nma-nma.12.rtf,nma-nma,2,2,1162
P21,nma-nma.12.rtf,nma-nma,2,2,1115
P24,nma-nma.12.rtf,nma-nma,2,2,1113
P09,nma-nma.12.rtf,nma-nma,2,2,983
P19,nma-nma.12.rtf,nma-nma,2,2,944
P13,nma-nma.12.rtf,nma-nma,2,2,929
P04,nma-nma.12.rtf,nma-nma,2,2,860
P05,nma-nma.12.rtf,nma-nma,2,2,850
P34,nma-nma.12.rtf,nma-nma,2,2,802
P16,nma-nma.12.rtf,nma-nma,2,2,782
P29,nma-nma.12.rtf,nma-nma,2,2,704
P06,nma-nma.12.rtf,nma-nma,2,2,542
P08,nma-nma.12.rtf,nma-nma,2,2,542
P01,nma-nma.12.rtf,nma-nma,2,2,488
P30,nma-nma.12.rtf,nma-nma,2,2,479
P10,nma-nma.12.rtf,nma-nma,2,2,459
P36,nma-nma.12.rtf,nma-nma,2,2,410
P23,nma-nma.12.rtf,nma-nma,2,2,206
P02,nma-nma.12.rtf,nma-nma,2,2,176
P27,nma-nma.12.rtf,nma-nma,2,2,141
P03,nma-nma.12.rtf,nma-nma,2,2,83
P17,nma-nma.12.rtf,nma-nma,2,2,63
